mention_type,mention_name,citation,place_id,place_name,lat,lon,feature_type
demonym,Peloponnesian,0.1,375222RPel,Peloponnese (Hellas) 1736 Peloponisos - Πελοπόννησος,37.54,22.15,region/people
ethnic,Peloponnesians,1.1,375222RPel,Peloponnese (Hellas) 1736 Peloponisos - Πελοπόννησος,37.54,22.15,region/people
ethnic,Athenians,1.1,380237PAth,Athens (Attica) 9448 Athina - Αθήναι,37.9718,23.72793,polity
demonym,Boeotian,1.10,384233RBoi,Boiotia region (Boeotia) 1673 Viotia - Βοιωτία,38.35,23.25,region/people
place,Mycenae,1.10,377228PMyk,Mycenae (Argolid) 289 Mykines - Μυκήναι,37.7308,22.7561,polity
place,Lacedaemon,1.10,371224PSpa,Sparta/Lacedaemon (Lakonia) 5559 Sparti - Σπάρτα,37.0821,22.4237,polity
place,Peloponnese,1.10,375222RPel,Peloponnese (Hellas) 1736 Peloponisos - Πελοπόννησος,37.54,22.15,region/people
place,Athens,1.10,380237PAth,Athens (Attica) 9448 Athina - Αθήναι,37.9718,23.72793,polity
ethnic,Athenians,1.100,380237PAth,Athens (Attica) 9448 Athina - Αθήναι,37.9718,23.72793,polity
ethnic,Medes,1.100,355480RMed,Media (Asia) 945 Hamedan - Μηδία,35.5,48.0,region/people
ethnic,Thasians,1.100,408247PTha,Thasos (Macedonia) 260 Thasos - Θάσος,40.7799,24.7138,polity
ethnic,Edonians,1.100,408238UEdo,Edones tribe (Serres) 56 lower R. Strymon basin - Ηδώνες,40.9,23.9,region/people
ethnic,Edonians,1.100,408238UEdo,Edones tribe (Serres) 56 lower R. Strymon basin - Ηδώνες,40.9,23.9,region/people
ethnic,Thracians,1.100,410265RThr,Thrace region (Evros) 1818 Thraki - Θραίκη,41.0,26.5,region/people
demonym,Phoenician,1.100,335354RPho,Phoenicia (Lebanon) 1083 Lebanon - Φοινική,33.5,35.4,region/people
place,Eurymedon,1.100,369312WEur,Eurymedon R. (Asia Minor) 42 Koprucay river - Ευρυμέδων,36.911,31.159,river
place,Pamphylia,1.100,370320RPam,Pamphylia region (Asia Minor) 280 Antalya - Παμφυλία,37.01,32.01,region/people
place,Ennea Hodoi,1.100,408238UEnn,Ennea Hodoi (Serres) 17 N Amphipolis - Εννέα οδοί,40.8403,23.8556,polity
place,Amphipolis,1.100,408238PAmp,Amphipolis (Serres) 247 Amphipolis - Αμφίπολις,40.822,23.847,polity
place,Ennea Hodoi,1.100,408238UEnn,Ennea Hodoi (Serres) 17 N Amphipolis - Εννέα οδοί,40.8403,23.8556,polity
place,Drabescus,1.100,409239UDra,Drabeskos (Serres) 9 Draveskos? - Δραβήσκος,40.9133,23.8636,polity
place,Ennea Hodoi,1.100,408238UEnn,Ennea Hodoi (Serres) 17 N Amphipolis - Εννέα οδοί,40.8403,23.8556,polity
ethnic,Thasians,1.101,408247PTha,Thasos (Macedonia) 260 Thasos - Θάσος,40.7799,24.7138,polity
ethnic,Thuriats,1.101,371220PTho,Thouria (Messenia) 34 Antheia/Ellinika - Θουρία,37.1101,22.0504,polity
ethnic,Aethaeans,1.101,370220UAnt,Antheia? (Messenia) 22 Antheia? - Άνθεια,37.112,22.041,polity
ethnic,Messenians,1.101,372218RMes,Messenia region (Messenia) 700 Messinia - Μεσσηνία,37.2,21.8,region/people
ethnic,Lacedaemonians,1.101,371224PSpa,Sparta/Lacedaemon (Lakonia) 5559 Sparti - Σπάρτα,37.0821,22.4237,polity
ethnic,Athenians,1.101,380237PAth,Athens (Attica) 9448 Athina - Αθήναι,37.9718,23.72793,polity
place,Attica,1.101,379239RAtt,Attica region (Hellas) 1518 Attiki - Αττική,37.9,23.9,region/people
place,Ithome,1.101,372219LIth,Ithome Mt. (Messenia) 112 Ithomi - Ιθώμη,37.186,21.925,mountain
ethnic,Lacedaemonians,1.102,371224PSpa,Sparta/Lacedaemon (Lakonia) 5559 Sparti - Σπάρτα,37.0821,22.4237,polity
ethnic,Athenians,1.102,380237PAth,Athens (Attica) 9448 Athina - Αθήναι,37.9718,23.72793,polity
ethnic,Thessalians,1.102,394223RThs,Thessaly region (Hellas) 1628 Thessalia - Θεσσαλία,39.4,22.3,region/people
place,Ithome,1.102,372219LIth,Ithome Mt. (Messenia) 112 Ithomi - Ιθώμη,37.186,21.925,mountain
place,Argos,1.102,376227PArg,Argos (Argolid) 2457 Argos - Άργος,37.63091,22.72079,polity
ethnic,Lacedaemonians,1.103,371224PSpa,Sparta/Lacedaemon (Lakonia) 5559 Sparti - Σπάρτα,37.0821,22.4237,polity
ethnic,Ozolian Locrians,1.103,384222ROzo,Ozolian Lokris region (Phokis) 125 S Phokida - Οζόλαι,38.4,22.2,region/people
ethnic,Athenians,1.103,380237PAth,Athens (Attica) 9448 Athina - Αθήναι,37.9718,23.72793,polity
ethnic,Megarians,1.103,380233PMeg,Megara (Megarid) 713 Megara - Μέγαρα,37.997,23.34285,polity
ethnic,Corinthians,1.103,379229PKor,Corinth/Korinthos (Korinthia) 1749 Archaia Korinthos - Κόρινθος,37.9054,22.8802,polity
place,Ithome,1.103,372219LIth,Ithome Mt. (Messenia) 112 Ithomi - Ιθώμη,37.186,21.925,mountain
place,Peloponnese,1.103,375222RPel,Peloponnese (Hellas) 1736 Peloponisos - Πελοπόννησος,37.54,22.15,region/people
place,Delphi,1.103,385225SDel,"Delphic Oracle, Pytho (Delphi) 1539 Delphous - Δελφοί",38.48264,22.50108,sanctuary/temple
place,Naupactus,1.103,384218UNau,Naupactus (Aitolia) 190 Navpaktos - Ναύπακτος,38.3997,21.8313,polity
place,Pegae,1.103,381232PPag,Pagai (Megarid) 58 Alepochori - Πηγαί,38.0834,23.1884,polity
place,Nisaea,1.103,380234UNis,Nisaia (Attica) 79 Pachi - Νισαία,37.9764,23.364,polity
ethnic,Libyans,1.104,300070RLib,Libya (Africa) 1525 North Africa - Λιβύη,32.01,10.01,region/people
ethnic,Athenians,1.104,380237PAth,Athens (Attica) 9448 Athina - Αθήναι,37.9718,23.72793,polity
ethnic,Persians,1.104,295540RPer,Persia (Asia) 4067 Fars - Περσία ,29.5,54.0,region/people
ethnic,Medes,1.104,355480RMed,Media (Asia) 945 Hamedan - Μηδία,35.5,48.0,region/people
ethnic,Egyptians,1.104,271307REgy,Aigyptos (Egypt) 4104 Egypt - Αίγυπτος,27.1,30.7,region/people
demonym,Cyprian,1.104,350330RCyp,Cyprus (Kypros) 999 Cyprus - Κύπρος,35.0,33.0,region/people
place,Pharos,1.104,312299IPha,Pharos (Egypt) 153 Ras at Tin - Φάρος,31.213,29.8856,island
place,Nile,1.104,312301WNil,Nile River (Egypt) 878 en-Nil - Νείλος,30.0918,31.2313,river
place,Memphis,1.104,298313PMem,Memphis (Egypt) 247 Mit Rahina - Μέμφις,29.849,31.255,polity
ethnic,Athenians,1.105,380237PAth,Athens (Attica) 9448 Athina - Αθήναι,37.9718,23.72793,polity
ethnic,Corinthians,1.105,379229PKor,Corinth/Korinthos (Korinthia) 1749 Archaia Korinthos - Κόρινθος,37.9054,22.8802,polity
ethnic,Epidaurians,1.105,376232PEpi,Epidauros (Argolid) 206 Archaia Epidauros - Επίδαυρος,37.6331,23.1617,polity
ethnic,Aeginetans,1.105,378234PAig,Aigina polis (Aegina) 464 Aigina - Αίγινα,37.75,23.425,polity
ethnic,Peloponnesians,1.105,375222RPel,Peloponnese (Hellas) 1736 Peloponisos - Πελοπόννησος,37.54,22.15,region/people
ethnic,Megarians,1.105,380233PMeg,Megara (Megarid) 713 Megara - Μέγαρα,37.997,23.34285,polity
place,Haliae,1.105,373231PHal,Halieis (Argolid) 33 Porto Cheli - Αλιείς,37.3132,23.1491,polity
place,Cecryphaleia,1.105,378233IKek,Kekryphaleia (Attica) 7 Kyra - Κεκρυφάλεια,37.7015,23.2647,island
place,Geraneia,1.105,380231LGer,Geraneia Mt. (Korinthia) 41 Gerenion - Γεράνεια,38.021,23.134,mountain
place,Egypt,1.105,271307REgy,Aigyptos (Egypt) 4104 Egypt - Αίγυπτος,27.1,30.7,region/people
ethnic,Athenians,1.106,380237PAth,Athens (Attica) 9448 Athina - Αθήναι,37.9718,23.72793,polity
place,Corinth,1.106,379229PKor,Corinth/Korinthos (Korinthia) 1749 Archaia Korinthos - Κόρινθος,37.9054,22.8802,polity
ethnic,Athenians,1.107,380237PAth,Athens (Attica) 9448 Athina - Αθήναι,37.9718,23.72793,polity
ethnic,Phocians,1.107,386227RPho,Phokis region (Central Greece) 781 Phokida - Φωκίς,38.6,22.7,region/people
ethnic,Lacedaemonians,1.107,371224PSpa,Sparta/Lacedaemon (Lakonia) 5559 Sparti - Σπάρτα,37.0821,22.4237,polity
ethnic,Dorians,1.107,387224RDor,Doris tetrapolis (Central Greece) 303 Dorida - Δωρίς,38.7,22.4,region/people
ethnic,Argives,1.107,376227PArg,Argos (Argolid) 2457 Argos - Άργος,37.63091,22.72079,polity
demonym,Thessalian,1.107,394223RThs,Thessaly region (Hellas) 1628 Thessalia - Θεσσαλία,39.4,22.3,region/people
place,Long Walls,1.107,380237FLW1,S Long Wall 1 (Athens) 41 Tauros - Μακρά Τείχη,37.96235,23.7026,fortification
place,Phalerum,1.107,379237DPha,Phaleron (Attica) 163 Palio Faliro - Φάληρον,37.9373,23.7062,deme
place,Piraeus,1.107,379236HPei,Piraeus (Attica) 498 Piraeus - Πειραιεύς,37.9394,23.6448,deme
place,Boeum,1.107,387224PBoi,Boion (Doris) 19 Chlomo Gravias - Βοιόν,38.6836,22.42731,polity
place,Kitinium,1.107,387225PKyt,Kytinion (Doris) 33 Paliokhori/Ag. Georgios - Κυτίνιον,38.7253,22.4811,polity
place,Erineum,1.107,387224PEri,Erineos? (Doris) 22 Kastellia - Ερινεός,38.6963,22.4099,fortification
place,Crissaean Gulf,1.107,384225UKri,Krisa (Phokis) 104 Chryso - Κρισά,38.4712,22.469,polity
place,Geraneia,1.107,380231LGer,Geraneia Mt. (Korinthia) 41 Gerenion - Γεράνεια,38.021,23.134,mountain
place,Megara,1.107,380233PMeg,Megara (Megarid) 713 Megara - Μέγαρα,37.997,23.34285,polity
place,Pegae,1.107,381232PPag,Pagai (Megarid) 58 Alepochori - Πηγαί,38.0834,23.1884,polity
place,Boeotia,1.107,384233RBoi,Boiotia region (Boeotia) 1673 Viotia - Βοιωτία,38.35,23.25,region/people
ethnic,Lacedaemonians,1.108,371224PSpa,Sparta/Lacedaemon (Lakonia) 5559 Sparti - Σπάρτα,37.0821,22.4237,polity
ethnic,Athenians,1.108,380237PAth,Athens (Attica) 9448 Athina - Αθήναι,37.9718,23.72793,polity
ethnic,Boeotians,1.108,384233RBoi,Boiotia region (Boeotia) 1673 Viotia - Βοιωτία,38.35,23.25,region/people
ethnic,Tanagraeans,1.108,383236PTan,Tanagra (Boeotia) 108 SE Kerykeion - Τάναγρα,38.3074,23.5841,polity
ethnic,Opuntian Locrians,1.108,386231ROpu,Lokris Opuntia region (Phthiotis) 288 Atalandi - Λοκροί  Οπούντιοι,38.65,23.04,region/people
ethnic,Aeginetans,1.108,378234PAig,Aigina polis (Aegina) 464 Aigina - Αίγινα,37.75,23.425,polity
ethnic,Corinthians,1.108,379229PKor,Corinth/Korinthos (Korinthia) 1749 Archaia Korinthos - Κόρινθος,37.9054,22.8802,polity
ethnic,Sicyonians,1.108,380227PSik,Sikyon (Korinthia) 619 Vasiliko - Σικυών,37.9834,22.7145,polity
place,Megarid,1.108,380233PMeg,Megara (Megarid) 713 Megara - Μέγαρα,37.997,23.34285,polity
place,Geraneia,1.108,380231LGer,Geraneia Mt. (Korinthia) 41 Gerenion - Γεράνεια,38.021,23.134,mountain
place,Oenophyta,1.108,383236UOin,Oinophyta (Boeotia) 7 Oinofyta/Staniates - Οινόφυτα,38.3048,23.6309,polity
place,Phocis,1.108,386227RPho,Phokis region (Central Greece) 781 Phokida - Φωκίς,38.6,22.7,region/people
place,Peloponnese,1.108,375222RPel,Peloponnese (Hellas) 1736 Peloponisos - Πελοπόννησος,37.54,22.15,region/people
place,Chalcis,1.108,384216UHyp,Chalkis/Hypochalkis (Aitolia) 19 Kato Vasiliki - Υποχαλκίς,38.3535,21.6314,polity
ethnic,Athenians,1.109,380237PAth,Athens (Attica) 9448 Athina - Αθήναι,37.9718,23.72793,polity
ethnic,Peloponnesians,1.109,375222RPel,Peloponnese (Hellas) 1736 Peloponisos - Πελοπόννησος,37.54,22.15,region/people
ethnic,Egyptians,1.109,271307REgy,Aigyptos (Egypt) 4104 Egypt - Αίγυπτος,27.1,30.7,region/people
demonym,Persian,1.109,295540RPer,Persia (Asia) 4067 Fars - Περσία ,29.5,54.0,region/people
place,Lacedaemon,1.109,371224PSpa,Sparta/Lacedaemon (Lakonia) 5559 Sparti - Σπάρτα,37.0821,22.4237,polity
place,Attica,1.109,379239RAtt,Attica region (Hellas) 1518 Attiki - Αττική,37.9,23.9,region/people
place,Memphis,1.109,298313PMem,Memphis (Egypt) 247 Mit Rahina - Μέμφις,29.849,31.255,polity
ethnic,Trojans,1.11,400262UIli,Troy/Ilion (Troad) 3316 Truva - Τροίη,39.9575,26.2389,polity
place,Chersonese,1.11,403265LChe,Chersonesus (Thrace) 293 Gallipoli Peninsula - Χερσόνησος,40.3333,26.5,region/people
ethnic,Egyptians,1.110,271307REgy,Aigyptos (Egypt) 4104 Egypt - Αίγυπτος,27.1,30.7,region/people
ethnic,Athenians,1.110,380237PAth,Athens (Attica) 9448 Athina - Αθήναι,37.9718,23.72793,polity
demonym,Mendesian,1.110,310315UMen,Mendes (Egypt) 59 Tell el-Rub'a - Μένδης,30.958,31.516,polity
demonym,Phoenician,1.110,335354RPho,Phoenicia (Lebanon) 1083 Lebanon - Φοινική,33.5,35.4,region/people
place,Libya,1.110,300070RLib,Libya (Africa) 1525 North Africa - Λιβύη,32.01,10.01,region/people
place,Cyrene,1.110,328219PCyr,Cyrene (Libya) 505 Shahhat - Κυρήνη,32.819,21.856,polity
place,Nile,1.110,312301WNil,Nile River (Egypt) 878 en-Nil - Νείλος,30.0918,31.2313,river
ethnic,Athenians,1.111,380237PAth,Athens (Attica) 9448 Athina - Αθήναι,37.9718,23.72793,polity
ethnic,Boeotians,1.111,384233RBoi,Boiotia region (Boeotia) 1673 Viotia - Βοιωτία,38.35,23.25,region/people
ethnic,Phocians,1.111,386227RPho,Phokis region (Central Greece) 781 Phokida - Φωκίς,38.6,22.7,region/people
ethnic,Sicyonians,1.111,380227PSik,Sikyon (Korinthia) 619 Vasiliko - Σικυών,37.9834,22.7145,polity
ethnic,Achaeans,1.111,382219RAch,Achaea region (Achaia) 1800 Achaia - Αχαΐα,38.2,21.9,region/people
demonym,Thessalian,1.111,394223RThs,Thessaly region (Hellas) 1628 Thessalia - Θεσσαλία,39.4,22.3,region/people
place,Pharsalus,1.111,393224UPha,Pharsalos (Thessaly) 250 Pharsala - Φάρσαλος,39.2883,22.3869,polity
place,Pegae,1.111,381232PPag,Pagai (Megarid) 58 Alepochori - Πηγαί,38.0834,23.1884,polity
place,Pegae,1.111,381232PPag,Pagai (Megarid) 58 Alepochori - Πηγαί,38.0834,23.1884,polity
place,Oeniadae,1.111,384212POin,Oiniadai (Aitolia) 89 Trikardo - Οινιάδαι,38.4118,21.1948,polity
place,Acarnania,1.111,388210RAka,Akarnania region (Akarnania) 435 Akarnania - Ακαρνανία,38.8,21.0,region/people
ethnic,Peloponnesians,1.112,375222RPel,Peloponnese (Hellas) 1736 Peloponisos - Πελοπόννησος,37.54,22.15,region/people
ethnic,Athenians,1.112,380237PAth,Athens (Attica) 9448 Athina - Αθήναι,37.9718,23.72793,polity
ethnic,Phoenicians,1.112,335354RPho,Phoenicia (Lebanon) 1083 Lebanon - Φοινική,33.5,35.4,region/people
ethnic,Cyprians,1.112,350330RCyp,Cyprus (Kypros) 999 Cyprus - Κύπρος,35.0,33.0,region/people
ethnic,Cilicians,1.112,370340RCil,Cilicia region (Asia Minor) 981 Mersin - Κιλικία,37.01,34.01,region/people
ethnic,Lacedaemonians,1.112,371224PSpa,Sparta/Lacedaemon (Lakonia) 5559 Sparti - Σπάρτα,37.0821,22.4237,polity
ethnic,Delphians,1.112,385225PDel,Delphi polis (Phokis) 154 Delphi - Δελφοί,38.4806,22.5056,polity
ethnic,Phocians,1.112,386227RPho,Phokis region (Central Greece) 781 Phokida - Φωκίς,38.6,22.7,region/people
place,Egypt,1.112,271307REgy,Aigyptos (Egypt) 4104 Egypt - Αίγυπτος,27.1,30.7,region/people
place,Kitium,1.112,349336PKit,Kition (Cyprus) 94 Larnaka - Κίτιον,34.920211,33.632745,polity
place,Salamis,1.112,352339PSal,Salamis/Konstantia (Cyprus) 108 Ammokhostos - Σαλαμίς,35.1799505,33.9030525,polity
place,Delphi,1.112,385225SDel,"Delphic Oracle, Pytho (Delphi) 1539 Delphous - Δελφοί",38.48264,22.50108,sanctuary/temple
ethnic,Athenians,1.113,380237PAth,Athens (Attica) 9448 Athina - Αθήναι,37.9718,23.72793,polity
ethnic,Locrians,1.113,386231ROpu,Lokris Opuntia region (Phthiotis) 288 Atalandi - Λοκροί  Οπούντιοι,38.65,23.04,region/people
ethnic,Boeotians,1.113,384233RBoi,Boiotia region (Boeotia) 1673 Viotia - Βοιωτία,38.35,23.25,region/people
demonym,Euboean,1.113,385239IEub,Euboia (Euboea) 740 Evia - Εύβοια,38.53,23.87,island
place,Orchomenus,1.113,385230POrc,Orchomenos (Boeotia) 161 Orchomenos - Ορχομενός,38.4956,22.9641,polity
place,Chaeronea,1.113,385228PCha,Chaironea (Boeotia) 204 Kapraina - Χαιρώνεα,38.4944,22.8416,polity
place,Coroneia,1.113,384230PKor,Koroneia (Boeotia) 112 Palaia Koroneia - Κορώνεα,38.3912,22.9571,polity
ethnic,Athenians,1.114,380237PAth,Athens (Attica) 9448 Athina - Αθήναι,37.9718,23.72793,polity
ethnic,Peloponnesians,1.114,375222RPel,Peloponnese (Hellas) 1736 Peloponisos - Πελοπόννησος,37.54,22.15,region/people
ethnic,Megarians,1.114,380233PMeg,Megara (Megarid) 713 Megara - Μέγαρα,37.997,23.34285,polity
ethnic,Corinthians,1.114,379229PKor,Corinth/Korinthos (Korinthia) 1749 Archaia Korinthos - Κόρινθος,37.9054,22.8802,polity
ethnic,Sicyonians,1.114,380227PSik,Sikyon (Korinthia) 619 Vasiliko - Σικυών,37.9834,22.7145,polity
ethnic,Epidaurians,1.114,376232PEpi,Epidauros (Argolid) 206 Archaia Epidauros - Επίδαυρος,37.6331,23.1617,polity
ethnic,Histiaeans,1.114,389231PHis,Histiaia (Euboea) 78 Oreoi - Ιστιαία,38.9466,23.0905,polity
place,Euboea,1.114,385239IEub,Euboia (Euboea) 740 Evia - Εύβοια,38.53,23.87,island
place,Attica,1.114,379239RAtt,Attica region (Hellas) 1518 Attiki - Αττική,37.9,23.9,region/people
place,Nisaea,1.114,380234UNis,Nisaia (Attica) 79 Pachi - Νισαία,37.9764,23.364,polity
place,Eleusis,1.114,380235PEle,Eleusis (Attica) 227 Elefsina - Ελευσίς,38.0441,23.5415,polity
place,Thrius,1.114,381236DThr,Thria (Attica) 19 SE Aspropyrgos - Θρία,38.0545,23.5923,deme
place,Histiaea,1.114,389231PHis,Histiaia (Euboea) 78 Oreoi - Ιστιαία,38.9466,23.0905,polity
ethnic,Lacedaemonians,1.115,371224PSpa,Sparta/Lacedaemon (Lakonia) 5559 Sparti - Σπάρτα,37.0821,22.4237,polity
ethnic,Samians,1.115,377269PSam,Samos (Aegean) 872 Pythagoreio - Σάμος,37.695,26.935,polity
ethnic,Milesians,1.115,375273PMil,Miletus (Ionia) 729 Milet - Μίλητος,37.5292,27.2775,polity
ethnic,Athenians,1.115,380237PAth,Athens (Attica) 9448 Athina - Αθήναι,37.9718,23.72793,polity
ethnic,Byzantines,1.115,410290UByz,Byzantion (Thrace) 964 Istanbul - Βυζάντιον,41.0119,28.9836,polity
place,Euboea,1.115,385239IEub,Euboia (Euboea) 740 Evia - Εύβοια,38.53,23.87,island
place,Peloponnese,1.115,375222RPel,Peloponnese (Hellas) 1736 Peloponisos - Πελοπόννησος,37.54,22.15,region/people
place,Nisaea,1.115,380234UNis,Nisaia (Attica) 79 Pachi - Νισαία,37.9764,23.364,polity
place,Pegae,1.115,381232PPag,Pagai (Megarid) 58 Alepochori - Πηγαί,38.0834,23.1884,polity
place,Troezen,1.115,375234PTro,Troizen (Troizenia) 220 Damala - Τροιζήν,37.5033,23.3484,polity
place,Achaia,1.115,382219RAch,Achaea region (Achaia) 1800 Achaia - Αχαΐα,38.2,21.9,region/people
place,Priene,1.115,377273PPri,Priene (Ionia) 93 Gullubahce - Πριήνη,37.6599,27.2981,polity
place,Lemnos,1.115,399253ILem,Lemnos (Aegean) 341 Lemnos - Λήμνος,39.93,25.21,island
place,Sardis,1.115,385280PSar,Sardis (Lydia) 383 Sart - Σάρδις,38.4883,28.0403,polity
ethnic,Athenians,1.116,380237PAth,Athens (Attica) 9448 Athina - Αθήναι,37.9718,23.72793,polity
ethnic,Samians,1.116,377269PSam,Samos (Aegean) 872 Pythagoreio - Σάμος,37.695,26.935,polity
demonym,Phoenician,1.116,335354RPho,Phoenicia (Lebanon) 1083 Lebanon - Φοινική,33.5,35.4,region/people
demonym,Chian,1.116,384261PChi,Chios polis (Chios) 602 Khios - Χίος,38.3764,26.1342,polity
demonym,Lesbian,1.116,392261ILes,Lesbos (Lesbos) 438 Lesbos - Λέσβος,39.2075,26.2,island
place,Caria,1.116,370287RKar,Caria region (Asia Minor) 709 W Asia Minor - Καρία,37.01,28.7,region/people
place,Tragia,1.116,373268ITra,Tragia (Agathonisi) 5 Agathonisi - Τραγία,37.461,26.968,island
place,Miletus,1.116,375273PMil,Miletus (Ionia) 729 Milet - Μίλητος,37.5292,27.2775,polity
place,Caunus,1.116,368286UKau,Kaunos (Caria) 84 Dalyan - Καύνος,36.8259,28.6215,polity
ethnic,Samians,1.117,377269PSam,Samos (Aegean) 872 Pythagoreio - Σάμος,37.695,26.935,polity
ethnic,Byzantines,1.117,410290UByz,Byzantion (Thrace) 964 Istanbul - Βυζάντιον,41.0119,28.9836,polity
place,Athens,1.117,380237PAth,Athens (Attica) 9448 Athina - Αθήναι,37.9718,23.72793,polity
place,Chios,1.117,384261PChi,Chios polis (Chios) 602 Khios - Χίος,38.3764,26.1342,polity
place,Lesbos,1.117,392261ILes,Lesbos (Lesbos) 438 Lesbos - Λέσβος,39.2075,26.2,island
ethnic,Athenians,1.118,380237PAth,Athens (Attica) 9448 Athina - Αθήναι,37.9718,23.72793,polity
ethnic,Lacedaemonians,1.118,371224PSpa,Sparta/Lacedaemon (Lakonia) 5559 Sparti - Σπάρτα,37.0821,22.4237,polity
place,Corcyra,1.118,396199PKer,Corcyra (Ionian Islands) 405 Kerkyra/Corfu - Κέρκυρα,39.6063,19.9156,polity
place,Potidaea,1.118,402233UPot,Poteidaia/Kassandreia (Chalkidike) 167 Nea Potidaia - Κασάνδρεια,40.1937,23.3278,polity
place,Delphi,1.118,385225SDel,"Delphic Oracle, Pytho (Delphi) 1539 Delphous - Δελφοί",38.48264,22.50108,sanctuary/temple
ethnic,Athenians,1.119,380237PAth,Athens (Attica) 9448 Athina - Αθήναι,37.9718,23.72793,polity
ethnic,Corinthians,1.119,379229PKor,Corinth/Korinthos (Korinthia) 1749 Archaia Korinthos - Κόρινθος,37.9054,22.8802,polity
place,Potidaea,1.119,402233UPot,Poteidaia/Kassandreia (Chalkidike) 167 Nea Potidaia - Κασάνδρεια,40.1937,23.3278,polity
ethnic,Boeotians,1.12,384233RBoi,Boiotia region (Boeotia) 1673 Viotia - Βοιωτία,38.35,23.25,region/people
ethnic,Thessalians,1.12,394223RThs,Thessaly region (Hellas) 1628 Thessalia - Θεσσαλία,39.4,22.3,region/people
ethnic,Dorians,1.12,387224RDor,Doris tetrapolis (Central Greece) 303 Dorida - Δωρίς,38.7,22.4,region/people
ethnic,Peloponnesians,1.12,375222RPel,Peloponnese (Hellas) 1736 Peloponisos - Πελοπόννησος,37.54,22.15,region/people
place,Ilium,1.12,400262UIli,Troy/Ilion (Troad) 3316 Truva - Τροίη,39.9575,26.2389,polity
place,Arne,1.12,385229UArn,Arne (Boeotia) 44 Magoula Balomenou - Άρνη,38.5112,22.8616,polity
place,Athens,1.12,380237PAth,Athens (Attica) 9448 Athina - Αθήναι,37.9718,23.72793,polity
place,Ionia,1.12,375275RIon,Ionia region (Asia Minor) 884 Izmir - Ιωνία,38.0,27.3,region/people
place,Italy,1.12,406163RIta,Italia region (Italy) 4036 Italy - Ιταλία,40.6,16.3,region/people
place,Sicily,1.12,376145RSic,Sicily region (Italy) 3245 Sicilia - Σικελία,37.6,14.5,region/people
ethnic,Lacedaemonians,1.120,371224PSpa,Sparta/Lacedaemon (Lakonia) 5559 Sparti - Σπάρτα,37.0821,22.4237,polity
ethnic,Athenians,1.120,380237PAth,Athens (Attica) 9448 Athina - Αθήναι,37.9718,23.72793,polity
ethnic,Athenians,1.121,380237PAth,Athens (Attica) 9448 Athina - Αθήναι,37.9718,23.72793,polity
place,Olympia,1.121,376216SOly,Olympian Zeus sanctuary (Eleia) 856 Archaia Olympia - Ολυμπία,37.6378,21.63,sanctuary/temple
place,Delphi,1.121,385225SDel,"Delphic Oracle, Pytho (Delphi) 1539 Delphous - Δελφοί",38.48264,22.50108,sanctuary/temple
place,Athens,1.122,380237PAth,Athens (Attica) 9448 Athina - Αθήναι,37.9718,23.72793,polity
place,Peloponnese,1.122,375222RPel,Peloponnese (Hellas) 1736 Peloponisos - Πελοπόννησος,37.54,22.15,region/people
ethnic,Ionians,1.124,375275RIon,Ionia region (Asia Minor) 884 Izmir - Ιωνία,38.0,27.3,region/people
ethnic,Corinthians,1.124,379229PKor,Corinth/Korinthos (Korinthia) 1749 Archaia Korinthos - Κόρινθος,37.9054,22.8802,polity
demonym,Dorian,1.124,387224RDor,Doris tetrapolis (Central Greece) 303 Dorida - Δωρίς,38.7,22.4,region/people
place,Potidaea,1.124,402233UPot,Poteidaia/Kassandreia (Chalkidike) 167 Nea Potidaia - Κασάνδρεια,40.1937,23.3278,polity
ethnic,Lacedaemonians,1.125,371224PSpa,Sparta/Lacedaemon (Lakonia) 5559 Sparti - Σπάρτα,37.0821,22.4237,polity
place,Attica,1.125,379239RAtt,Attica region (Hellas) 1518 Attiki - Αττική,37.9,23.9,region/people
ethnic,Athenians,1.126,380237PAth,Athens (Attica) 9448 Athina - Αθήναι,37.9718,23.72793,polity
demonym,Lacedaemonian,1.126,371224PSpa,Sparta/Lacedaemon (Lakonia) 5559 Sparti - Σπάρτα,37.0821,22.4237,polity
demonym,Olympic,1.126,376216SOly,Olympian Zeus sanctuary (Eleia) 856 Archaia Olympia - Ολυμπία,37.6378,21.63,sanctuary/temple
place,Megara,1.126,380233PMeg,Megara (Megarid) 713 Megara - Μέγαρα,37.997,23.34285,polity
place,Delphi,1.126,385225SDel,"Delphic Oracle, Pytho (Delphi) 1539 Delphous - Δελφοί",38.48264,22.50108,sanctuary/temple
place,Acropolis,1.126,380237SAkr,Athenian Acropolis (Athens) 284 Akropoli - Ακρόπολις,37.9717,23.7257,sanctuary/temple
place,Peloponnese,1.126,375222RPel,Peloponnese (Hellas) 1736 Peloponisos - Πελοπόννησος,37.54,22.15,region/people
place,Attica,1.126,379239RAtt,Attica region (Hellas) 1518 Attiki - Αττική,37.9,23.9,region/people
place,outside the city,1.126,380237SZMe,Zeus Meilichios shrine (Athens) 1 Mets,37.96753,23.73573,sanctuary/temple
place,altar,1.126,380237SAA2,Altar of Athena (Athens Acropolis) 3 Acropolis of Athens,37.97195,23.72684,sanctuary/temple
ethnic,Lacedaemonians,1.127,371224PSpa,Sparta/Lacedaemon (Lakonia) 5559 Sparti - Σπάρτα,37.0821,22.4237,polity
ethnic,Athenians,1.127,380237PAth,Athens (Attica) 9448 Athina - Αθήναι,37.9718,23.72793,polity
ethnic,Athenians,1.128,380237PAth,Athens (Attica) 9448 Athina - Αθήναι,37.9718,23.72793,polity
ethnic,Lacedaemonians,1.128,371224PSpa,Sparta/Lacedaemon (Lakonia) 5559 Sparti - Σπάρτα,37.0821,22.4237,polity
ethnic,Medes,1.128,355480RMed,Media (Asia) 945 Hamedan - Μηδία,35.5,48.0,region/people
place,Taenarus,1.128,364225STai,Tainaron Poseidon sanctuary (Lakonia) 116 Tainaron - Ταίναρος,36.4018,22.4867,sanctuary/temple
place,Brazen House,1.128,371224SACh,Athena Chalkioikos temple (Sparta) 37 Sparti,37.08265,22.42338,sanctuary/temple
place,Hellespont,1.128,402264WHel,Hellespont (Thrace) 730 Dardanelles - Ελλήσποντός,40.2,26.4,sea/strait
place,Hermione,1.128,374232UHer,Hermione (Argolid) 110 Ermioni - Ερμιόνη,37.3834,23.2535,polity
place,Byzantium,1.128,410290UByz,Byzantion (Thrace) 964 Istanbul - Βυζάντιον,41.0119,28.9836,polity
place,Cyprus,1.128,350330RCyp,Cyprus (Kypros) 999 Cyprus - Κύπρος,35.0,33.0,region/people
person,Eretrian,1.128,384238PEre,Eretria (Euboea) 227 Eretria - Ερέτρια,38.3982,23.7905,polity
place,Byzantium,1.129,410290UByz,Byzantion (Thrace) 964 Istanbul - Βυζάντιον,41.0119,28.9836,polity
ethnic,Corinthians,1.13,379229PKor,Corinth/Korinthos (Korinthia) 1749 Archaia Korinthos - Κόρινθος,37.9054,22.8802,polity
ethnic,Samians,1.13,377269PSam,Samos (Aegean) 872 Pythagoreio - Σάμος,37.695,26.935,polity
ethnic,Corcyraeans,1.13,396199PKer,Corcyra (Ionian Islands) 405 Kerkyra/Corfu - Κέρκυρα,39.6063,19.9156,polity
ethnic,Ionians,1.13,375275RIon,Ionia region (Asia Minor) 884 Izmir - Ιωνία,38.0,27.3,region/people
ethnic,Persians,1.13,295540RPer,Persia (Asia) 4067 Fars - Περσία ,29.5,54.0,region/people
ethnic,Phocaeans,1.13,387268UPho,Phokaia (Ionia) 143 Foca - Φώκαια,38.6704,26.7532,polity
ethnic,Carthaginians,1.13,369103PCar,Carthage (Tunisia) 2507 Tunis - Καρχηδών,36.85,10.32,polity
place,Peloponnese,1.13,375222RPel,Peloponnese (Hellas) 1736 Peloponisos - Πελοπόννησος,37.54,22.15,region/people
place,Ionian Sea,1.13,408187WIon,Ionian Sea (Greece/Italy) 284 Mar Ionio - Ιόνιος,39.2,18.7,sea/strait
place,Rhenea,1.13,374252PRhe,Rheneia (Cyclades) 40 Renia - Ρήνεια,37.4159,25.2124,polity
place,Marseilles,1.13,433054PMas,Massilia (France) 248 Marseille - Μασσαλία,43.3,5.36,polity
person,Delian,1.13,374253SSan,Delian Apollo sanct. (Delos) 140 Dilos,37.4004,25.2666,sanctuary/temple
ethnic,Medes,1.130,355480RMed,Media (Asia) 945 Hamedan - Μηδία,35.5,48.0,region/people
ethnic,Egyptians,1.130,271307REgy,Aigyptos (Egypt) 4104 Egypt - Αίγυπτος,27.1,30.7,region/people
ethnic,Athenians,1.130,380237PAth,Athens (Attica) 9448 Athina - Αθήναι,37.9718,23.72793,polity
demonym,Persian,1.130,295540RPer,Persia (Asia) 4067 Fars - Περσία ,29.5,54.0,region/people
place,Plataea,1.130,382233LPlB,Plataea battlefield (Boeotia) 89 Plataia,38.2446,23.3012,battlefield
place,Byzantium,1.130,410290UByz,Byzantion (Thrace) 964 Istanbul - Βυζάντιον,41.0119,28.9836,polity
place,Thrace,1.130,410265RThr,Thrace region (Evros) 1818 Thraki - Θραίκη,41.0,26.5,region/people
ethnic,Lacedaemonians,1.131,371224PSpa,Sparta/Lacedaemon (Lakonia) 5559 Sparti - Σπάρτα,37.0821,22.4237,polity
ethnic,Athenians,1.131,380237PAth,Athens (Attica) 9448 Athina - Αθήναι,37.9718,23.72793,polity
place,Hermione,1.131,374232UHer,Hermione (Argolid) 110 Ermioni - Ερμιόνη,37.3834,23.2535,polity
place,Byzantium,1.131,410290UByz,Byzantion (Thrace) 964 Istanbul - Βυζάντιον,41.0119,28.9836,polity
place,Colonae,1.131,397262UKol,Kolonai (Troad) 16 Akçakeçili - Κολωναί,39.7103,26.1594,polity
place,Troad,1.131,399263RTro,Troad region (Asia Minor) 174 Canakkale - Τρωιάς,39.915,26.27,region/people
ethnic,Spartans,1.132,371224PSpa,Sparta/Lacedaemon (Lakonia) 5559 Sparti - Σπάρτα,37.0821,22.4237,polity
ethnic,Medes,1.132,355480RMed,Media (Asia) 945 Hamedan - Μηδία,35.5,48.0,region/people
place,Delphi,1.132,385225SDel,"Delphic Oracle, Pytho (Delphi) 1539 Delphous - Δελφοί",38.48264,22.50108,sanctuary/temple
place,Argilus,1.132,408238PArg,Argilos (Serres) 20 SW Nea Kerdylia - Άργιλος,40.7801,23.8168,polity
place,Taenarus,1.133,364225STai,Tainaron Poseidon sanctuary (Lakonia) 116 Tainaron - Ταίναρος,36.4018,22.4867,sanctuary/temple
ethnic,Lacedaemonians,1.134,371224PSpa,Sparta/Lacedaemon (Lakonia) 5559 Sparti - Σπάρτα,37.0821,22.4237,polity
place,Brazen House,1.134,371224SACh,Athena Chalkioikos temple (Sparta) 37 Sparti,37.08265,22.42338,sanctuary/temple
place,Kaiadas,1.134,373223CKai,Kaiadas Cave (Lakonia) 10 Trypi - Καιάδα,37.095,22.335,cave
place,Delphi,1.134,385225SDel,"Delphic Oracle, Pytho (Delphi) 1539 Delphous - Δελφοί",38.48264,22.50108,sanctuary/temple
place,Brazen House,1.134,371224SACh,Athena Chalkioikos temple (Sparta) 37 Sparti,37.08265,22.42338,sanctuary/temple
ethnic,Athenians,1.135,380237PAth,Athens (Attica) 9448 Athina - Αθήναι,37.9718,23.72793,polity
ethnic,Lacedaemonians,1.135,371224PSpa,Sparta/Lacedaemon (Lakonia) 5559 Sparti - Σπάρτα,37.0821,22.4237,polity
place,Argos,1.135,376227PArg,Argos (Argolid) 2457 Argos - Άργος,37.63091,22.72079,polity
place,Peloponnese,1.135,375222RPel,Peloponnese (Hellas) 1736 Peloponisos - Πελοπόννησος,37.54,22.15,region/people
ethnic,Corcyraeans,1.136,396199PKer,Corcyra (Ionian Islands) 405 Kerkyra/Corfu - Κέρκυρα,39.6063,19.9156,polity
place,Peloponnese,1.136,375222RPel,Peloponnese (Hellas) 1736 Peloponisos - Πελοπόννησος,37.54,22.15,region/people
place,Athens,1.136,380237PAth,Athens (Attica) 9448 Athina - Αθήναι,37.9718,23.72793,polity
place,Lacedaemon,1.136,371224PSpa,Sparta/Lacedaemon (Lakonia) 5559 Sparti - Σπάρτα,37.0821,22.4237,polity
person,Molossian,1.136,398206RMol,Molossia region (Thesprotia) 144  - Μολοσσία,39.8,20.6,region/people
ethnic,Lacedaemonians,1.137,371224PSpa,Sparta/Lacedaemon (Lakonia) 5559 Sparti - Σπάρτα,37.0821,22.4237,polity
demonym,Persian,1.137,295540RPer,Persia (Asia) 4067 Fars - Περσία ,29.5,54.0,region/people
demonym,Athenian,1.137,380237PAth,Athens (Attica) 9448 Athina - Αθήναι,37.9718,23.72793,polity
place,Pydna,1.137,404226PPyd,Pydna (Pieria) 76 Archaia Pydna - Πύδνα,40.3973,22.6173,polity
place,Ionia,1.137,375275RIon,Ionia region (Asia Minor) 884 Izmir - Ιωνία,38.0,27.3,region/people
place,Naxos,1.137,371255INax,Naxos island/polis (Cyclades) 198 Chora Naxou - Νάξος,37.1059,25.377,polity
place,Ephesus,1.137,379273PEph,Ephesus (Ionia) 742 Efes/Selcuk - Έφεσος,37.9419,27.3397,polity
place,Argos,1.137,376227PArg,Argos (Argolid) 2457 Argos - Άργος,37.63091,22.72079,polity
place,Salamis,1.137,379235PSal,Salamis (Salamis) 266 Ambelaki - Σαλαμίς,37.952,23.5408,polity
ethnic,Athenians,1.138,380237PAth,Athens (Attica) 9448 Athina - Αθήναι,37.9718,23.72793,polity
demonym,Persian,1.138,295540RPer,Persia (Asia) 4067 Fars - Περσία ,29.5,54.0,region/people
demonym,Attic,1.138,379239RAtt,Attica region (Hellas) 1518 Attiki - Αττική,37.9,23.9,region/people
place,Magnesia,1.138,379275UMag,Magnesia ad Maeandrum (Ionia) 65 Tekin - Μαγνησία,37.853,27.526,polity
place,Magnesia,1.138,379275UMag,Magnesia ad Maeandrum (Ionia) 65 Tekin - Μαγνησία,37.853,27.526,polity
place,Lampsacus,1.138,403267UPit,Lampsacus/Pityoussa (Mysia) 198 Lapseki/Çanakkale - Λάμψακος,40.3467,26.6992,polity
place,Myus,1.138,376274PMyo,Myous (Caria) 44 Afsar - Μυούς,37.5967,27.4291,polity
person,Lacedaemonian,1.138,371224PSpa,Sparta/Lacedaemon (Lakonia) 5559 Sparti - Σπάρτα,37.0821,22.4237,polity
ethnic,Lacedaemonians,1.139,371224PSpa,Sparta/Lacedaemon (Lakonia) 5559 Sparti - Σπάρτα,37.0821,22.4237,polity
ethnic,Megarians,1.139,380233PMeg,Megara (Megarid) 713 Megara - Μέγαρα,37.997,23.34285,polity
ethnic,Athenians,1.139,380237PAth,Athens (Attica) 9448 Athina - Αθήναι,37.9718,23.72793,polity
place,Potidaea,1.139,402233UPot,Poteidaia/Kassandreia (Chalkidike) 167 Nea Potidaia - Κασάνδρεια,40.1937,23.3278,polity
place,Aegina,1.139,378234PAig,Aigina polis (Aegina) 464 Aigina - Αίγινα,37.75,23.425,polity
ethnic,Corcyraeans,1.14,396199PKer,Corcyra (Ionian Islands) 405 Kerkyra/Corfu - Κέρκυρα,39.6063,19.9156,polity
ethnic,Athenians,1.14,380237PAth,Athens (Attica) 9448 Athina - Αθήναι,37.9718,23.72793,polity
demonym,Persian,1.14,295540RPer,Persia (Asia) 4067 Fars - Περσία ,29.5,54.0,region/people
demonym,Sicilian,1.14,376145RSic,Sicily region (Italy) 3245 Sicilia - Σικελία,37.6,14.5,region/people
place,Aegina,1.14,378234PAig,Aigina polis (Aegina) 464 Aigina - Αίγινα,37.75,23.425,polity
place,Salamis,1.14,380236ASSB,Salamis Sea Battle (Attica) 148 Salamis strait,37.952,23.573,battlefield
ethnic,Peloponnesians,1.140,375222RPel,Peloponnese (Hellas) 1736 Peloponisos - Πελοπόννησος,37.54,22.15,region/people
ethnic,Lacedaemonians,1.140,371224PSpa,Sparta/Lacedaemon (Lakonia) 5559 Sparti - Σπάρτα,37.0821,22.4237,polity
place,Potidaea,1.140,402233UPot,Poteidaia/Kassandreia (Chalkidike) 167 Nea Potidaia - Κασάνδρεια,40.1937,23.3278,polity
place,Aegina,1.140,378234PAig,Aigina polis (Aegina) 464 Aigina - Αίγινα,37.75,23.425,polity
place,Megara,1.140,380233PMeg,Megara (Megarid) 713 Megara - Μέγαρα,37.997,23.34285,polity
ethnic,Peloponnesians,1.141,375222RPel,Peloponnese (Hellas) 1736 Peloponisos - Πελοπόννησος,37.54,22.15,region/people
place,Athens,1.141,380237PAth,Athens (Attica) 9448 Athina - Αθήναι,37.9718,23.72793,polity
place,Attica,1.142,379239RAtt,Attica region (Hellas) 1518 Attiki - Αττική,37.9,23.9,region/people
place,Athens,1.142,380237PAth,Athens (Attica) 9448 Athina - Αθήναι,37.9718,23.72793,polity
ethnic,Peloponnesians,1.143,375222RPel,Peloponnese (Hellas) 1736 Peloponisos - Πελοπόννησος,37.54,22.15,region/people
place,Olympia,1.143,376216SOly,Olympian Zeus sanctuary (Eleia) 856 Archaia Olympia - Ολυμπία,37.6378,21.63,sanctuary/temple
place,Delphi,1.143,385225SDel,"Delphic Oracle, Pytho (Delphi) 1539 Delphous - Δελφοί",38.48264,22.50108,sanctuary/temple
place,Athens,1.143,380237PAth,Athens (Attica) 9448 Athina - Αθήναι,37.9718,23.72793,polity
place,Attica,1.143,379239RAtt,Attica region (Hellas) 1518 Attiki - Αττική,37.9,23.9,region/people
ethnic,Lacedaemonians,1.144,371224PSpa,Sparta/Lacedaemon (Lakonia) 5559 Sparti - Σπάρτα,37.0821,22.4237,polity
ethnic,Medes,1.144,355480RMed,Media (Asia) 945 Hamedan - Μηδία,35.5,48.0,region/people
place,Megara,1.144,380233PMeg,Megara (Megarid) 713 Megara - Μέγαρα,37.997,23.34285,polity
place,Athens,1.144,380237PAth,Athens (Attica) 9448 Athina - Αθήναι,37.9718,23.72793,polity
ethnic,Athenians,1.145,380237PAth,Athens (Attica) 9448 Athina - Αθήναι,37.9718,23.72793,polity
ethnic,Lacedaemonians,1.145,371224PSpa,Sparta/Lacedaemon (Lakonia) 5559 Sparti - Σπάρτα,37.0821,22.4237,polity
place,Epidamnus,1.146,413194PEpi,Epidamnos (Illyria) 258 Durres - Επίδαμνος,41.3164,19.4449,polity
place,Corcyra,1.146,396199PKer,Corcyra (Ionian Islands) 405 Kerkyra/Corfu - Κέρκυρα,39.6063,19.9156,polity
place,Chalcis,1.15,385236PCha,Chalkis (Euboea) 435 Chalkida - Χάλκις,38.4597,23.6153,polity
place,Eretria,1.15,384238PEre,Eretria (Euboea) 227 Eretria - Ερέτρια,38.3982,23.7905,polity
ethnic,Ionians,1.16,375275RIon,Ionia region (Asia Minor) 884 Izmir - Ιωνία,38.0,27.3,region/people
demonym,Phoenician,1.16,335354RPho,Phoenicia (Lebanon) 1083 Lebanon - Φοινική,33.5,35.4,region/people
place,Persia,1.16,295540RPer,Persia (Asia) 4067 Fars - Περσία ,29.5,54.0,region/people
place,Halys,1.16,416359WHal,Halys R. (Pontus) 95 Kizilirmak - Άλυς,41.569,35.883,river
place,Sicily,1.17,376145RSic,Sicily region (Italy) 3245 Sicilia - Σικελία,37.6,14.5,region/people
ethnic,Dorians,1.18,387224RDor,Doris tetrapolis (Central Greece) 303 Dorida - Δωρίς,38.7,22.4,region/people
ethnic,Medes,1.18,355480RMed,Media (Asia) 945 Hamedan - Μηδία,35.5,48.0,region/people
ethnic,Athenians,1.18,380237PAth,Athens (Attica) 9448 Athina - Αθήναι,37.9718,23.72793,polity
ethnic,Lacedaemonians,1.18,371224PSpa,Sparta/Lacedaemon (Lakonia) 5559 Sparti - Σπάρτα,37.0821,22.4237,polity
place,Sicily,1.18,376145RSic,Sicily region (Italy) 3245 Sicilia - Σικελία,37.6,14.5,region/people
place,Marathon,1.18,381241LMaB,Marathon battlefield (Attica) 173 Schinias - Μαραθών,38.144,24.0002,battlefield
place,Lacedaemon,1.19,371224PSpa,Sparta/Lacedaemon (Lakonia) 5559 Sparti - Σπάρτα,37.0821,22.4237,polity
place,Athens,1.19,380237PAth,Athens (Attica) 9448 Athina - Αθήναι,37.9718,23.72793,polity
place,Chios,1.19,384261PChi,Chios polis (Chios) 602 Khios - Χίος,38.3764,26.1342,polity
place,Lesbos,1.19,392261ILes,Lesbos (Lesbos) 438 Lesbos - Λέσβος,39.2075,26.2,island
ethnic,Athenians,1.2,380237PAth,Athens (Attica) 9448 Athina - Αθήναι,37.9718,23.72793,polity
place,Thessaly,1.2,394223RThs,Thessaly region (Hellas) 1628 Thessalia - Θεσσαλία,39.4,22.3,region/people
place,Boeotia,1.2,384233RBoi,Boiotia region (Boeotia) 1673 Viotia - Βοιωτία,38.35,23.25,region/people
place,Peloponnese,1.2,375222RPel,Peloponnese (Hellas) 1736 Peloponisos - Πελοπόννησος,37.54,22.15,region/people
place,Arcadia,1.2,375223RArk,Arkadia region (Arkadia) 1437 Arkadia - Αρκαδία,37.5,22.3,region/people
place,Attica,1.2,379239RAtt,Attica region (Hellas) 1518 Attiki - Αττική,37.9,23.9,region/people
place,Ionia,1.2,375275RIon,Ionia region (Asia Minor) 884 Izmir - Ιωνία,38.0,27.3,region/people
demonym,Athenian,1.20,380237PAth,Athens (Attica) 9448 Athina - Αθήναι,37.9718,23.72793,polity
demonym,Lacedaemonian,1.20,371224PSpa,Sparta/Lacedaemon (Lakonia) 5559 Sparti - Σπάρτα,37.0821,22.4237,polity
place,Leokoreion,1.20,380237SLeo,Leokoreion (Athens Agora) 15 Agora of Athens - Λεωκόρειον,37.9761,23.723,sanctuary/temple
place,Pitane,1.20,371224DPit,Pitane (Lakonia) 15 Magoula - Πιτάνη,37.0808,22.4038,deme
ethnic,Athenians,1.23,380237PAth,Athens (Attica) 9448 Athina - Αθήναι,37.9718,23.72793,polity
ethnic,Peloponnesians,1.23,375222RPel,Peloponnese (Hellas) 1736 Peloponisos - Πελοπόννησος,37.54,22.15,region/people
place,Euboea,1.23,385239IEub,Euboia (Euboea) 740 Evia - Εύβοια,38.53,23.87,island
place,Lacedaemon,1.23,371224PSpa,Sparta/Lacedaemon (Lakonia) 5559 Sparti - Σπάρτα,37.0821,22.4237,polity
ethnic,Taulantians,1.24,415195RTau,Taulantians tribe (Illyria) 28  - Ταυλάντιοι,41.5,19.5,region/people
ethnic,Corinthians,1.24,379229PKor,Corinth/Korinthos (Korinthia) 1749 Archaia Korinthos - Κόρινθος,37.9054,22.8802,polity
ethnic,Epidamnians,1.24,413194PEpi,Epidamnos (Illyria) 258 Durres - Επίδαμνος,41.3164,19.4449,polity
ethnic,Corcyraeans,1.24,396199PKer,Corcyra (Ionian Islands) 405 Kerkyra/Corfu - Κέρκυρα,39.6063,19.9156,polity
demonym,Illyrian,1.24,405195RIll,Illyria region (Albania) 939 Albania - Ιλλυρία,40.8,19.8,region/people
demonym,Dorian,1.24,387224RDor,Doris tetrapolis (Central Greece) 303 Dorida - Δωρίς,38.7,22.4,region/people
place,Ionic gulf,1.24,408187WIon,Ionian Sea (Greece/Italy) 284 Mar Ionio - Ιόνιος,39.2,18.7,sea/strait
ethnic,Epidamnians,1.25,413194PEpi,Epidamnos (Illyria) 258 Durres - Επίδαμνος,41.3164,19.4449,polity
ethnic,Corinthians,1.25,379229PKor,Corinth/Korinthos (Korinthia) 1749 Archaia Korinthos - Κόρινθος,37.9054,22.8802,polity
ethnic,Corcyraeans,1.25,396199PKer,Corcyra (Ionian Islands) 405 Kerkyra/Corfu - Κέρκυρα,39.6063,19.9156,polity
place,Delphi,1.25,385225SDel,"Delphic Oracle, Pytho (Delphi) 1539 Delphous - Δελφοί",38.48264,22.50108,sanctuary/temple
ethnic,Ambraciots,1.26,390209UAmb,Ambracus (Arta) 92 Phidokastro - Άμβρακος,39.0419,20.9538,harbor
ethnic,Leucadians,1.26,387207PLeu,Leukas (Ionian Islands) 213 Leukada - Λευκάς,38.81,20.717,polity
ethnic,Corinthians,1.26,379229PKor,Corinth/Korinthos (Korinthia) 1749 Archaia Korinthos - Κόρινθος,37.9054,22.8802,polity
ethnic,Corcyraeans,1.26,396199PKer,Corcyra (Ionian Islands) 405 Kerkyra/Corfu - Κέρκυρα,39.6063,19.9156,polity
ethnic,Epidamnians,1.26,413194PEpi,Epidamnos (Illyria) 258 Durres - Επίδαμνος,41.3164,19.4449,polity
ethnic,Illyrians,1.26,405195RIll,Illyria region (Albania) 939 Albania - Ιλλυρία,40.8,19.8,region/people
place,Apollonia,1.26,407195PApo,Apollonia (Illyria) 177 Pojan - Απολλωνία,40.7215,19.4727,polity
ethnic,Corinthians,1.27,379229PKor,Corinth/Korinthos (Korinthia) 1749 Archaia Korinthos - Κόρινθος,37.9054,22.8802,polity
ethnic,Corcyraeans,1.27,396199PKer,Corcyra (Ionian Islands) 405 Kerkyra/Corfu - Κέρκυρα,39.6063,19.9156,polity
ethnic,Thebans,1.27,383233PThe,Thebes (Boeotia) 2611 Thiva - Θήβαι,38.3191,23.3178,polity
ethnic,Phliasians,1.27,378226PPhl,Phlious (Korinthia) 219 Nemea - Φλιούς,37.846,22.648,polity
ethnic,Eleans,1.27,378215REle,Eleia or Elis region (Eleia) 617 Ileia - Ήλις,37.8,21.5,region/people
place,Epidamnus,1.27,413194PEpi,Epidamnos (Illyria) 258 Durres - Επίδαμνος,41.3164,19.4449,polity
place,Megara,1.27,380233PMeg,Megara (Megarid) 713 Megara - Μέγαρα,37.997,23.34285,polity
place,Pale,1.27,382204UPal,Pale (Kefallenia) 20 Lixouri - Πάλη,38.2226,20.4375,polity
place,Cephallenia,1.27,382206IKep,Kephallania (Kefallenia) 163 Kephallenia - Κεφαλληνία,38.2,20.59,island
place,Epidaurus,1.27,376232PEpi,Epidauros (Argolid) 206 Archaia Epidauros - Επίδαυρος,37.6331,23.1617,polity
place,Hermione,1.27,374232UHer,Hermione (Argolid) 110 Ermioni - Ερμιόνη,37.3834,23.2535,polity
place,Troezen,1.27,375234PTro,Troizen (Troizenia) 220 Damala - Τροιζήν,37.5033,23.3484,polity
place,Leucas,1.27,387207PLeu,Leukas (Ionian Islands) 213 Leukada - Λευκάς,38.81,20.717,polity
place,Ambracia,1.27,392210PAmb,Ambracia (Arta) 195 Arta - Αμβρακία,39.155,20.9899,polity
ethnic,Corcyraeans,1.28,396199PKer,Corcyra (Ionian Islands) 405 Kerkyra/Corfu - Κέρκυρα,39.6063,19.9156,polity
place,Corinth,1.28,379229PKor,Corinth/Korinthos (Korinthia) 1749 Archaia Korinthos - Κόρινθος,37.9054,22.8802,polity
place,Lacedaemon,1.28,371224PSpa,Sparta/Lacedaemon (Lakonia) 5559 Sparti - Σπάρτα,37.0821,22.4237,polity
place,Sicyon,1.28,380227PSik,Sikyon (Korinthia) 619 Vasiliko - Σικυών,37.9834,22.7145,polity
place,Epidamnus,1.28,413194PEpi,Epidamnos (Illyria) 258 Durres - Επίδαμνος,41.3164,19.4449,polity
place,Peloponnese,1.28,375222RPel,Peloponnese (Hellas) 1736 Peloponisos - Πελοπόννησος,37.54,22.15,region/people
place,Delphi,1.28,385225SDel,"Delphic Oracle, Pytho (Delphi) 1539 Delphous - Δελφοί",38.48264,22.50108,sanctuary/temple
ethnic,Corinthians,1.29,379229PKor,Corinth/Korinthos (Korinthia) 1749 Archaia Korinthos - Κόρινθος,37.9054,22.8802,polity
ethnic,Corcyraeans,1.29,396199PKer,Corcyra (Ionian Islands) 405 Kerkyra/Corfu - Κέρκυρα,39.6063,19.9156,polity
place,Epidamnus,1.29,413194PEpi,Epidamnos (Illyria) 258 Durres - Επίδαμνος,41.3164,19.4449,polity
place,Actium,1.29,390208SAkt,Actian Apollo (Akarnania) 104 Aktio marina - Άκτιον,38.9509,20.7683,sanctuary/temple
place,Anactorium,1.29,389208PAna,Anaktorion (Akarnania) 41 Ag. Petros - Ανακτόριον,38.9209,20.8435,polity
place,Ambracia,1.29,392210PAmb,Ambracia (Arta) 195 Arta - Αμβρακία,39.155,20.9899,polity
ethnic,Argives,1.3,376227PArg,Argos (Argolid) 2457 Argos - Άργος,37.63091,22.72079,polity
ethnic,Achaeans,1.3,382219RAch,Achaea region (Achaia) 1800 Achaia - Αχαΐα,38.2,21.9,region/people
demonym,Pelasgian,1.3,398223UPel,Pelasgiotis region (Thessaly) 268 Thessalia - Πελασγία,39.5,22.5,region/people
place,Phthiotis,1.3,393223RPht,Achaea Phthiotis region (Phthiotis) 199 Phthiotida - Φθιώτας Αχαιούς,39.2,22.5,region/people
ethnic,Corcyraeans,1.30,396199PKer,Corcyra (Ionian Islands) 405 Kerkyra/Corfu - Κέρκυρα,39.6063,19.9156,polity
ethnic,Corinthians,1.30,379229PKor,Corinth/Korinthos (Korinthia) 1749 Archaia Korinthos - Κόρινθος,37.9054,22.8802,polity
ethnic,Eleans,1.30,378215REle,Eleia or Elis region (Eleia) 617 Ileia - Ήλις,37.8,21.5,region/people
place,Leukimme,1.30,395201LLeu,Leukimma cape (Kerkyra) 8 Akra Lefkimis - Λευκίμμη,39.4599,20.0709,cape
place,Leucas,1.30,387207PLeu,Leukas (Ionian Islands) 213 Leukada - Λευκάς,38.81,20.717,polity
place,Cyllene,1.30,379211PKyl,Kyllene (Eleia) 59 Kyllini - Κυλλήνη,37.94052,21.1393,polity
place,Actium,1.30,390208SAkt,Actian Apollo (Akarnania) 104 Aktio marina - Άκτιον,38.9509,20.7683,sanctuary/temple
place,Chimerium,1.30,393203LChe,Cheimerion cape (Preveza) 16 Akra Trophali - Χειμέριον,39.2842,20.3414,cape
place,Thesprotis,1.30,394204RThp,Thesprotia region (Thesprotia) 125 Thesprotia - Θεσπρωτία,39.4,20.4,region/people
place,Leukimme,1.30,395201LLeu,Leukimma cape (Kerkyra) 8 Akra Lefkimis - Λευκίμμη,39.4599,20.0709,cape
ethnic,Corcyraeans,1.31,396199PKer,Corcyra (Ionian Islands) 405 Kerkyra/Corfu - Κέρκυρα,39.6063,19.9156,polity
demonym,Athenian,1.31,380237PAth,Athens (Attica) 9448 Athina - Αθήναι,37.9718,23.72793,polity
demonym,Lacedaemonian,1.31,371224PSpa,Sparta/Lacedaemon (Lakonia) 5559 Sparti - Σπάρτα,37.0821,22.4237,polity
place,Corinth,1.31,379229PKor,Corinth/Korinthos (Korinthia) 1749 Archaia Korinthos - Κόρινθος,37.9054,22.8802,polity
place,Peloponnese,1.31,375222RPel,Peloponnese (Hellas) 1736 Peloponisos - Πελοπόννησος,37.54,22.15,region/people
ethnic,Athenians,1.32,380237PAth,Athens (Attica) 9448 Athina - Αθήναι,37.9718,23.72793,polity
ethnic,Corcyraeans,1.32,396199PKer,Corcyra (Ionian Islands) 405 Kerkyra/Corfu - Κέρκυρα,39.6063,19.9156,polity
ethnic,Corinthians,1.32,379229PKor,Corinth/Korinthos (Korinthia) 1749 Archaia Korinthos - Κόρινθος,37.9054,22.8802,polity
place,Peloponnese,1.32,375222RPel,Peloponnese (Hellas) 1736 Peloponisos - Πελοπόννησος,37.54,22.15,region/people
place,Lacedaemon,1.33,371224PSpa,Sparta/Lacedaemon (Lakonia) 5559 Sparti - Σπάρτα,37.0821,22.4237,polity
place,Corinth,1.33,379229PKor,Corinth/Korinthos (Korinthia) 1749 Archaia Korinthos - Κόρινθος,37.9054,22.8802,polity
place,Corcyra,1.33,396199PKer,Corcyra (Ionian Islands) 405 Kerkyra/Corfu - Κέρκυρα,39.6063,19.9156,polity
place,Corinth,1.34,379229PKor,Corinth/Korinthos (Korinthia) 1749 Archaia Korinthos - Κόρινθος,37.9054,22.8802,polity
place,Epidamnus,1.34,413194PEpi,Epidamnos (Illyria) 258 Durres - Επίδαμνος,41.3164,19.4449,polity
place,Lacedaemon,1.35,371224PSpa,Sparta/Lacedaemon (Lakonia) 5559 Sparti - Σπάρτα,37.0821,22.4237,polity
place,Corinth,1.35,379229PKor,Corinth/Korinthos (Korinthia) 1749 Archaia Korinthos - Κόρινθος,37.9054,22.8802,polity
ethnic,Corcyraeans,1.36,396199PKer,Corcyra (Ionian Islands) 405 Kerkyra/Corfu - Κέρκυρα,39.6063,19.9156,polity
ethnic,Corinthians,1.36,379229PKor,Corinth/Korinthos (Korinthia) 1749 Archaia Korinthos - Κόρινθος,37.9054,22.8802,polity
place,Athens,1.36,380237PAth,Athens (Attica) 9448 Athina - Αθήναι,37.9718,23.72793,polity
place,Italy,1.36,406163RIta,Italia region (Italy) 4036 Italy - Ιταλία,40.6,16.3,region/people
place,Sicily,1.36,376145RSic,Sicily region (Italy) 3245 Sicilia - Σικελία,37.6,14.5,region/people
place,Peloponnese,1.36,375222RPel,Peloponnese (Hellas) 1736 Peloponisos - Πελοπόννησος,37.54,22.15,region/people
ethnic,Corcyraeans,1.37,396199PKer,Corcyra (Ionian Islands) 405 Kerkyra/Corfu - Κέρκυρα,39.6063,19.9156,polity
place,Epidamnus,1.38,413194PEpi,Epidamnos (Illyria) 258 Durres - Επίδαμνος,41.3164,19.4449,polity
ethnic,Carians,1.4,370287RKar,Caria region (Asia Minor) 709 W Asia Minor - Καρία,37.01,28.7,region/people
place,Cyclades,1.4,372248RKyk,Cyclades region (Aegean) 166 Kyklades - Κυκλάδες,37.2,24.8,region/people
ethnic,Samians,1.40,377269PSam,Samos (Aegean) 872 Pythagoreio - Σάμος,37.695,26.935,polity
demonym,Peloponnesian,1.40,375222RPel,Peloponnese (Hellas) 1736 Peloponisos - Πελοπόννησος,37.54,22.15,region/people
place,Corinth,1.40,379229PKor,Corinth/Korinthos (Korinthia) 1749 Archaia Korinthos - Κόρινθος,37.9054,22.8802,polity
place,Corcyra,1.40,396199PKer,Corcyra (Ionian Islands) 405 Kerkyra/Corfu - Κέρκυρα,39.6063,19.9156,polity
ethnic,Aeginetans,1.41,378234PAig,Aigina polis (Aegina) 464 Aigina - Αίγινα,37.75,23.425,polity
ethnic,Peloponnesians,1.41,375222RPel,Peloponnese (Hellas) 1736 Peloponisos - Πελοπόννησος,37.54,22.15,region/people
demonym,Persian,1.41,295540RPer,Persia (Asia) 4067 Fars - Περσία ,29.5,54.0,region/people
demonym,Samian,1.41,377269PSam,Samos (Aegean) 872 Pythagoreio - Σάμος,37.695,26.935,polity
place,Corinth,1.41,379229PKor,Corinth/Korinthos (Korinthia) 1749 Archaia Korinthos - Κόρινθος,37.9054,22.8802,polity
ethnic,Corcyraeans,1.42,396199PKer,Corcyra (Ionian Islands) 405 Kerkyra/Corfu - Κέρκυρα,39.6063,19.9156,polity
place,Corinth,1.42,379229PKor,Corinth/Korinthos (Korinthia) 1749 Archaia Korinthos - Κόρινθος,37.9054,22.8802,polity
place,Megara,1.42,380233PMeg,Megara (Megarid) 713 Megara - Μέγαρα,37.997,23.34285,polity
ethnic,Corcyraeans,1.43,396199PKer,Corcyra (Ionian Islands) 405 Kerkyra/Corfu - Κέρκυρα,39.6063,19.9156,polity
place,Lacedaemon,1.43,371224PSpa,Sparta/Lacedaemon (Lakonia) 5559 Sparti - Σπάρτα,37.0821,22.4237,polity
ethnic,Corinthians,1.44,379229PKor,Corinth/Korinthos (Korinthia) 1749 Archaia Korinthos - Κόρινθος,37.9054,22.8802,polity
ethnic,Athenians,1.44,380237PAth,Athens (Attica) 9448 Athina - Αθήναι,37.9718,23.72793,polity
demonym,Peloponnesian,1.44,375222RPel,Peloponnese (Hellas) 1736 Peloponisos - Πελοπόννησος,37.54,22.15,region/people
place,Corcyra,1.44,396199PKer,Corcyra (Ionian Islands) 405 Kerkyra/Corfu - Κέρκυρα,39.6063,19.9156,polity
place,Italy,1.44,406163RIta,Italia region (Italy) 4036 Italy - Ιταλία,40.6,16.3,region/people
place,Sicily,1.44,376145RSic,Sicily region (Italy) 3245 Sicilia - Σικελία,37.6,14.5,region/people
ethnic,Corinthians,1.45,379229PKor,Corinth/Korinthos (Korinthia) 1749 Archaia Korinthos - Κόρινθος,37.9054,22.8802,polity
place,Athens,1.45,380237PAth,Athens (Attica) 9448 Athina - Αθήναι,37.9718,23.72793,polity
place,Corcyra,1.45,396199PKer,Corcyra (Ionian Islands) 405 Kerkyra/Corfu - Κέρκυρα,39.6063,19.9156,polity
ethnic,Corinthians,1.46,379229PKor,Corinth/Korinthos (Korinthia) 1749 Archaia Korinthos - Κόρινθος,37.9054,22.8802,polity
demonym,Elean,1.46,394206PEle,Elea (Thesprotia) 3 Khrysavgi (Veliani) - Ελέα,39.4407,20.553,polity
demonym,Acherusian,1.46,393208WAch,Acherusia (Preveza) 34 Kastri dry lake - Αχερουσία λίμνη,39.253,20.553,lake
place,Corcyra,1.46,396199PKer,Corcyra (Ionian Islands) 405 Kerkyra/Corfu - Κέρκυρα,39.6063,19.9156,polity
place,Elis,1.46,378214PEli,Elis (Eleia) 521 Elis - Ήλις,37.89,21.374,polity
place,Megara,1.46,380233PMeg,Megara (Megarid) 713 Megara - Μέγαρα,37.997,23.34285,polity
place,Leucas,1.46,387207PLeu,Leukas (Ionian Islands) 213 Leukada - Λευκάς,38.81,20.717,polity
place,Ambracia,1.46,392210PAmb,Ambracia (Arta) 195 Arta - Αμβρακία,39.155,20.9899,polity
place,Anactorium,1.46,389208PAna,Anaktorion (Akarnania) 41 Ag. Petros - Ανακτόριον,38.9209,20.8435,polity
place,Chimerium,1.46,393203LChe,Cheimerion cape (Preveza) 16 Akra Trophali - Χειμέριον,39.2842,20.3414,cape
place,Thesprotis,1.46,394204RThp,Thesprotia region (Thesprotia) 125 Thesprotia - Θεσπρωτία,39.4,20.4,region/people
place,Ephyre,1.46,392205UEph,Ephyra (Preveza) 29 Mesopotamon or Kastri - Εφύρα,39.2409,20.5321,polity
place,Acheron,1.46,392205WAch,Acheron R. (Preveza) 163 Akheron - Αχέρων,39.2348,20.4831,river
place,Thyamis,1.46,398203WThy,Thyamis R. (Thesprotia) 24 Kalama - Θύαμις,39.581,20.251,river
place,Kestrine,1.46,397201UKes,Kestria (Epiros) 10 Ciftlig - Κεστρία,39.682,20.122,polity
place,Chimerium,1.46,393203LChe,Cheimerion cape (Preveza) 16 Akra Trophali - Χειμέριον,39.2842,20.3414,cape
ethnic,Corcyraeans,1.47,396199PKer,Corcyra (Ionian Islands) 405 Kerkyra/Corfu - Κέρκυρα,39.6063,19.9156,polity
ethnic,Corinthians,1.47,379229PKor,Corinth/Korinthos (Korinthia) 1749 Archaia Korinthos - Κόρινθος,37.9054,22.8802,polity
demonym,Athenian,1.47,380237PAth,Athens (Attica) 9448 Athina - Αθήναι,37.9718,23.72793,polity
place,Sybota,1.47,394202ISyb,Sybota (Thesprotia) 24 Sivota (Nisi Sivota and Nisi Ag. Nikolaos) - Σύβοτα,39.4043,20.2213,island
place,Leukimme,1.47,395201LLeu,Leukimma cape (Kerkyra) 8 Akra Lefkimis - Λευκίμμη,39.4599,20.0709,cape
place,Zacynthus,1.47,378209PZak,Zacynthus (Ionian Islands) 123 Zakynthos - Ζάκυνθος,37.7872,20.8921,polity
ethnic,Athenians,1.48,380237PAth,Athens (Attica) 9448 Athina - Αθήναι,37.9718,23.72793,polity
ethnic,Corcyraeans,1.48,396199PKer,Corcyra (Ionian Islands) 405 Kerkyra/Corfu - Κέρκυρα,39.6063,19.9156,polity
demonym,Corinthian,1.48,379229PKor,Corinth/Korinthos (Korinthia) 1749 Archaia Korinthos - Κόρινθος,37.9054,22.8802,polity
demonym,Megarian,1.48,380233PMeg,Megara (Megarid) 713 Megara - Μέγαρα,37.997,23.34285,polity
demonym,Ambraciot,1.48,390209UAmb,Ambracus (Arta) 92 Phidokastro - Άμβρακος,39.0419,20.9538,harbor
place,Chimerium,1.48,393203LChe,Cheimerion cape (Preveza) 16 Akra Trophali - Χειμέριον,39.2842,20.3414,cape
ethnic,Corcyraeans,1.49,396199PKer,Corcyra (Ionian Islands) 405 Kerkyra/Corfu - Κέρκυρα,39.6063,19.9156,polity
ethnic,Corinthians,1.49,379229PKor,Corinth/Korinthos (Korinthia) 1749 Archaia Korinthos - Κόρινθος,37.9054,22.8802,polity
ethnic,Athenians,1.49,380237PAth,Athens (Attica) 9448 Athina - Αθήναι,37.9718,23.72793,polity
ethnic,Ozolian Locrians,1.5,384222ROzo,Ozolian Lokris region (Phokis) 125 S Phokida - Οζόλαι,38.4,22.2,region/people
ethnic,Aetolians,1.5,386215RAit,Aitolia region (Aitolia) 1220 Aitolia - Αιτωλία,38.6,21.5,region/people
ethnic,Acarnanians,1.5,388210RAka,Akarnania region (Akarnania) 435 Akarnania - Ακαρνανία,38.8,21.0,region/people
ethnic,Corinthians,1.50,379229PKor,Corinth/Korinthos (Korinthia) 1749 Archaia Korinthos - Κόρινθος,37.9054,22.8802,polity
ethnic,Corcyraeans,1.50,396199PKer,Corcyra (Ionian Islands) 405 Kerkyra/Corfu - Κέρκυρα,39.6063,19.9156,polity
ethnic,Athenians,1.50,380237PAth,Athens (Attica) 9448 Athina - Αθήναι,37.9718,23.72793,polity
place,Sybota,1.50,394202ISyb,Sybota (Thesprotia) 24 Sivota (Nisi Sivota and Nisi Ag. Nikolaos) - Σύβοτα,39.4043,20.2213,island
place,Sybota,1.50,394202ISyb,Sybota (Thesprotia) 24 Sivota (Nisi Sivota and Nisi Ag. Nikolaos) - Σύβοτα,39.4043,20.2213,island
place,Thesprotis,1.50,394204RThp,Thesprotia region (Thesprotia) 125 Thesprotia - Θεσπρωτία,39.4,20.4,region/people
ethnic,Corinthians,1.51,379229PKor,Corinth/Korinthos (Korinthia) 1749 Archaia Korinthos - Κόρινθος,37.9054,22.8802,polity
ethnic,Corcyraeans,1.51,396199PKer,Corcyra (Ionian Islands) 405 Kerkyra/Corfu - Κέρκυρα,39.6063,19.9156,polity
place,Athens,1.51,380237PAth,Athens (Attica) 9448 Athina - Αθήναι,37.9718,23.72793,polity
place,Leukimme,1.51,395201LLeu,Leukimma cape (Kerkyra) 8 Akra Lefkimis - Λευκίμμη,39.4599,20.0709,cape
ethnic,Corinthians,1.52,379229PKor,Corinth/Korinthos (Korinthia) 1749 Archaia Korinthos - Κόρινθος,37.9054,22.8802,polity
ethnic,Athenians,1.52,380237PAth,Athens (Attica) 9448 Athina - Αθήναι,37.9718,23.72793,polity
demonym,Corcyraean,1.52,396199PKer,Corcyra (Ionian Islands) 405 Kerkyra/Corfu - Κέρκυρα,39.6063,19.9156,polity
place,Sybota,1.52,394202ISyb,Sybota (Thesprotia) 24 Sivota (Nisi Sivota and Nisi Ag. Nikolaos) - Σύβοτα,39.4043,20.2213,island
ethnic,Athenians,1.53,380237PAth,Athens (Attica) 9448 Athina - Αθήναι,37.9718,23.72793,polity
ethnic,Peloponnesians,1.53,375222RPel,Peloponnese (Hellas) 1736 Peloponisos - Πελοπόννησος,37.54,22.15,region/people
ethnic,Corcyraeans,1.53,396199PKer,Corcyra (Ionian Islands) 405 Kerkyra/Corfu - Κέρκυρα,39.6063,19.9156,polity
ethnic,Athenians,1.54,380237PAth,Athens (Attica) 9448 Athina - Αθήναι,37.9718,23.72793,polity
ethnic,Corinthians,1.54,379229PKor,Corinth/Korinthos (Korinthia) 1749 Archaia Korinthos - Κόρινθος,37.9054,22.8802,polity
ethnic,Corcyraeans,1.54,396199PKer,Corcyra (Ionian Islands) 405 Kerkyra/Corfu - Κέρκυρα,39.6063,19.9156,polity
place,Sybota,1.54,394202ISyb,Sybota (Thesprotia) 24 Sivota (Nisi Sivota and Nisi Ag. Nikolaos) - Σύβοτα,39.4043,20.2213,island
place,Sybota,1.54,394202ISyb,Sybota (Thesprotia) 24 Sivota (Nisi Sivota and Nisi Ag. Nikolaos) - Σύβοτα,39.4043,20.2213,island
place,Sybota,1.54,394202ISyb,Sybota (Thesprotia) 24 Sivota (Nisi Sivota and Nisi Ag. Nikolaos) - Σύβοτα,39.4043,20.2213,island
ethnic,Corinthians,1.55,379229PKor,Corinth/Korinthos (Korinthia) 1749 Archaia Korinthos - Κόρινθος,37.9054,22.8802,polity
ethnic,Corcyraeans,1.55,396199PKer,Corcyra (Ionian Islands) 405 Kerkyra/Corfu - Κέρκυρα,39.6063,19.9156,polity
ethnic,Athenians,1.55,380237PAth,Athens (Attica) 9448 Athina - Αθήναι,37.9718,23.72793,polity
place,Anactorium,1.55,389208PAna,Anaktorion (Akarnania) 41 Ag. Petros - Ανακτόριον,38.9209,20.8435,polity
place,Ambracian Gulf,1.55,390210WAmb,Ambracian Gulf (Aitolia) 77 Ambracian Gulf - Αμβρακικός κόλπος,38.9725,20.9692,sea/strait
ethnic,Athenians,1.56,380237PAth,Athens (Attica) 9448 Athina - Αθήναι,37.9718,23.72793,polity
ethnic,Peloponnesians,1.56,375222RPel,Peloponnese (Hellas) 1736 Peloponisos - Πελοπόννησος,37.54,22.15,region/people
ethnic,Potidaeans,1.56,402233UPot,Poteidaia/Kassandreia (Chalkidike) 167 Nea Potidaia - Κασάνδρεια,40.1937,23.3278,polity
ethnic,Corinthians,1.56,379229PKor,Corinth/Korinthos (Korinthia) 1749 Archaia Korinthos - Κόρινθος,37.9054,22.8802,polity
place,Pallene,1.56,400236LPal,Pallene/Phlegra (Chalkidike) 112 Pallini - Παλλήνη,40.06,23.41,region/people
place,Thrace,1.56,410265RThr,Thrace region (Evros) 1818 Thraki - Θραίκη,41.0,26.5,region/people
ethnic,Potidaeans,1.57,402233UPot,Poteidaia/Kassandreia (Chalkidike) 167 Nea Potidaia - Κασάνδρεια,40.1937,23.3278,polity
ethnic,Athenians,1.57,380237PAth,Athens (Attica) 9448 Athina - Αθήναι,37.9718,23.72793,polity
ethnic,Macedonians,1.57,408225RMak,Macedonia region (Greece) 3609 Makedonia - Μακεδονία,40.81,22.5,region/people
ethnic,Peloponnesians,1.57,375222RPel,Peloponnese (Hellas) 1736 Peloponisos - Πελοπόννησος,37.54,22.15,region/people
ethnic,Chalcidians,1.57,405233RCha,Chalcidike region (Chalkidike) 90 Khalkidiki - Χαλκιδική,40.5,23.3,region/people
ethnic,Bottiaeans,1.57,406223RBot,Bottiaia region (Emathia) 55 central Macedonian plain - Βοττιαίοι,40.6,22.3,region/people
place,Corcyra,1.57,396199PKer,Corcyra (Ionian Islands) 405 Kerkyra/Corfu - Κέρκυρα,39.6063,19.9156,polity
place,Corinth,1.57,379229PKor,Corinth/Korinthos (Korinthia) 1749 Archaia Korinthos - Κόρινθος,37.9054,22.8802,polity
place,Lacedaemon,1.57,371224PSpa,Sparta/Lacedaemon (Lakonia) 5559 Sparti - Σπάρτα,37.0821,22.4237,polity
place,Thrace,1.57,410265RThr,Thrace region (Evros) 1818 Thraki - Θραίκη,41.0,26.5,region/people
ethnic,Potidaeans,1.58,402233UPot,Poteidaia/Kassandreia (Chalkidike) 167 Nea Potidaia - Κασάνδρεια,40.1937,23.3278,polity
ethnic,Corinthians,1.58,379229PKor,Corinth/Korinthos (Korinthia) 1749 Archaia Korinthos - Κόρινθος,37.9054,22.8802,polity
ethnic,Athenians,1.58,380237PAth,Athens (Attica) 9448 Athina - Αθήναι,37.9718,23.72793,polity
ethnic,Chalcidians,1.58,405233RCha,Chalcidike region (Chalkidike) 90 Khalkidiki - Χαλκιδική,40.5,23.3,region/people
ethnic,Bottiaeans,1.58,406223RBot,Bottiaia region (Emathia) 55 central Macedonian plain - Βοττιαίοι,40.6,22.3,region/people
ethnic,Chalcidians,1.58,405233RCha,Chalcidike region (Chalkidike) 90 Khalkidiki - Χαλκιδική,40.5,23.3,region/people
demonym,Lacedaemonian,1.58,371224PSpa,Sparta/Lacedaemon (Lakonia) 5559 Sparti - Σπάρτα,37.0821,22.4237,polity
place,Macedonia,1.58,408225RMak,Macedonia region (Greece) 3609 Makedonia - Μακεδονία,40.81,22.5,region/people
place,Attica,1.58,379239RAtt,Attica region (Hellas) 1518 Attiki - Αττική,37.9,23.9,region/people
place,Olynthus,1.58,403234POly,Olynthos (Chalkidike) 226 Nea Olynthos - Ολυνθος,40.2963,23.354,polity
place,Mygdonia,1.58,407232RMyg,Mygdonia region (Thessaloniki) 54  - Μυγδονία,40.7,23.2,region/people
place,Bolbe,1.58,407235WBol,Bolbe (Thessaloniki) 19 Lake Volvi - Βόλβη,40.67,23.5,lake
ethnic,Athenians,1.59,380237PAth,Athens (Attica) 9448 Athina - Αθήναι,37.9718,23.72793,polity
place,Potidaea,1.59,402233UPot,Poteidaia/Kassandreia (Chalkidike) 167 Nea Potidaia - Κασάνδρεια,40.1937,23.3278,polity
place,Macedonia,1.59,408225RMak,Macedonia region (Greece) 3609 Makedonia - Μακεδονία,40.81,22.5,region/people
ethnic,Athenians,1.6,380237PAth,Athens (Attica) 9448 Athina - Αθήναι,37.9718,23.72793,polity
ethnic,Lacedaemonians,1.6,371224PSpa,Sparta/Lacedaemon (Lakonia) 5559 Sparti - Σπάρτα,37.0821,22.4237,polity
demonym,Ionian,1.6,375275RIon,Ionia region (Asia Minor) 884 Izmir - Ιωνία,38.0,27.3,region/people
demonym,Olympic,1.6,376216SOly,Olympian Zeus sanctuary (Eleia) 856 Archaia Olympia - Ολυμπία,37.6378,21.63,sanctuary/temple
ethnic,Corinthians,1.60,379229PKor,Corinth/Korinthos (Korinthia) 1749 Archaia Korinthos - Κόρινθος,37.9054,22.8802,polity
ethnic,Potidaeans,1.60,402233UPot,Poteidaia/Kassandreia (Chalkidike) 167 Nea Potidaia - Κασάνδρεια,40.1937,23.3278,polity
demonym,Athenian,1.60,380237PAth,Athens (Attica) 9448 Athina - Αθήναι,37.9718,23.72793,polity
place,Macedonia,1.60,408225RMak,Macedonia region (Greece) 3609 Makedonia - Μακεδονία,40.81,22.5,region/people
place,Peloponnese,1.60,375222RPel,Peloponnese (Hellas) 1736 Peloponisos - Πελοπόννησος,37.54,22.15,region/people
place,Thrace,1.60,410265RThr,Thrace region (Evros) 1818 Thraki - Θραίκη,41.0,26.5,region/people
ethnic,Athenians,1.61,380237PAth,Athens (Attica) 9448 Athina - Αθήναι,37.9718,23.72793,polity
demonym,Macedonian,1.61,408225RMak,Macedonia region (Greece) 3609 Makedonia - Μακεδονία,40.81,22.5,region/people
place,Therme,1.61,406229PThr,Therme (Thessaloniki) 44 S Thessaloniki - Θέρμη,40.5816,22.944,polity
place,Pydna,1.61,404226PPyd,Pydna (Pieria) 76 Archaia Pydna - Πύδνα,40.3973,22.6173,polity
place,Pydna,1.61,404226PPyd,Pydna (Pieria) 76 Archaia Pydna - Πύδνα,40.3973,22.6173,polity
place,Potidaea,1.61,402233UPot,Poteidaia/Kassandreia (Chalkidike) 167 Nea Potidaia - Κασάνδρεια,40.1937,23.3278,polity
place,Brea,1.61,403231UBre,Brea (Chalkidike) 2 S Nea Syllata - Βρέα,40.2886,23.127,polity
place,Beroea,1.61,405222PBer,Berroia (Emathia) 66 Veroia - Βέροια,40.5221,22.2015,polity
place,Strepsa,1.61,405231PStr,Strepsa (Thessaloniki) 9 Basilika? - Στρέψα,40.4832,23.1385,polity
place,Gigonus,1.61,403230PGig,Gigonos (Chalkidike) 13 Nea Irakleia - Γίγωνος,40.3296,23.0302,polity
ethnic,Potidaeans,1.62,402233UPot,Poteidaia/Kassandreia (Chalkidike) 167 Nea Potidaia - Κασάνδρεια,40.1937,23.3278,polity
ethnic,Peloponnesians,1.62,375222RPel,Peloponnese (Hellas) 1736 Peloponisos - Πελοπόννησος,37.54,22.15,region/people
ethnic,Athenians,1.62,380237PAth,Athens (Attica) 9448 Athina - Αθήναι,37.9718,23.72793,polity
ethnic,Chalcidians,1.62,405233RCha,Chalcidike region (Chalkidike) 90 Khalkidiki - Χαλκιδική,40.5,23.3,region/people
ethnic,Corinthians,1.62,379229PKor,Corinth/Korinthos (Korinthia) 1749 Archaia Korinthos - Κόρινθος,37.9054,22.8802,polity
demonym,Macedonian,1.62,408225RMak,Macedonia region (Greece) 3609 Makedonia - Μακεδονία,40.81,22.5,region/people
place,Olynthus,1.62,403234POly,Olynthos (Chalkidike) 226 Nea Olynthos - Ολυνθος,40.2963,23.354,polity
ethnic,Potidaeans,1.63,402233UPot,Poteidaia/Kassandreia (Chalkidike) 167 Nea Potidaia - Κασάνδρεια,40.1937,23.3278,polity
ethnic,Athenians,1.63,380237PAth,Athens (Attica) 9448 Athina - Αθήναι,37.9718,23.72793,polity
ethnic,Macedonians,1.63,408225RMak,Macedonia region (Greece) 3609 Makedonia - Μακεδονία,40.81,22.5,region/people
place,Olynthus,1.63,403234POly,Olynthos (Chalkidike) 226 Nea Olynthos - Ολυνθος,40.2963,23.354,polity
ethnic,Athenians,1.64,380237PAth,Athens (Attica) 9448 Athina - Αθήναι,37.9718,23.72793,polity
ethnic,Potidaeans,1.64,402233UPot,Poteidaia/Kassandreia (Chalkidike) 167 Nea Potidaia - Κασάνδρεια,40.1937,23.3278,polity
place,Pallene,1.64,400236LPal,Pallene/Phlegra (Chalkidike) 112 Pallini - Παλλήνη,40.06,23.41,region/people
place,Aphytis,1.64,401234PAph,Aphytis (Chalkidike) 19 Aphytos - Άφυτις,40.0994,23.4366,polity
ethnic,Athenians,1.65,380237PAth,Athens (Attica) 9448 Athina - Αθήναι,37.9718,23.72793,polity
ethnic,Chalcidians,1.65,405233RCha,Chalcidike region (Chalkidike) 90 Khalkidiki - Χαλκιδική,40.5,23.3,region/people
ethnic,Sermylians,1.65,403235PSer,Sermylia (Chalkidike) 11 Ormylia? - Σερμυλία,40.2601,23.518,polity
place,Peloponnese,1.65,375222RPel,Peloponnese (Hellas) 1736 Peloponisos - Πελοπόννησος,37.54,22.15,region/people
place,Potidaea,1.65,402233UPot,Poteidaia/Kassandreia (Chalkidike) 167 Nea Potidaia - Κασάνδρεια,40.1937,23.3278,polity
place,Chalcidice,1.65,405233RCha,Chalcidike region (Chalkidike) 90 Khalkidiki - Χαλκιδική,40.5,23.3,region/people
place,Bottice,1.65,406223RBot,Bottiaia region (Emathia) 55 central Macedonian plain - Βοττιαίοι,40.6,22.3,region/people
ethnic,Athenians,1.66,380237PAth,Athens (Attica) 9448 Athina - Αθήναι,37.9718,23.72793,polity
ethnic,Peloponnesians,1.66,375222RPel,Peloponnese (Hellas) 1736 Peloponisos - Πελοπόννησος,37.54,22.15,region/people
ethnic,Potidaeans,1.66,402233UPot,Poteidaia/Kassandreia (Chalkidike) 167 Nea Potidaia - Κασάνδρεια,40.1937,23.3278,polity
demonym,Corinthian,1.66,379229PKor,Corinth/Korinthos (Korinthia) 1749 Archaia Korinthos - Κόρινθος,37.9054,22.8802,polity
ethnic,Aeginetans,1.67,378234PAig,Aigina polis (Aegina) 464 Aigina - Αίγινα,37.75,23.425,polity
ethnic,Lacedaemonians,1.67,371224PSpa,Sparta/Lacedaemon (Lakonia) 5559 Sparti - Σπάρτα,37.0821,22.4237,polity
ethnic,Megarians,1.67,380233PMeg,Megara (Megarid) 713 Megara - Μέγαρα,37.997,23.34285,polity
ethnic,Corinthians,1.67,379229PKor,Corinth/Korinthos (Korinthia) 1749 Archaia Korinthos - Κόρινθος,37.9054,22.8802,polity
demonym,Athenian,1.67,380237PAth,Athens (Attica) 9448 Athina - Αθήναι,37.9718,23.72793,polity
place,Potidaea,1.67,402233UPot,Poteidaia/Kassandreia (Chalkidike) 167 Nea Potidaia - Κασάνδρεια,40.1937,23.3278,polity
place,Peloponnese,1.67,375222RPel,Peloponnese (Hellas) 1736 Peloponisos - Πελοπόννησος,37.54,22.15,region/people
ethnic,Lacedaemonians,1.68,371224PSpa,Sparta/Lacedaemon (Lakonia) 5559 Sparti - Σπάρτα,37.0821,22.4237,polity
ethnic,Peloponnesians,1.68,375222RPel,Peloponnese (Hellas) 1736 Peloponisos - Πελοπόννησος,37.54,22.15,region/people
demonym,Athenian,1.68,380237PAth,Athens (Attica) 9448 Athina - Αθήναι,37.9718,23.72793,polity
place,Corcyra,1.68,396199PKer,Corcyra (Ionian Islands) 405 Kerkyra/Corfu - Κέρκυρα,39.6063,19.9156,polity
place,Potidaea,1.68,402233UPot,Poteidaia/Kassandreia (Chalkidike) 167 Nea Potidaia - Κασάνδρεια,40.1937,23.3278,polity
ethnic,Lacedaemonians,1.69,371224PSpa,Sparta/Lacedaemon (Lakonia) 5559 Sparti - Σπάρτα,37.0821,22.4237,polity
demonym,Athenian,1.69,380237PAth,Athens (Attica) 9448 Athina - Αθήναι,37.9718,23.72793,polity
place,Long Walls,1.69,380237FLW1,S Long Wall 1 (Athens) 41 Tauros - Μακρά Τείχη,37.96235,23.7026,fortification
place,Peloponnese,1.69,375222RPel,Peloponnese (Hellas) 1736 Peloponisos - Πελοπόννησος,37.54,22.15,region/people
ethnic,Athenians,1.70,380237PAth,Athens (Attica) 9448 Athina - Αθήναι,37.9718,23.72793,polity
ethnic,Lacedaemonians,1.71,371224PSpa,Sparta/Lacedaemon (Lakonia) 5559 Sparti - Σπάρτα,37.0821,22.4237,polity
place,Athens,1.71,380237PAth,Athens (Attica) 9448 Athina - Αθήναι,37.9718,23.72793,polity
place,Potidaea,1.71,402233UPot,Poteidaia/Kassandreia (Chalkidike) 167 Nea Potidaia - Κασάνδρεια,40.1937,23.3278,polity
place,Attica,1.71,379239RAtt,Attica region (Hellas) 1518 Attiki - Αττική,37.9,23.9,region/people
place,Peloponnese,1.71,375222RPel,Peloponnese (Hellas) 1736 Peloponisos - Πελοπόννησος,37.54,22.15,region/people
ethnic,Corinthians,1.72,379229PKor,Corinth/Korinthos (Korinthia) 1749 Archaia Korinthos - Κόρινθος,37.9054,22.8802,polity
ethnic,Lacedaemonians,1.72,371224PSpa,Sparta/Lacedaemon (Lakonia) 5559 Sparti - Σπάρτα,37.0821,22.4237,polity
ethnic,Athenians,1.72,380237PAth,Athens (Attica) 9448 Athina - Αθήναι,37.9718,23.72793,polity
demonym,Peloponnesian,1.73,375222RPel,Peloponnese (Hellas) 1736 Peloponisos - Πελοπόννησος,37.54,22.15,region/people
place,Athens,1.73,380237PAth,Athens (Attica) 9448 Athina - Αθήναι,37.9718,23.72793,polity
place,Marathon,1.73,381241LMaB,Marathon battlefield (Attica) 173 Schinias - Μαραθών,38.144,24.0002,battlefield
place,Salamis,1.73,380236ASSB,Salamis Sea Battle (Attica) 148 Salamis strait,37.952,23.573,battlefield
ethnic,Lacedaemonians,1.75,371224PSpa,Sparta/Lacedaemon (Lakonia) 5559 Sparti - Σπάρτα,37.0821,22.4237,polity
ethnic,Lacedaemonians,1.76,371224PSpa,Sparta/Lacedaemon (Lakonia) 5559 Sparti - Σπάρτα,37.0821,22.4237,polity
place,Peloponnese,1.76,375222RPel,Peloponnese (Hellas) 1736 Peloponisos - Πελοπόννησος,37.54,22.15,region/people
place,Athens,1.77,380237PAth,Athens (Attica) 9448 Athina - Αθήναι,37.9718,23.72793,polity
ethnic,Athenians,1.79,380237PAth,Athens (Attica) 9448 Athina - Αθήναι,37.9718,23.72793,polity
ethnic,Lacedaemonians,1.79,371224PSpa,Sparta/Lacedaemon (Lakonia) 5559 Sparti - Σπάρτα,37.0821,22.4237,polity
ethnic,Carians,1.8,370287RKar,Caria region (Asia Minor) 709 W Asia Minor - Καρία,37.01,28.7,region/people
ethnic,Phoenicians,1.8,335354RPho,Phoenicia (Lebanon) 1083 Lebanon - Φοινική,33.5,35.4,region/people
place,Delos,1.8,374253PDel,Delos (Cyclades) 404 Dilos - Δήλος,37.398,25.267,polity
place,Athens,1.8,380237PAth,Athens (Attica) 9448 Athina - Αθήναι,37.9718,23.72793,polity
place,Troy,1.8,400262UIli,Troy/Ilion (Troad) 3316 Truva - Τροίη,39.9575,26.2389,polity
ethnic,Lacedaemonians,1.80,371224PSpa,Sparta/Lacedaemon (Lakonia) 5559 Sparti - Σπάρτα,37.0821,22.4237,polity
ethnic,Peloponnesians,1.80,375222RPel,Peloponnese (Hellas) 1736 Peloponisos - Πελοπόννησος,37.54,22.15,region/people
ethnic,Athenians,1.81,380237PAth,Athens (Attica) 9448 Athina - Αθήναι,37.9718,23.72793,polity
ethnic,Athenians,1.82,380237PAth,Athens (Attica) 9448 Athina - Αθήναι,37.9718,23.72793,polity
place,Peloponnese,1.82,375222RPel,Peloponnese (Hellas) 1736 Peloponisos - Πελοπόννησος,37.54,22.15,region/people
ethnic,Athenians,1.83,380237PAth,Athens (Attica) 9448 Athina - Αθήναι,37.9718,23.72793,polity
ethnic,Athenians,1.85,380237PAth,Athens (Attica) 9448 Athina - Αθήναι,37.9718,23.72793,polity
ethnic,Lacedaemonians,1.85,371224PSpa,Sparta/Lacedaemon (Lakonia) 5559 Sparti - Σπάρτα,37.0821,22.4237,polity
place,Potidaea,1.85,402233UPot,Poteidaia/Kassandreia (Chalkidike) 167 Nea Potidaia - Κασάνδρεια,40.1937,23.3278,polity
ethnic,Athenians,1.86,380237PAth,Athens (Attica) 9448 Athina - Αθήναι,37.9718,23.72793,polity
ethnic,Lacedaemonians,1.86,371224PSpa,Sparta/Lacedaemon (Lakonia) 5559 Sparti - Σπάρτα,37.0821,22.4237,polity
place,Peloponnese,1.86,375222RPel,Peloponnese (Hellas) 1736 Peloponisos - Πελοπόννησος,37.54,22.15,region/people
ethnic,Lacedaemonians,1.87,371224PSpa,Sparta/Lacedaemon (Lakonia) 5559 Sparti - Σπάρτα,37.0821,22.4237,polity
demonym,Athenian,1.87,380237PAth,Athens (Attica) 9448 Athina - Αθήναι,37.9718,23.72793,polity
place,Euboea,1.87,385239IEub,Euboia (Euboea) 740 Evia - Εύβοια,38.53,23.87,island
ethnic,Lacedaemonians,1.88,371224PSpa,Sparta/Lacedaemon (Lakonia) 5559 Sparti - Σπάρτα,37.0821,22.4237,polity
ethnic,Athenians,1.88,380237PAth,Athens (Attica) 9448 Athina - Αθήναι,37.9718,23.72793,polity
ethnic,Medes,1.89,355480RMed,Media (Asia) 945 Hamedan - Μηδία,35.5,48.0,region/people
ethnic,Lacedaemonians,1.89,371224PSpa,Sparta/Lacedaemon (Lakonia) 5559 Sparti - Σπάρτα,37.0821,22.4237,polity
ethnic,Athenians,1.89,380237PAth,Athens (Attica) 9448 Athina - Αθήναι,37.9718,23.72793,polity
demonym,Persian,1.89,295540RPer,Persia (Asia) 4067 Fars - Περσία ,29.5,54.0,region/people
place,Mycale,1.89,377271LMyc,Mykale Mt. (Ionia) 88 Samsun Dag - Μυκάλη,37.6667,27.0833,mountain
place,Mycale,1.89,377271LMyc,Mykale Mt. (Ionia) 88 Samsun Dag - Μυκάλη,37.6667,27.0833,mountain
place,Peloponnese,1.89,375222RPel,Peloponnese (Hellas) 1736 Peloponisos - Πελοπόννησος,37.54,22.15,region/people
place,Ionia,1.89,375275RIon,Ionia region (Asia Minor) 884 Izmir - Ιωνία,38.0,27.3,region/people
place,Hellespont,1.89,402264WHel,Hellespont (Thrace) 730 Dardanelles - Ελλήσποντός,40.2,26.4,sea/strait
place,Sestos,1.89,402264USes,Sestos (Thrace) 135 Sestos - Σηστός,40.2284,26.4172,polity
ethnic,Peloponnesians,1.9,375222RPel,Peloponnese (Hellas) 1736 Peloponisos - Πελοπόννησος,37.54,22.15,region/people
ethnic,Mycenaeans,1.9,377228PMyk,Mycenae (Argolid) 289 Mykines - Μυκήναι,37.7308,22.7561,polity
ethnic,Arcadians,1.9,375223RArk,Arkadia region (Arkadia) 1437 Arkadia - Αρκαδία,37.5,22.3,region/people
place,Attica,1.9,379239RAtt,Attica region (Hellas) 1518 Attiki - Αττική,37.9,23.9,region/people
place,Argos,1.9,376227PArg,Argos (Argolid) 2457 Argos - Άργος,37.63091,22.72079,polity
ethnic,Lacedaemonians,1.90,371224PSpa,Sparta/Lacedaemon (Lakonia) 5559 Sparti - Σπάρτα,37.0821,22.4237,polity
ethnic,Medes,1.90,355480RMed,Media (Asia) 945 Hamedan - Μηδία,35.5,48.0,region/people
ethnic,Athenians,1.90,380237PAth,Athens (Attica) 9448 Athina - Αθήναι,37.9718,23.72793,polity
demonym,Peloponnesian,1.90,375222RPel,Peloponnese (Hellas) 1736 Peloponisos - Πελοπόννησος,37.54,22.15,region/people
place,Thebes,1.90,383233PThe,Thebes (Boeotia) 2611 Thiva - Θήβαι,38.3191,23.3178,polity
ethnic,Lacedaemonians,1.91,371224PSpa,Sparta/Lacedaemon (Lakonia) 5559 Sparti - Σπάρτα,37.0821,22.4237,polity
ethnic,Athenians,1.91,380237PAth,Athens (Attica) 9448 Athina - Αθήναι,37.9718,23.72793,polity
ethnic,Lacedaemonians,1.92,371224PSpa,Sparta/Lacedaemon (Lakonia) 5559 Sparti - Σπάρτα,37.0821,22.4237,polity
ethnic,Athenians,1.92,380237PAth,Athens (Attica) 9448 Athina - Αθήναι,37.9718,23.72793,polity
ethnic,Athenians,1.93,380237PAth,Athens (Attica) 9448 Athina - Αθήναι,37.9718,23.72793,polity
place,Piraeus,1.93,379236HPei,Piraeus (Attica) 498 Piraeus - Πειραιεύς,37.9394,23.6448,deme
ethnic,Athenians,1.94,380237PAth,Athens (Attica) 9448 Athina - Αθήναι,37.9718,23.72793,polity
ethnic,Medes,1.94,355480RMed,Media (Asia) 945 Hamedan - Μηδία,35.5,48.0,region/people
ethnic,Spartans,1.94,371224PSpa,Sparta/Lacedaemon (Lakonia) 5559 Sparti - Σπάρτα,37.0821,22.4237,polity
place,Peloponnese,1.94,375222RPel,Peloponnese (Hellas) 1736 Peloponisos - Πελοπόννησος,37.54,22.15,region/people
place,Cyprus,1.94,350330RCyp,Cyprus (Kypros) 999 Cyprus - Κύπρος,35.0,33.0,region/people
place,Byzantium,1.94,410290UByz,Byzantion (Thrace) 964 Istanbul - Βυζάντιον,41.0119,28.9836,polity
ethnic,Ionians,1.95,375275RIon,Ionia region (Asia Minor) 884 Izmir - Ιωνία,38.0,27.3,region/people
ethnic,Athenians,1.95,380237PAth,Athens (Attica) 9448 Athina - Αθήναι,37.9718,23.72793,polity
ethnic,Lacedaemonians,1.95,371224PSpa,Sparta/Lacedaemon (Lakonia) 5559 Sparti - Σπάρτα,37.0821,22.4237,polity
place,Peloponnese,1.95,375222RPel,Peloponnese (Hellas) 1736 Peloponisos - Πελοπόννησος,37.54,22.15,region/people
ethnic,Athenians,1.96,380237PAth,Athens (Attica) 9448 Athina - Αθήναι,37.9718,23.72793,polity
place,Delos,1.96,374253PDel,Delos (Cyclades) 404 Dilos - Δήλος,37.398,25.267,polity
place,sanctuary,1.96,374253SSan,Delian Apollo sanct. (Delos) 140 Dilos,37.4004,25.2666,sanctuary/temple
demonym,Peloponnesian,1.97,375222RPel,Peloponnese (Hellas) 1736 Peloponisos - Πελοπόννησος,37.54,22.15,region/people
demonym,Athenian,1.97,380237PAth,Athens (Attica) 9448 Athina - Αθήναι,37.9718,23.72793,polity
ethnic,Athenians,1.98,380237PAth,Athens (Attica) 9448 Athina - Αθήναι,37.9718,23.72793,polity
ethnic,Medes,1.98,355480RMed,Media (Asia) 945 Hamedan - Μηδία,35.5,48.0,region/people
demonym,Dolopian,1.98,392217RDol,Dolopia region (Thessaly) 106  - Δόλοπες,39.2,21.7,region/people
place,Eion,1.98,408239PEio,Eion (Serres) 45  mouth of Strymon - Ηιών,40.781,23.877,polity
place,Strymon,1.98,408238WStr,Strymon R. (Serres) 155 Strymon - Στρυμών,40.7858,23.8489,river
place,Scyros,1.98,389246PSky,Skyros (Sporades) 120 Skyros Kastro - Σκύρος,38.907,24.568,polity
place,Aegean,1.98,381253WAeg,Aegean Sea (Hellas) 235 Aegean - Αιγαίον πέλαγος,38.1,25.3,sea/strait
place,Carystus,1.98,380244PKar,Karystos (Euboea) 146 Karystos - Κάρυστος,38.027,24.427,polity
place,Euboea,1.98,385239IEub,Euboia (Euboea) 740 Evia - Εύβοια,38.53,23.87,island
place,Naxos,1.98,371255INax,Naxos island/polis (Cyclades) 198 Chora Naxou - Νάξος,37.1059,25.377,polity
ethnic,Athenians,1.99,380237PAth,Athens (Attica) 9448 Athina - Αθήναι,37.9718,23.72793,polity
ethnic,Athenians,2.1,380237PAth,Athens (Attica) 9448 Athina - Αθήναι,37.9718,23.72793,polity
ethnic,Peloponnesians,2.1,375222RPel,Peloponnese (Hellas) 1736 Peloponisos - Πελοπόννησος,37.54,22.15,region/people
demonym,Lacedaemonian,2.10,371224PSpa,Sparta/Lacedaemon (Lakonia) 5559 Sparti - Σπάρτα,37.0821,22.4237,polity
place,Plataea,2.10,382233PPla,Plataea (Boeotia) 337 Plataia - Πλαταιά,38.2213,23.2733,polity
place,Peloponnese,2.10,375222RPel,Peloponnese (Hellas) 1736 Peloponisos - Πελοπόννησος,37.54,22.15,region/people
place,Attica,2.10,379239RAtt,Attica region (Hellas) 1518 Attiki - Αττική,37.9,23.9,region/people
place,Isthmus,2.10,379230LIst,Isthmus (Korinthia) 240 Isthmia - Ισθμός,37.928,22.973,sanctuary/temple
ethnic,Macedonians,2.100,408225RMak,Macedonia region (Greece) 3609 Makedonia - Μακεδονία,40.81,22.5,region/people
place,Doberus,2.100,414228UDob,Doberos (Macedonia) 16 Bansko - Δόβηρος,41.3824,22.7543,polity
place,Eidomene,2.100,413225UEid,Eidomene (Macedonia) 9 Marvinci? - Ειδομενή,41.28,22.5,polity
place,Gortynia,2.100,412225UGor,Gortynia? (Kilkis) 4 Toumba - Γορτυνία,40.9486,22.5432,polity
place,Atalanta,2.100,407226PAll,Allante (Kilkis) 4 Nea Chalkidona - Αταλάντη,40.7352,22.5975,polity
place,Europos,2.100,409226PEur,Europos (Kilkis) 11 Europos - Ευρωπός,40.8863,22.554,polity
place,Pella,2.100,408225PPel,Pella (Macedonia) 107 Pella - Πέλλα,40.754,22.518,polity
place,Cyrrhus,2.100,408223UKyr,Kyrros (Pella) 8 Aravissos - Κύρρος,40.8312,22.301,polity
place,Bottiaea,2.100,406223RBot,Bottiaia region (Emathia) 55 central Macedonian plain - Βοττιαίοι,40.6,22.3,region/people
place,Pieria,2.100,402225RPie,Pieria region (Pieria) 172 Pieria - Πιερία,40.2,22.5,region/people
place,Mygdonia,2.100,407232RMyg,Mygdonia region (Thessaloniki) 54  - Μυγδονία,40.7,23.2,region/people
place,Crestonia,2.100,408230RKre,Krestonia region (Kilkis) 29 N Thessaloniki - Κρήστων,40.84,23.0,region/people
place,Anthemus,2.100,404233PAnt,Anthemous (Chalkidike) 16 Galatista - Ανθεμούς,40.4449,23.2542,polity
ethnic,Athenians,2.101,380237PAth,Athens (Attica) 9448 Athina - Αθήναι,37.9718,23.72793,polity
ethnic,Chalcidians,2.101,405233RCha,Chalcidike region (Chalkidike) 90 Khalkidiki - Χαλκιδική,40.5,23.3,region/people
ethnic,Bottiaeans,2.101,406223RBot,Bottiaia region (Emathia) 55 central Macedonian plain - Βοττιαίοι,40.6,22.3,region/people
ethnic,Thessalians,2.101,394223RThs,Thessaly region (Hellas) 1628 Thessalia - Θεσσαλία,39.4,22.3,region/people
ethnic,Thracians,2.101,410265RThr,Thrace region (Evros) 1818 Thraki - Θραίκη,41.0,26.5,region/people
ethnic,Panaeans,2.101,379239LPan,Paneion Mt. (Attica) 1 Paneion - Πάνειον,37.791,23.968,mountain
ethnic,Odomanti,2.101,410236ROdo,Odomantes tribe (Serres) 15 lower R. Strymon valley - Οδόμαντοι,41.0,23.6,region/people
place,Thermopylae,2.101,388225FThe,Thermopylae (Phthiotis) 358 Thermopylai - Θερμοπύλαι,38.795,22.536,fortification
place,Strymon,2.101,408238WStr,Strymon R. (Serres) 155 Strymon - Στρυμών,40.7858,23.8489,river
place,Chalcidice,2.101,405233RCha,Chalcidike region (Chalkidike) 90 Khalkidiki - Χαλκιδική,40.5,23.3,region/people
place,Bottice,2.101,406223RBot,Bottiaia region (Emathia) 55 central Macedonian plain - Βοττιαίοι,40.6,22.3,region/people
place,Macedonia,2.101,408225RMak,Macedonia region (Greece) 3609 Makedonia - Μακεδονία,40.81,22.5,region/people
place,Chalcidice,2.101,405233RCha,Chalcidike region (Chalkidike) 90 Khalkidiki - Χαλκιδική,40.5,23.3,region/people
ethnic,Athenians,2.102,380237PAth,Athens (Attica) 9448 Athina - Αθήναι,37.9718,23.72793,polity
ethnic,Messenians,2.102,372218RMes,Messenia region (Messenia) 700 Messinia - Μεσσηνία,37.2,21.8,region/people
ethnic,Agraeans,2.102,389213RAgr,Agraiis tribe (Aitolia) 16 Sardinia - Αγραίοι,38.875,21.28,region/people
ethnic,Amphilochians,2.102,390212RAmp,Amphilochia region (Aitolia) 91  - Αμφιλοχία,38.95,21.2,region/people
demonym,Peloponnesian,2.102,375222RPel,Peloponnese (Hellas) 1736 Peloponisos - Πελοπόννησος,37.54,22.15,region/people
place,Naupactus,2.102,384218UNau,Naupactus (Aitolia) 190 Navpaktos - Ναύπακτος,38.3997,21.8313,polity
place,Astacus,2.102,385211PAst,Astakos (Akarnania) 9 Astakos - Αστακός,38.5546,21.0915,polity
place,Acarnania,2.102,388210RAka,Akarnania region (Akarnania) 435 Akarnania - Ακαρνανία,38.8,21.0,region/people
place,Stratus,2.102,387213PStr,Stratos (Aitolia) 102 Sourovigli - Στράτος,38.6718,21.3195,polity
place,Coronta,2.102,386212PKor,Koronta (Akarnania) 4 Khrysovitsa - Κόροντα,38.5898,21.1595,polity
place,Coronta,2.102,386212PKor,Koronta (Akarnania) 4 Khrysovitsa - Κόροντα,38.5898,21.1595,polity
place,Oeniadae,2.102,384212POin,Oiniadai (Aitolia) 89 Trikardo - Οινιάδαι,38.4118,21.1948,polity
place,Achelous,2.102,383211WAch,Achelous R. (Aitolia) 208 Akheloos - Αχελώιος,38.3388,21.1067,river
place,Pindus,2.102,400208LPin,Pindus Mt. (Ioannina) 67 Pindos - Πίνδος,40.0,20.75,mountain
place,Dolopia,2.102,392217RDol,Dolopia region (Thessaly) 106  - Δόλοπες,39.2,21.7,region/people
place,Oeniadae,2.102,384212POin,Oiniadai (Aitolia) 89 Trikardo - Οινιάδαι,38.4118,21.1948,polity
place,Oeniadae,2.102,384212POin,Oiniadai (Aitolia) 89 Trikardo - Οινιάδαι,38.4118,21.1948,polity
place,Echinades,2.102,383213IEch,Echinades (Kefallenia) 83 Echinades - Εχίναι,38.43,21.02,island
place,Oeniadae,2.102,384212POin,Oiniadai (Aitolia) 89 Trikardo - Οινιάδαι,38.4118,21.1948,polity
ethnic,Athenians,2.103,380237PAth,Athens (Attica) 9448 Athina - Αθήναι,37.9718,23.72793,polity
place,Acarnania,2.103,388210RAka,Akarnania region (Akarnania) 435 Akarnania - Ακαρνανία,38.8,21.0,region/people
place,Naupactus,2.103,384218UNau,Naupactus (Aitolia) 190 Navpaktos - Ναύπακτος,38.3997,21.8313,polity
ethnic,Peloponnesians,2.11,375222RPel,Peloponnese (Hellas) 1736 Peloponisos - Πελοπόννησος,37.54,22.15,region/people
ethnic,Athenians,2.11,380237PAth,Athens (Attica) 9448 Athina - Αθήναι,37.9718,23.72793,polity
ethnic,Peloponnesians,2.12,375222RPel,Peloponnese (Hellas) 1736 Peloponisos - Πελοπόννησος,37.54,22.15,region/people
ethnic,Athenians,2.12,380237PAth,Athens (Attica) 9448 Athina - Αθήναι,37.9718,23.72793,polity
ethnic,Lacedaemonians,2.12,371224PSpa,Sparta/Lacedaemon (Lakonia) 5559 Sparti - Σπάρτα,37.0821,22.4237,polity
ethnic,Boeotians,2.12,384233RBoi,Boiotia region (Boeotia) 1673 Viotia - Βοιωτία,38.35,23.25,region/people
place,Plataea,2.12,382233PPla,Plataea (Boeotia) 337 Plataia - Πλαταιά,38.2213,23.2733,polity
ethnic,Peloponnesians,2.13,375222RPel,Peloponnese (Hellas) 1736 Peloponisos - Πελοπόννησος,37.54,22.15,region/people
ethnic,Athenians,2.13,380237PAth,Athens (Attica) 9448 Athina - Αθήναι,37.9718,23.72793,polity
demonym,Phaleric,2.13,379237DPha,Phaleron (Attica) 163 Palio Faliro - Φάληρον,37.9373,23.7062,deme
place,Isthmus,2.13,379230LIst,Isthmus (Korinthia) 240 Isthmia - Ισθμός,37.928,22.973,sanctuary/temple
place,Attica,2.13,379239RAtt,Attica region (Hellas) 1518 Attiki - Αττική,37.9,23.9,region/people
place,Lacedaemon,2.13,371224PSpa,Sparta/Lacedaemon (Lakonia) 5559 Sparti - Σπάρτα,37.0821,22.4237,polity
place,Acropolis,2.13,380237SAkr,Athenian Acropolis (Athens) 284 Akropoli - Ακρόπολις,37.9717,23.7257,sanctuary/temple
place,Propylaia,2.13,380237BPro,Propylaia (Athens) 39 Acropolis of Athens - Προπύλαια,37.97176,23.72522,building
place,Potidaea,2.13,402233UPot,Poteidaia/Kassandreia (Chalkidike) 167 Nea Potidaia - Κασάνδρεια,40.1937,23.3278,polity
place,Long Walls,2.13,380237FLW1,S Long Wall 1 (Athens) 41 Tauros - Μακρά Τείχη,37.96235,23.7026,fortification
place,Piraeus,2.13,379236HPei,Piraeus (Attica) 498 Piraeus - Πειραιεύς,37.9394,23.6448,deme
place,Munychia,2.13,379237HMou,Mounichia (Piraeus) 94 Tourkolimani - Μουνιχία,37.938,23.658,harbor
ethnic,Athenians,2.14,380237PAth,Athens (Attica) 9448 Athina - Αθήναι,37.9718,23.72793,polity
place,Euboea,2.14,385239IEub,Euboia (Euboea) 740 Evia - Εύβοια,38.53,23.87,island
ethnic,Athenians,2.15,380237PAth,Athens (Attica) 9448 Athina - Αθήναι,37.9718,23.72793,polity
ethnic,Eleusinians,2.15,380235PEle,Eleusis (Attica) 227 Elefsina - Ελευσίς,38.0441,23.5415,polity
demonym,Ionian,2.15,375275RIon,Ionia region (Asia Minor) 884 Izmir - Ιωνία,38.0,27.3,region/people
place,Attica,2.15,379239RAtt,Attica region (Hellas) 1518 Attiki - Αττική,37.9,23.9,region/people
place,Bouleuterion,2.15,380237BBol,Bouleuterion (Athens Agora) 6 Agora of Athens,37.975183,23.7218,building
place,Prytaneion,2.15,380237BPry,Prytaneion (Athens) 73 Plaka - Πρυτανειον,37.9709,23.7307,building
place,Acropolis,2.15,380237SAkr,Athenian Acropolis (Athens) 284 Akropoli - Ακρόπολις,37.9717,23.7257,sanctuary/temple
place,Olympian Zeus,2.15,380237SOly,Olympieion Zeus temple (Athens) 43 Athens - Ολυμπιείον,37.9694,23.7337,sanctuary/temple
place,Pythion,2.15,380237SPth,Pythion (Athens) 11 Kallirhois Blvd? - Πύθιον,37.9675,23.7322,sanctuary/temple
place,Limnai,2.15,380237SLmn,Limnai (Athens) 13 Athens Ilissos - Λίμναι,37.96844,23.73547,sanctuary/temple
place,Enneacrounos,2.15,380237BKal,Pnyx Fountain (Athens) 24 Nymphs Hill,37.9713,23.721,building
place,Callirhoe,2.15,380237BKal,Pnyx Fountain (Athens) 24 Nymphs Hill,37.9713,23.721,building
ethnic,Athenians,2.16,380237PAth,Athens (Attica) 9448 Athina - Αθήναι,37.9718,23.72793,polity
place,Attica,2.16,379239RAtt,Attica region (Hellas) 1518 Attiki - Αττική,37.9,23.9,region/people
demonym,Pythian,2.17,385225SDel,"Delphic Oracle, Pytho (Delphi) 1539 Delphous - Δελφοί",38.48264,22.50108,sanctuary/temple
place,Athens,2.17,380237PAth,Athens (Attica) 9448 Athina - Αθήναι,37.9718,23.72793,polity
place,Acropolis,2.17,380237SAkr,Athenian Acropolis (Athens) 284 Akropoli - Ακρόπολις,37.9717,23.7257,sanctuary/temple
place,Eleusinion,2.17,380237SEle,Eleusinion (Athens) 20 Athens - Ελευσίνιον,37.9735,23.7249,sanctuary/temple
place,Pelasgian,2.17,380237FPel,Pelargikon wall (Athens) 34 Acropolis - Πελαργικόν,37.9721,23.7244,fortification
place,Pelasgian,2.17,380237FPel,Pelargikon wall (Athens) 34 Acropolis - Πελαργικόν,37.9721,23.7244,fortification
place,Long Walls,2.17,380237FLW1,S Long Wall 1 (Athens) 41 Tauros - Μακρά Τείχη,37.96235,23.7026,fortification
place,Piraeus,2.17,379236HPei,Piraeus (Attica) 498 Piraeus - Πειραιεύς,37.9394,23.6448,deme
place,Peloponnese,2.17,375222RPel,Peloponnese (Hellas) 1736 Peloponisos - Πελοπόννησος,37.54,22.15,region/people
ethnic,Peloponnesians,2.18,375222RPel,Peloponnese (Hellas) 1736 Peloponisos - Πελοπόννησος,37.54,22.15,region/people
ethnic,Athenians,2.18,380237PAth,Athens (Attica) 9448 Athina - Αθήναι,37.9718,23.72793,polity
demonym,Boeotian,2.18,384233RBoi,Boiotia region (Boeotia) 1673 Viotia - Βοιωτία,38.35,23.25,region/people
place,Attica,2.18,379239RAtt,Attica region (Hellas) 1518 Attiki - Αττική,37.9,23.9,region/people
place,Oenoe,2.18,382234DOin,Oinoe (Attica) 15 Oinoi - Οινόη,38.168,23.449,deme
place,Oenoe,2.18,382234DOin,Oinoe (Attica) 15 Oinoi - Οινόη,38.168,23.449,deme
place,Isthmus,2.18,379230LIst,Isthmus (Korinthia) 240 Isthmia - Ισθμός,37.928,22.973,sanctuary/temple
place,Oenoe,2.18,382234DOin,Oinoe (Attica) 15 Oinoi - Οινόη,38.168,23.449,deme
demonym,Theban,2.19,383233PThe,Thebes (Boeotia) 2611 Thiva - Θήβαι,38.3191,23.3178,polity
demonym,Thriasian,2.19,381236LThr,Thriasion plain (Attica) 18 Thriasion Plain - Θριάσιον πεδίον,38.07,23.59,plain
demonym,Athenian,2.19,380237PAth,Athens (Attica) 9448 Athina - Αθήναι,37.9718,23.72793,polity
place,Oenoe,2.19,382234DOin,Oinoe (Attica) 15 Oinoi - Οινόη,38.168,23.449,deme
place,Attica,2.19,379239RAtt,Attica region (Hellas) 1518 Attiki - Αττική,37.9,23.9,region/people
place,Plataea,2.19,382233PPla,Plataea (Boeotia) 337 Plataia - Πλαταιά,38.2213,23.2733,polity
place,Eleusis,2.19,380235PEle,Eleusis (Attica) 227 Elefsina - Ελευσίς,38.0441,23.5415,polity
place,Rheiti,2.19,381236WRhe,Rheitoi (Attica) 9 Limni Koumoundourou - Ρειτοί,38.023,23.601,lake
place,Aegaleus,2.19,379236LAig,Aigaleos Mt. (Attica) 12 Aigaleos - Αιγάλεον όρος,38.047,23.647,mountain
place,Cropia,2.19,381237DKro,Kropidai (Attica) 2 W Ano Liosia - Κρωπιά,38.0897,23.6943,deme
place,Acharnae,2.19,381237DAch,Acharnai (Attica) 85 Acharnes/Menidi - Αχαρναί,38.0803,23.7332,deme
person,Lacedaemon,2.19,371224PSpa,Sparta/Lacedaemon (Lakonia) 5559 Sparti - Σπάρτα,37.0821,22.4237,polity
ethnic,Thebans,2.2,383233PThe,Thebes (Boeotia) 2611 Thiva - Θήβαι,38.3191,23.3178,polity
place,Euboea,2.2,385239IEub,Euboia (Euboea) 740 Evia - Εύβοια,38.53,23.87,island
place,Argos,2.2,376227PArg,Argos (Argolid) 2457 Argos - Άργος,37.63091,22.72079,polity
place,Sparta,2.2,371224PSpa,Sparta/Lacedaemon (Lakonia) 5559 Sparti - Σπάρτα,37.0821,22.4237,polity
place,Athens,2.2,380237PAth,Athens (Attica) 9448 Athina - Αθήναι,37.9718,23.72793,polity
place,Potidaea,2.2,402233UPot,Poteidaia/Kassandreia (Chalkidike) 167 Nea Potidaia - Κασάνδρεια,40.1937,23.3278,polity
place,Plataea,2.2,382233PPla,Plataea (Boeotia) 337 Plataia - Πλαταιά,38.2213,23.2733,polity
place,Boeotia,2.2,384233RBoi,Boiotia region (Boeotia) 1673 Viotia - Βοιωτία,38.35,23.25,region/people
ethnic,Athenians,2.20,380237PAth,Athens (Attica) 9448 Athina - Αθήναι,37.9718,23.72793,polity
ethnic,Acharnians,2.20,381237DAch,Acharnai (Attica) 85 Acharnes/Menidi - Αχαρναί,38.0803,23.7332,deme
ethnic,Acharnians,2.20,381237DAch,Acharnai (Attica) 85 Acharnes/Menidi - Αχαρναί,38.0803,23.7332,deme
demonym,Thriasian,2.20,381236LThr,Thriasion plain (Attica) 18 Thriasion Plain - Θριάσιον πεδίον,38.07,23.59,plain
place,Acharnae,2.20,381237DAch,Acharnai (Attica) 85 Acharnes/Menidi - Αχαρναί,38.0803,23.7332,deme
place,Eleusis,2.20,380235PEle,Eleusis (Attica) 227 Elefsina - Ελευσίς,38.0441,23.5415,polity
place,Acharnae,2.20,381237DAch,Acharnai (Attica) 85 Acharnes/Menidi - Αχαρναί,38.0803,23.7332,deme
place,Acharnae,2.20,381237DAch,Acharnai (Attica) 85 Acharnes/Menidi - Αχαρναί,38.0803,23.7332,deme
ethnic,Athenians,2.21,380237PAth,Athens (Attica) 9448 Athina - Αθήναι,37.9718,23.72793,polity
ethnic,Acharnians,2.21,381237DAch,Acharnai (Attica) 85 Acharnes/Menidi - Αχαρναί,38.0803,23.7332,deme
demonym,Thriasian,2.21,381236LThr,Thriasion plain (Attica) 18 Thriasion Plain - Θριάσιον πεδίον,38.07,23.59,plain
demonym,Peloponnesian,2.21,375222RPel,Peloponnese (Hellas) 1736 Peloponisos - Πελοπόννησος,37.54,22.15,region/people
place,Eleusis,2.21,380235PEle,Eleusis (Attica) 227 Elefsina - Ελευσίς,38.0441,23.5415,polity
place,Attica,2.21,379239RAtt,Attica region (Hellas) 1518 Attiki - Αττική,37.9,23.9,region/people
place,Thria,2.21,381236DThr,Thria (Attica) 19 SE Aspropyrgos - Θρία,38.0545,23.5923,deme
place,Sparta,2.21,371224PSpa,Sparta/Lacedaemon (Lakonia) 5559 Sparti - Σπάρτα,37.0821,22.4237,polity
place,Acharnae,2.21,381237DAch,Acharnai (Attica) 85 Acharnes/Menidi - Αχαρναί,38.0803,23.7332,deme
ethnic,Thessalians,2.22,394223RThs,Thessaly region (Hellas) 1628 Thessalia - Θεσσαλία,39.4,22.3,region/people
ethnic,Boeotians,2.22,384233RBoi,Boiotia region (Boeotia) 1673 Viotia - Βοιωτία,38.35,23.25,region/people
ethnic,Athenians,2.22,380237PAth,Athens (Attica) 9448 Athina - Αθήναι,37.9718,23.72793,polity
ethnic,Peloponnesians,2.22,375222RPel,Peloponnese (Hellas) 1736 Peloponisos - Πελοπόννησος,37.54,22.15,region/people
ethnic,Larisaeans,2.22,396224PLar,Larissa (Thessaly) 312 Larisa - Λαρίσσα,39.6349,22.421,polity
ethnic,Pharsalians,2.22,393224UPha,Pharsalos (Thessaly) 250 Pharsala - Φάρσαλος,39.2883,22.3869,polity
ethnic,Cranonians,2.22,395223UKra,Krannon/Ephyra (Thessaly) 71 Kastro/Douraki - Κραννών,39.4996,22.3057,polity
ethnic,Pyrasians,2.22,393228PPyr,Pyrasos (Magnesia) 11 Nea Ankhialos - Πύρασος,39.2788,22.8212,polity
ethnic,Gyrtonians,2.22,398226UGyr,Gyrtone (Thessaly) 59 Vriotopos - Γυρτώνη,39.7573,22.4031,polity
ethnic,Pheraeans,2.22,394228PPhe,Pherai (Magnesia) 156 Velestino - Φεραί,39.379,22.7539,polity
place,Phrygia,2.22,400310RPhr,Phrygia region (Asia Minor) 1177 Central Turkey - Φρυγία,40.0,31.0,region/people
ethnic,Peloponnesians,2.23,375222RPel,Peloponnese (Hellas) 1736 Peloponisos - Πελοπόννησος,37.54,22.15,region/people
ethnic,Athenians,2.23,380237PAth,Athens (Attica) 9448 Athina - Αθήναι,37.9718,23.72793,polity
ethnic,Oropians,2.23,383238POro,Oropos (Attica) 113 Skala Oropou - Ωρωπός,38.3195,23.79,polity
place,Acharnae,2.23,381237DAch,Acharnai (Attica) 85 Acharnes/Menidi - Αχαρναί,38.0803,23.7332,deme
place,Parnes,2.23,382237LPar,Parnes Mt. (Attica) 78 Parnitha - Πάρνης,38.174,23.716,mountain
place,Brilessus,2.23,381239LPen,Pentelikon Mt. (Attica) 44 Pentelikon - Πεντελικόν,38.0807,23.8831,mountain
place,Attica,2.23,379239RAtt,Attica region (Hellas) 1518 Attiki - Αττική,37.9,23.9,region/people
place,Boeotia,2.23,384233RBoi,Boiotia region (Boeotia) 1673 Viotia - Βοιωτία,38.35,23.25,region/people
place,Graea,2.23,384236UGra,Graia? (Boeotia) 20 Paralia Avlidas - Γραία,38.38427,23.62658,polity
ethnic,Athenians,2.24,380237PAth,Athens (Attica) 9448 Athina - Αθήναι,37.9718,23.72793,polity
place,Acropolis,2.24,380237SAkr,Athenian Acropolis (Athens) 284 Akropoli - Ακρόπολις,37.9717,23.7257,sanctuary/temple
ethnic,Athenians,2.25,380237PAth,Athens (Attica) 9448 Athina - Αθήναι,37.9718,23.72793,polity
ethnic,Messenians,2.25,372218RMes,Messenia region (Messenia) 700 Messinia - Μεσσηνία,37.2,21.8,region/people
ethnic,Eleans,2.25,378215REle,Eleia or Elis region (Eleia) 617 Ileia - Ήλις,37.8,21.5,region/people
demonym,Corcyraean,2.25,396199PKer,Corcyra (Ionian Islands) 405 Kerkyra/Corfu - Κέρκυρα,39.6063,19.9156,polity
place,Peloponnese,2.25,375222RPel,Peloponnese (Hellas) 1736 Peloponisos - Πελοπόννησος,37.54,22.15,region/people
place,Laconia,2.25,370225RLak,Lakonia region (Peloponnese) 790 Lakonia - Λακωνική,37.001,22.5,region/people
place,Methone,2.25,368217UMot,Methone (Messenia) 48 Methoni - Μοθώνη,36.817,21.705,polity
place,Methone,2.25,368217UMot,Methone (Messenia) 48 Methoni - Μοθώνη,36.817,21.705,polity
place,Sparta,2.25,371224PSpa,Sparta/Lacedaemon (Lakonia) 5559 Sparti - Σπάρτα,37.0821,22.4237,polity
place,Pheia,2.25,377213UPhe,Pheia (Eleia) 42 Ag. Andreas/Pontikokastro - Φεά,37.6642,21.3136,polity
place,Elis,2.25,378214PEli,Elis (Eleia) 521 Elis - Ήλις,37.89,21.374,polity
place,Ichthys,2.25,378213LIch,Ichthys cape (Eleia) 16 Akr. Katakolon - Ιχθύς,37.635,21.311,cape
place,Pheia,2.25,377213UPhe,Pheia (Eleia) 42 Ag. Andreas/Pontikokastro - Φεά,37.6642,21.3136,polity
place,Pheia,2.25,377213UPhe,Pheia (Eleia) 42 Ag. Andreas/Pontikokastro - Φεά,37.6642,21.3136,polity
place,Pheia,2.25,377213UPhe,Pheia (Eleia) 42 Ag. Andreas/Pontikokastro - Φεά,37.6642,21.3136,polity
ethnic,Athenians,2.26,380237PAth,Athens (Attica) 9448 Athina - Αθήναι,37.9718,23.72793,polity
ethnic,Locrians,2.26,386231ROpu,Lokris Opuntia region (Phthiotis) 288 Atalandi - Λοκροί  Οπούντιοι,38.65,23.04,region/people
place,Euboea,2.26,385239IEub,Euboia (Euboea) 740 Evia - Εύβοια,38.53,23.87,island
place,Thronium,2.26,388227PThr,Thronion (East Lokris) 33 Kenourgio - Θρόνιον,38.7759,22.7113,polity
place,Alope,2.26,388229PAlo,Alope (East Lokris) 28 Ag. Aikaterini - Αλόπη,38.7478,22.9484,polity
ethnic,Athenians,2.27,380237PAth,Athens (Attica) 9448 Athina - Αθήναι,37.9718,23.72793,polity
ethnic,Aeginetans,2.27,378234PAig,Aigina polis (Aegina) 464 Aigina - Αίγινα,37.75,23.425,polity
place,Peloponnese,2.27,375222RPel,Peloponnese (Hellas) 1736 Peloponisos - Πελοπόννησος,37.54,22.15,region/people
place,Thyrea,2.27,374227PThy,Thyrea? (Arkadia) 78 Kastraki Meligou - Θυρέαι,37.395,22.733,polity
place,Lacedaemon,2.27,371224PSpa,Sparta/Lacedaemon (Lakonia) 5559 Sparti - Σπάρτα,37.0821,22.4237,polity
place,Thyrea,2.27,374227PThy,Thyrea? (Arkadia) 78 Kastraki Meligou - Θυρέαι,37.395,22.733,polity
place,Argolis,2.27,374229RArg,Argolid region (Peloponnese) 156 Argolida - Αργολίς,37.67,22.9,region/people
place,Laconia,2.27,370225RLak,Lakonia region (Peloponnese) 790 Lakonia - Λακωνική,37.001,22.5,region/people
ethnic,Athenians,2.29,380237PAth,Athens (Attica) 9448 Athina - Αθήναι,37.9718,23.72793,polity
ethnic,Thracians,2.29,410265RThr,Thrace region (Evros) 1818 Thraki - Θραίκη,41.0,26.5,region/people
ethnic,Odrysians,2.29,417265ROdr,Odrysians tribe (Evros) 86 Thrace - Οδρύσαι ,41.7,26.5,region/people
ethnic,Odrysians,2.29,417265ROdr,Odrysians tribe (Evros) 86 Thrace - Οδρύσαι ,41.7,26.5,region/people
ethnic,Odrysians,2.29,417265ROdr,Odrysians tribe (Evros) 86 Thrace - Οδρύσαι ,41.7,26.5,region/people
ethnic,Chalcidians,2.29,405233RCha,Chalcidike region (Chalkidike) 90 Khalkidiki - Χαλκιδική,40.5,23.3,region/people
ethnic,Macedonians,2.29,408225RMak,Macedonia region (Greece) 3609 Makedonia - Μακεδονία,40.81,22.5,region/people
demonym,Daulian,2.29,385227PDau,Daulis (Boeotia) 66 Davleia/Kastro - Δαυλίς,38.5055,22.7318,polity
place,Daulis,2.29,385227PDau,Daulis (Boeotia) 66 Davleia/Kastro - Δαυλίς,38.5055,22.7318,polity
place,Phocis,2.29,386227RPho,Phokis region (Central Greece) 781 Phokida - Φωκίς,38.6,22.7,region/people
place,Therme,2.29,406229PThr,Therme (Thessaloniki) 44 S Thessaloniki - Θέρμη,40.5816,22.944,polity
person,Abderite,2.29,410250PAbd,Abdera (Xanthi) 147 Avdira - Άβδηρα,40.95,24.9833,polity
ethnic,Thebans,2.3,383233PThe,Thebes (Boeotia) 2611 Thiva - Θήβαι,38.3191,23.3178,polity
ethnic,Plataeans,2.3,382233PPla,Plataea (Boeotia) 337 Plataia - Πλαταιά,38.2213,23.2733,polity
place,Athens,2.3,380237PAth,Athens (Attica) 9448 Athina - Αθήναι,37.9718,23.72793,polity
ethnic,Athenians,2.30,380237PAth,Athens (Attica) 9448 Athina - Αθήναι,37.9718,23.72793,polity
ethnic,Acarnanians,2.30,388210RAka,Akarnania region (Akarnania) 435 Akarnania - Ακαρνανία,38.8,21.0,region/people
ethnic,Paleans,2.30,382204UPal,Pale (Kefallenia) 20 Lixouri - Πάλη,38.2226,20.4375,polity
ethnic,Cranians,2.30,382205UKra,Krane (Kefallenia) 12 Razata - Κράνιοι,38.1712,20.5222,polity
ethnic,Samaeans,2.30,383207PSam,Same (Kefallenia) 56 Sami - Σάμη,38.2546,20.6589,polity
ethnic,Pronaeans,2.30,381208PPro,Pronnoi (Kefallenia) 9 Poros - Πρόννοι,38.146,20.7767,polity
place,Peloponnese,2.30,375222RPel,Peloponnese (Hellas) 1736 Peloponisos - Πελοπόννησος,37.54,22.15,region/people
place,Sollium,2.30,388207FSol,Sollion? (Akarnania) 9 Pogonia - Σόλλιον,38.795,20.835,polity
place,Corinth,2.30,379229PKor,Corinth/Korinthos (Korinthia) 1749 Archaia Korinthos - Κόρινθος,37.9054,22.8802,polity
place,Palaira,2.30,388208PPal,Palairos (Akarnania) 10 Kekhropoula - Πάλαιρος,38.835,20.823,polity
place,Astacus,2.30,385211PAst,Astakos (Akarnania) 9 Astakos - Αστακός,38.5546,21.0915,polity
place,Cephallenia,2.30,382206IKep,Kephallania (Kefallenia) 163 Kephallenia - Κεφαλληνία,38.2,20.59,island
place,Leucas,2.30,387207PLeu,Leukas (Ionian Islands) 213 Leukada - Λευκάς,38.81,20.717,polity
ethnic,Athenians,2.31,380237PAth,Athens (Attica) 9448 Athina - Αθήναι,37.9718,23.72793,polity
place,Megarid,2.31,380233PMeg,Megara (Megarid) 713 Megara - Μέγαρα,37.997,23.34285,polity
place,Aegina,2.31,378234PAig,Aigina polis (Aegina) 464 Aigina - Αίγινα,37.75,23.425,polity
place,Potidaea,2.31,402233UPot,Poteidaia/Kassandreia (Chalkidike) 167 Nea Potidaia - Κασάνδρεια,40.1937,23.3278,polity
place,Nisaea,2.31,380234UNis,Nisaia (Attica) 79 Pachi - Νισαία,37.9764,23.364,polity
ethnic,Athenians,2.32,380237PAth,Athens (Attica) 9448 Athina - Αθήναι,37.9718,23.72793,polity
ethnic,Peloponnesians,2.32,375222RPel,Peloponnese (Hellas) 1736 Peloponisos - Πελοπόννησος,37.54,22.15,region/people
demonym,Opuntian,2.32,386231ROpu,Lokris Opuntia region (Phthiotis) 288 Atalandi - Λοκροί  Οπούντιοι,38.65,23.04,region/people
place,Atalanta,2.32,388233IAta,Atalante island (Phthiotis) 19 Talandonisi - Αταλάντη,38.674,23.095,island
place,Opus,2.32,386230POpo,Opous (East Lokris) 73 Atalandi - Οπούς,38.652,22.992,polity
place,Euboea,2.32,385239IEub,Euboia (Euboea) 740 Evia - Εύβοια,38.53,23.87,island
place,Attica,2.32,379239RAtt,Attica region (Hellas) 1518 Attiki - Αττική,37.9,23.9,region/people
ethnic,Corinthians,2.33,379229PKor,Corinth/Korinthos (Korinthia) 1749 Archaia Korinthos - Κόρινθος,37.9054,22.8802,polity
ethnic,Cranians,2.33,382205UKra,Krane (Kefallenia) 12 Razata - Κράνιοι,38.1712,20.5222,polity
demonym,Acarnanian,2.33,388210RAka,Akarnania region (Akarnania) 435 Akarnania - Ακαρνανία,38.8,21.0,region/people
demonym,Cranian,2.33,382205UKra,Krane (Kefallenia) 12 Razata - Κράνιοι,38.1712,20.5222,polity
place,Astacus,2.33,385211PAst,Astakos (Akarnania) 9 Astakos - Αστακός,38.5546,21.0915,polity
place,Cephallenia,2.33,382206IKep,Kephallania (Kefallenia) 163 Kephallenia - Κεφαλληνία,38.2,20.59,island
ethnic,Athenians,2.34,380237PAth,Athens (Attica) 9448 Athina - Αθήναι,37.9718,23.72793,polity
place,public sepulchre,2.34,380237GDem,Demosion Sema exc. (Athens) 5 Athens,37.9816,23.7168,site/excavation
place,Marathon,2.34,381241LMaB,Marathon battlefield (Attica) 173 Schinias - Μαραθών,38.144,24.0002,battlefield
place,sepulchre,2.34,380237GDem,Demosion Sema exc. (Athens) 5 Athens,37.9816,23.7168,site/excavation
demonym,Athenian,2.38,380237PAth,Athens (Attica) 9448 Athina - Αθήναι,37.9718,23.72793,polity
ethnic,Lacedaemonians,2.39,371224PSpa,Sparta/Lacedaemon (Lakonia) 5559 Sparti - Σπάρτα,37.0821,22.4237,polity
ethnic,Athenians,2.39,380237PAth,Athens (Attica) 9448 Athina - Αθήναι,37.9718,23.72793,polity
ethnic,Thebans,2.4,383233PThe,Thebes (Boeotia) 2611 Thiva - Θήβαι,38.3191,23.3178,polity
ethnic,Plataeans,2.4,382233PPla,Plataea (Boeotia) 337 Plataia - Πλαταιά,38.2213,23.2733,polity
ethnic,Athenians,2.40,380237PAth,Athens (Attica) 9448 Athina - Αθήναι,37.9718,23.72793,polity
demonym,Athenian,2.41,380237PAth,Athens (Attica) 9448 Athina - Αθήναι,37.9718,23.72793,polity
place,Athens,2.42,380237PAth,Athens (Attica) 9448 Athina - Αθήναι,37.9718,23.72793,polity
ethnic,Athenians,2.43,380237PAth,Athens (Attica) 9448 Athina - Αθήναι,37.9718,23.72793,polity
ethnic,Lacedaemonians,2.47,371224PSpa,Sparta/Lacedaemon (Lakonia) 5559 Sparti - Σπάρτα,37.0821,22.4237,polity
ethnic,Athenians,2.47,380237PAth,Athens (Attica) 9448 Athina - Αθήναι,37.9718,23.72793,polity
place,Attica,2.47,379239RAtt,Attica region (Hellas) 1518 Attiki - Αττική,37.9,23.9,region/people
place,Lemnos,2.47,399253ILem,Lemnos (Aegean) 341 Lemnos - Λήμνος,39.93,25.21,island
ethnic,Peloponnesians,2.48,375222RPel,Peloponnese (Hellas) 1736 Peloponisos - Πελοπόννησος,37.54,22.15,region/people
place,Ethiopia,2.48,130350REth,Aethiopia (Africa) 779 Africa - Αιθίοπες,13.01,35.01,region/people
place,Egypt,2.48,271307REgy,Aigyptos (Egypt) 4104 Egypt - Αίγυπτος,27.1,30.7,region/people
place,Libya,2.48,300070RLib,Libya (Africa) 1525 North Africa - Λιβύη,32.01,10.01,region/people
place,Athens,2.48,380237PAth,Athens (Attica) 9448 Athina - Αθήναι,37.9718,23.72793,polity
place,Piraeus,2.48,379236HPei,Piraeus (Attica) 498 Piraeus - Πειραιεύς,37.9394,23.6448,deme
ethnic,Thebans,2.5,383233PThe,Thebes (Boeotia) 2611 Thiva - Θήβαι,38.3191,23.3178,polity
ethnic,Plataeans,2.5,382233PPla,Plataea (Boeotia) 337 Plataia - Πλαταιά,38.2213,23.2733,polity
place,Asopus,2.5,383233WAso,Asopos R. (Boeotia) 77 Asopos - Ασωπός,38.3016,23.5921,river
ethnic,Athenians,2.54,380237PAth,Athens (Attica) 9448 Athina - Αθήναι,37.9718,23.72793,polity
ethnic,Lacedaemonians,2.54,371224PSpa,Sparta/Lacedaemon (Lakonia) 5559 Sparti - Σπάρτα,37.0821,22.4237,polity
ethnic,Peloponnesians,2.54,375222RPel,Peloponnese (Hellas) 1736 Peloponisos - Πελοπόννησος,37.54,22.15,region/people
demonym,Dorian,2.54,387224RDor,Doris tetrapolis (Central Greece) 303 Dorida - Δωρίς,38.7,22.4,region/people
place,Attica,2.54,379239RAtt,Attica region (Hellas) 1518 Attiki - Αττική,37.9,23.9,region/people
ethnic,Peloponnesians,2.55,375222RPel,Peloponnese (Hellas) 1736 Peloponisos - Πελοπόννησος,37.54,22.15,region/people
ethnic,Athenians,2.55,380237PAth,Athens (Attica) 9448 Athina - Αθήναι,37.9718,23.72793,polity
place,Laurium,2.55,377241RLau,Laureion region (Attica) 16 Lavrio - Λαύρειον,37.71,24.05,region/people
place,Euboea,2.55,385239IEub,Euboia (Euboea) 740 Evia - Εύβοια,38.53,23.87,island
place,Andros,2.55,378248PAnd,Andros (Cyclades) 131 Palaiopolis - Άνδρος,37.8186,24.8279,polity
ethnic,Peloponnesians,2.56,375222RPel,Peloponnese (Hellas) 1736 Peloponisos - Πελοπόννησος,37.54,22.15,region/people
demonym,Athenian,2.56,380237PAth,Athens (Attica) 9448 Athina - Αθήναι,37.9718,23.72793,polity
demonym,Chian,2.56,384261PChi,Chios polis (Chios) 602 Khios - Χίος,38.3764,26.1342,polity
demonym,Lesbian,2.56,392261ILes,Lesbos (Lesbos) 438 Lesbos - Λέσβος,39.2075,26.2,island
place,Attica,2.56,379239RAtt,Attica region (Hellas) 1518 Attiki - Αττική,37.9,23.9,region/people
place,Epidaurus,2.56,376232PEpi,Epidauros (Argolid) 206 Archaia Epidauros - Επίδαυρος,37.6331,23.1617,polity
place,Troezen,2.56,375234PTro,Troizen (Troizenia) 220 Damala - Τροιζήν,37.5033,23.3484,polity
place,Halieis,2.56,373231PHal,Halieis (Argolid) 33 Porto Cheli - Αλιείς,37.3132,23.1491,polity
place,Hermione,2.56,374232UHer,Hermione (Argolid) 110 Ermioni - Ερμιόνη,37.3834,23.2535,polity
place,Prasiai,2.56,371229PPra,Prasiai (Arkadia) 30 Plaka - Πρασίαι,37.145,22.8882,polity
place,Laconia,2.56,370225RLak,Lakonia region (Peloponnese) 790 Lakonia - Λακωνική,37.001,22.5,region/people
ethnic,Peloponnesians,2.57,375222RPel,Peloponnese (Hellas) 1736 Peloponisos - Πελοπόννησος,37.54,22.15,region/people
ethnic,Athenians,2.57,380237PAth,Athens (Attica) 9448 Athina - Αθήναι,37.9718,23.72793,polity
place,Attica,2.57,379239RAtt,Attica region (Hellas) 1518 Attiki - Αττική,37.9,23.9,region/people
ethnic,Chalcidians,2.58,405233RCha,Chalcidike region (Chalkidike) 90 Khalkidiki - Χαλκιδική,40.5,23.3,region/people
ethnic,Chalcidians,2.58,405233RCha,Chalcidike region (Chalkidike) 90 Khalkidiki - Χαλκιδική,40.5,23.3,region/people
place,Thrace,2.58,410265RThr,Thrace region (Evros) 1818 Thraki - Θραίκη,41.0,26.5,region/people
place,Potidaea,2.58,402233UPot,Poteidaia/Kassandreia (Chalkidike) 167 Nea Potidaia - Κασάνδρεια,40.1937,23.3278,polity
place,Athens,2.58,380237PAth,Athens (Attica) 9448 Athina - Αθήναι,37.9718,23.72793,polity
ethnic,Peloponnesians,2.59,375222RPel,Peloponnese (Hellas) 1736 Peloponisos - Πελοπόννησος,37.54,22.15,region/people
ethnic,Athenians,2.59,380237PAth,Athens (Attica) 9448 Athina - Αθήναι,37.9718,23.72793,polity
place,Lacedaemon,2.59,371224PSpa,Sparta/Lacedaemon (Lakonia) 5559 Sparti - Σπάρτα,37.0821,22.4237,polity
ethnic,Plataeans,2.6,382233PPla,Plataea (Boeotia) 337 Plataia - Πλαταιά,38.2213,23.2733,polity
ethnic,Thebans,2.6,383233PThe,Thebes (Boeotia) 2611 Thiva - Θήβαι,38.3191,23.3178,polity
ethnic,Athenians,2.6,380237PAth,Athens (Attica) 9448 Athina - Αθήναι,37.9718,23.72793,polity
ethnic,Boeotians,2.6,384233RBoi,Boiotia region (Boeotia) 1673 Viotia - Βοιωτία,38.35,23.25,region/people
place,Attica,2.6,379239RAtt,Attica region (Hellas) 1518 Attiki - Αττική,37.9,23.9,region/people
place,Athens,2.64,380237PAth,Athens (Attica) 9448 Athina - Αθήναι,37.9718,23.72793,polity
place,Lacedaemon,2.64,371224PSpa,Sparta/Lacedaemon (Lakonia) 5559 Sparti - Σπάρτα,37.0821,22.4237,polity
ethnic,Athenians,2.65,380237PAth,Athens (Attica) 9448 Athina - Αθήναι,37.9718,23.72793,polity
ethnic,Sicilians,2.65,376145RSic,Sicily region (Italy) 3245 Sicilia - Σικελία,37.6,14.5,region/people
ethnic,Peloponnesians,2.65,375222RPel,Peloponnese (Hellas) 1736 Peloponisos - Πελοπόννησος,37.54,22.15,region/people
place,Lacedaemon,2.65,371224PSpa,Sparta/Lacedaemon (Lakonia) 5559 Sparti - Σπάρτα,37.0821,22.4237,polity
ethnic,Lacedaemonians,2.66,371224PSpa,Sparta/Lacedaemon (Lakonia) 5559 Sparti - Σπάρτα,37.0821,22.4237,polity
ethnic,Achaeans,2.66,382219RAch,Achaea region (Achaia) 1800 Achaia - Αχαΐα,38.2,21.9,region/people
place,Zacynthus,2.66,378209PZak,Zacynthus (Ionian Islands) 123 Zakynthos - Ζάκυνθος,37.7872,20.8921,polity
place,Elis,2.66,378214PEli,Elis (Eleia) 521 Elis - Ήλις,37.89,21.374,polity
place,Peloponnese,2.66,375222RPel,Peloponnese (Hellas) 1736 Peloponisos - Πελοπόννησος,37.54,22.15,region/people
place,Athens,2.66,380237PAth,Athens (Attica) 9448 Athina - Αθήναι,37.9718,23.72793,polity
ethnic,Athenians,2.67,380237PAth,Athens (Attica) 9448 Athina - Αθήναι,37.9718,23.72793,polity
ethnic,Lacedaemonians,2.67,371224PSpa,Sparta/Lacedaemon (Lakonia) 5559 Sparti - Σπάρτα,37.0821,22.4237,polity
place,Argos,2.67,376227PArg,Argos (Argolid) 2457 Argos - Άργος,37.63091,22.72079,polity
place,Thrace,2.67,410265RThr,Thrace region (Evros) 1818 Thraki - Θραίκη,41.0,26.5,region/people
place,Potidaea,2.67,402233UPot,Poteidaia/Kassandreia (Chalkidike) 167 Nea Potidaia - Κασάνδρεια,40.1937,23.3278,polity
place,Hellespont,2.67,402264WHel,Hellespont (Thrace) 730 Dardanelles - Ελλήσποντός,40.2,26.4,sea/strait
place,Peloponnese,2.67,375222RPel,Peloponnese (Hellas) 1736 Peloponisos - Πελοπόννησος,37.54,22.15,region/people
person,Corinthian,2.67,379229PKor,Corinth/Korinthos (Korinthia) 1749 Archaia Korinthos - Κόρινθος,37.9054,22.8802,polity
person,Tegean,2.67,375224PTeg,Tegea (Arkadia) 363 Piali/Episkopi - Τεγέα,37.464,22.429,polity
ethnic,Argives,2.68,376227PArg,Argos (Argolid) 2457 Argos - Άργος,37.63091,22.72079,polity
ethnic,Ambraciots,2.68,390209UAmb,Ambracus (Arta) 92 Phidokastro - Άμβρακος,39.0419,20.9538,harbor
ethnic,Ambraciots,2.68,390209UAmb,Ambracus (Arta) 92 Phidokastro - Άμβρακος,39.0419,20.9538,harbor
ethnic,Amphilochians,2.68,390212RAmp,Amphilochia region (Aitolia) 91  - Αμφιλοχία,38.95,21.2,region/people
ethnic,Ambraciots,2.68,390209UAmb,Ambracus (Arta) 92 Phidokastro - Άμβρακος,39.0419,20.9538,harbor
ethnic,Amphilochians,2.68,390212RAmp,Amphilochia region (Aitolia) 91  - Αμφιλοχία,38.95,21.2,region/people
ethnic,Acarnanians,2.68,388210RAka,Akarnania region (Akarnania) 435 Akarnania - Ακαρνανία,38.8,21.0,region/people
ethnic,Athenians,2.68,380237PAth,Athens (Attica) 9448 Athina - Αθήναι,37.9718,23.72793,polity
ethnic,Ambraciots,2.68,390209UAmb,Ambracus (Arta) 92 Phidokastro - Άμβρακος,39.0419,20.9538,harbor
ethnic,Amphilochians,2.68,390212RAmp,Amphilochia region (Aitolia) 91  - Αμφιλοχία,38.95,21.2,region/people
ethnic,Ambraciots,2.68,390209UAmb,Ambracus (Arta) 92 Phidokastro - Άμβρακος,39.0419,20.9538,harbor
ethnic,Chaonians,2.68,403197RCha,Chaonia region (Epiros) 101 Southern Albania - Χαονία,40.3,19.7,region/people
demonym,Ambraciot,2.68,390209UAmb,Ambracus (Arta) 92 Phidokastro - Άμβρακος,39.0419,20.9538,harbor
demonym,Amphilochian,2.68,390212RAmp,Amphilochia region (Aitolia) 91  - Αμφιλοχία,38.95,21.2,region/people
place,Amphilochian Argos,2.68,389212PArg,Argos Amphilochikon (Aitolia) 44 Amphilochiko Argos - Άργος Αμφιλοχικόν,38.93,21.19,polity
place,Argos,2.68,389212PArg,Argos Amphilochikon (Aitolia) 44 Amphilochiko Argos - Άργος Αμφιλοχικόν,38.93,21.19,polity
place,Amphilochia,2.68,390212RAmp,Amphilochia region (Aitolia) 91  - Αμφιλοχία,38.95,21.2,region/people
place,Ambracian Gulf,2.68,390210WAmb,Ambracian Gulf (Aitolia) 77 Ambracian Gulf - Αμβρακικός κόλπος,38.9725,20.9692,sea/strait
place,Argos,2.68,389212PArg,Argos Amphilochikon (Aitolia) 44 Amphilochiko Argos - Άργος Αμφιλοχικόν,38.93,21.19,polity
place,Amphilochia,2.68,390212RAmp,Amphilochia region (Aitolia) 91  - Αμφιλοχία,38.95,21.2,region/people
place,Argos,2.68,389212PArg,Argos Amphilochikon (Aitolia) 44 Amphilochiko Argos - Άργος Αμφιλοχικόν,38.93,21.19,polity
place,Argos,2.68,389212PArg,Argos Amphilochikon (Aitolia) 44 Amphilochiko Argos - Άργος Αμφιλοχικόν,38.93,21.19,polity
ethnic,Athenians,2.69,380237PAth,Athens (Attica) 9448 Athina - Αθήναι,37.9718,23.72793,polity
demonym,Peloponnesian,2.69,375222RPel,Peloponnese (Hellas) 1736 Peloponisos - Πελοπόννησος,37.54,22.15,region/people
place,Naupactus,2.69,384218UNau,Naupactus (Aitolia) 190 Navpaktos - Ναύπακτος,38.3997,21.8313,polity
place,Corinth,2.69,379229PKor,Corinth/Korinthos (Korinthia) 1749 Archaia Korinthos - Κόρινθος,37.9054,22.8802,polity
place,Crissaean Gulf,2.69,384225UKri,Krisa (Phokis) 104 Chryso - Κρισά,38.4712,22.469,polity
place,Caria,2.69,370287RKar,Caria region (Asia Minor) 709 W Asia Minor - Καρία,37.01,28.7,region/people
place,Lycia,2.69,365295RLyc,Lycia region (Asia Minor) 599 SW Asia Minor - Λυκία,36.5,29.5,region/people
place,Phaselis,2.69,365306PPha,Phaselis (Lycia) 91 Tekirova - Φασηλίς,36.524,30.552,polity
place,Phoenicia,2.69,335354RPho,Phoenicia (Lebanon) 1083 Lebanon - Φοινική,33.5,35.4,region/people
demonym,Athenian,2.7,380237PAth,Athens (Attica) 9448 Athina - Αθήναι,37.9718,23.72793,polity
place,Plataea,2.7,382233PPla,Plataea (Boeotia) 337 Plataia - Πλαταιά,38.2213,23.2733,polity
place,Lacedaemon,2.7,371224PSpa,Sparta/Lacedaemon (Lakonia) 5559 Sparti - Σπάρτα,37.0821,22.4237,polity
place,Italy,2.7,406163RIta,Italia region (Italy) 4036 Italy - Ιταλία,40.6,16.3,region/people
place,Sicily,2.7,376145RSic,Sicily region (Italy) 3245 Sicilia - Σικελία,37.6,14.5,region/people
place,Peloponnese,2.7,375222RPel,Peloponnese (Hellas) 1736 Peloponisos - Πελοπόννησος,37.54,22.15,region/people
place,Corcyra,2.7,396199PKer,Corcyra (Ionian Islands) 405 Kerkyra/Corfu - Κέρκυρα,39.6063,19.9156,polity
place,Cephallenia,2.7,382206IKep,Kephallania (Kefallenia) 163 Kephallenia - Κεφαλληνία,38.2,20.59,island
place,Acarnania,2.7,388210RAka,Akarnania region (Akarnania) 435 Akarnania - Ακαρνανία,38.8,21.0,region/people
place,Zacynthus,2.7,378209PZak,Zacynthus (Ionian Islands) 123 Zakynthos - Ζάκυνθος,37.7872,20.8921,polity
ethnic,Potidaeans,2.70,402233UPot,Poteidaia/Kassandreia (Chalkidike) 167 Nea Potidaia - Κασάνδρεια,40.1937,23.3278,polity
ethnic,Peloponnesians,2.70,375222RPel,Peloponnese (Hellas) 1736 Peloponisos - Πελοπόννησος,37.54,22.15,region/people
ethnic,Athenians,2.70,380237PAth,Athens (Attica) 9448 Athina - Αθήναι,37.9718,23.72793,polity
place,Attica,2.70,379239RAtt,Attica region (Hellas) 1518 Attiki - Αττική,37.9,23.9,region/people
place,Chalcidice,2.70,405233RCha,Chalcidike region (Chalkidike) 90 Khalkidiki - Χαλκιδική,40.5,23.3,region/people
ethnic,Peloponnesians,2.71,375222RPel,Peloponnese (Hellas) 1736 Peloponisos - Πελοπόννησος,37.54,22.15,region/people
ethnic,Lacedaemonians,2.71,371224PSpa,Sparta/Lacedaemon (Lakonia) 5559 Sparti - Σπάρτα,37.0821,22.4237,polity
ethnic,Plataeans,2.71,382233PPla,Plataea (Boeotia) 337 Plataia - Πλαταιά,38.2213,23.2733,polity
ethnic,Medes,2.71,355480RMed,Media (Asia) 945 Hamedan - Μηδία,35.5,48.0,region/people
ethnic,Thebans,2.71,383233PThe,Thebes (Boeotia) 2611 Thiva - Θήβαι,38.3191,23.3178,polity
place,Attica,2.71,379239RAtt,Attica region (Hellas) 1518 Attiki - Αττική,37.9,23.9,region/people
ethnic,Plataeans,2.72,382233PPla,Plataea (Boeotia) 337 Plataia - Πλαταιά,38.2213,23.2733,polity
ethnic,Athenians,2.72,380237PAth,Athens (Attica) 9448 Athina - Αθήναι,37.9718,23.72793,polity
ethnic,Thebans,2.72,383233PThe,Thebes (Boeotia) 2611 Thiva - Θήβαι,38.3191,23.3178,polity
ethnic,Lacedaemonians,2.72,371224PSpa,Sparta/Lacedaemon (Lakonia) 5559 Sparti - Σπάρτα,37.0821,22.4237,polity
ethnic,Athenians,2.73,380237PAth,Athens (Attica) 9448 Athina - Αθήναι,37.9718,23.72793,polity
ethnic,Plataeans,2.73,382233PPla,Plataea (Boeotia) 337 Plataia - Πλαταιά,38.2213,23.2733,polity
ethnic,Plataeans,2.74,382233PPla,Plataea (Boeotia) 337 Plataia - Πλαταιά,38.2213,23.2733,polity
ethnic,Athenians,2.74,380237PAth,Athens (Attica) 9448 Athina - Αθήναι,37.9718,23.72793,polity
ethnic,Lacedaemonians,2.74,371224PSpa,Sparta/Lacedaemon (Lakonia) 5559 Sparti - Σπάρτα,37.0821,22.4237,polity
ethnic,Medes,2.74,355480RMed,Media (Asia) 945 Hamedan - Μηδία,35.5,48.0,region/people
ethnic,Plataeans,2.75,382233PPla,Plataea (Boeotia) 337 Plataia - Πλαταιά,38.2213,23.2733,polity
demonym,Lacedaemonian,2.75,371224PSpa,Sparta/Lacedaemon (Lakonia) 5559 Sparti - Σπάρτα,37.0821,22.4237,polity
place,Cithaeron,2.75,382233LCit,Cithaeron Mt. (Boeotia) 203 Kithairon - Κιθαιρών,38.185,23.2506,mountain
ethnic,Peloponnesians,2.76,375222RPel,Peloponnese (Hellas) 1736 Peloponisos - Πελοπόννησος,37.54,22.15,region/people
ethnic,Plataeans,2.76,382233PPla,Plataea (Boeotia) 337 Plataia - Πλαταιά,38.2213,23.2733,polity
ethnic,Peloponnesians,2.77,375222RPel,Peloponnese (Hellas) 1736 Peloponisos - Πελοπόννησος,37.54,22.15,region/people
ethnic,Plataeans,2.77,382233PPla,Plataea (Boeotia) 337 Plataia - Πλαταιά,38.2213,23.2733,polity
ethnic,Peloponnesians,2.78,375222RPel,Peloponnese (Hellas) 1736 Peloponisos - Πελοπόννησος,37.54,22.15,region/people
ethnic,Boeotians,2.78,384233RBoi,Boiotia region (Boeotia) 1673 Viotia - Βοιωτία,38.35,23.25,region/people
ethnic,Plataeans,2.78,382233PPla,Plataea (Boeotia) 337 Plataia - Πλαταιά,38.2213,23.2733,polity
ethnic,Athenians,2.78,380237PAth,Athens (Attica) 9448 Athina - Αθήναι,37.9718,23.72793,polity
ethnic,Athenians,2.79,380237PAth,Athens (Attica) 9448 Athina - Αθήναι,37.9718,23.72793,polity
ethnic,Chalcidians,2.79,405233RCha,Chalcidike region (Chalkidike) 90 Khalkidiki - Χαλκιδική,40.5,23.3,region/people
ethnic,Bottiaeans,2.79,406223RBot,Bottiaia region (Emathia) 55 central Macedonian plain - Βοττιαίοι,40.6,22.3,region/people
ethnic,Chalcidians,2.79,405233RCha,Chalcidike region (Chalkidike) 90 Khalkidiki - Χαλκιδική,40.5,23.3,region/people
ethnic,Chalcidians,2.79,405233RCha,Chalcidike region (Chalkidike) 90 Khalkidiki - Χαλκιδική,40.5,23.3,region/people
ethnic,Bottiaeans,2.79,406223RBot,Bottiaia region (Emathia) 55 central Macedonian plain - Βοττιαίοι,40.6,22.3,region/people
demonym,Chalcidian,2.79,405233RCha,Chalcidike region (Chalkidike) 90 Khalkidiki - Χαλκιδική,40.5,23.3,region/people
demonym,Chalcidian,2.79,405233RCha,Chalcidike region (Chalkidike) 90 Khalkidiki - Χαλκιδική,40.5,23.3,region/people
demonym,Chalcidian,2.79,405233RCha,Chalcidike region (Chalkidike) 90 Khalkidiki - Χαλκιδική,40.5,23.3,region/people
demonym,Chalcidian,2.79,405233RCha,Chalcidike region (Chalkidike) 90 Khalkidiki - Χαλκιδική,40.5,23.3,region/people
place,Plataea,2.79,382233PPla,Plataea (Boeotia) 337 Plataia - Πλαταιά,38.2213,23.2733,polity
place,Thrace,2.79,410265RThr,Thrace region (Evros) 1818 Thraki - Θραίκη,41.0,26.5,region/people
place,Spartolus,2.79,403232PSpa,Spartolos (Chalkidike) 19 W Khalkidiki - Σπάρτωλος,40.3163,23.1598,polity
place,Bottiaea,2.79,406223RBot,Bottiaia region (Emathia) 55 central Macedonian plain - Βοττιαίοι,40.6,22.3,region/people
place,Olynthus,2.79,403234POly,Olynthos (Chalkidike) 226 Nea Olynthos - Ολυνθος,40.2963,23.354,polity
place,Spartolus,2.79,403232PSpa,Spartolos (Chalkidike) 19 W Khalkidiki - Σπάρτωλος,40.3163,23.1598,polity
place,Spartolus,2.79,403232PSpa,Spartolos (Chalkidike) 19 W Khalkidiki - Σπάρτωλος,40.3163,23.1598,polity
place,Spartolus,2.79,403232PSpa,Spartolos (Chalkidike) 19 W Khalkidiki - Σπάρτωλος,40.3163,23.1598,polity
place,Potidaea,2.79,402233UPot,Poteidaia/Kassandreia (Chalkidike) 167 Nea Potidaia - Κασάνδρεια,40.1937,23.3278,polity
person,Crusis,2.79,403231RKro,Krousis region (Chalkidike) 8 W Khalkidiki - Κρουσίς,40.321,23.099,region/people
ethnic,Lacedaemonians,2.8,371224PSpa,Sparta/Lacedaemon (Lakonia) 5559 Sparti - Σπάρτα,37.0821,22.4237,polity
place,Peloponnese,2.8,375222RPel,Peloponnese (Hellas) 1736 Peloponisos - Πελοπόννησος,37.54,22.15,region/people
place,Athens,2.8,380237PAth,Athens (Attica) 9448 Athina - Αθήναι,37.9718,23.72793,polity
place,Delos,2.8,374253PDel,Delos (Cyclades) 404 Dilos - Δήλος,37.398,25.267,polity
ethnic,Ambraciots,2.80,390209UAmb,Ambracus (Arta) 92 Phidokastro - Άμβρακος,39.0419,20.9538,harbor
ethnic,Chaonians,2.80,403197RCha,Chaonia region (Epiros) 101 Southern Albania - Χαονία,40.3,19.7,region/people
ethnic,Lacedaemonians,2.80,371224PSpa,Sparta/Lacedaemon (Lakonia) 5559 Sparti - Σπάρτα,37.0821,22.4237,polity
ethnic,Acarnanians,2.80,388210RAka,Akarnania region (Akarnania) 435 Akarnania - Ακαρνανία,38.8,21.0,region/people
ethnic,Athenians,2.80,380237PAth,Athens (Attica) 9448 Athina - Αθήναι,37.9718,23.72793,polity
ethnic,Corinthians,2.80,379229PKor,Corinth/Korinthos (Korinthia) 1749 Archaia Korinthos - Κόρινθος,37.9054,22.8802,polity
ethnic,Ambraciots,2.80,390209UAmb,Ambracus (Arta) 92 Phidokastro - Άμβρακος,39.0419,20.9538,harbor
ethnic,Ambraciots,2.80,390209UAmb,Ambracus (Arta) 92 Phidokastro - Άμβρακος,39.0419,20.9538,harbor
ethnic,Leucadians,2.80,387207PLeu,Leukas (Ionian Islands) 213 Leukada - Λευκάς,38.81,20.717,polity
ethnic,Anactorians,2.80,389208PAna,Anaktorion (Akarnania) 41 Ag. Petros - Ανακτόριον,38.9209,20.8435,polity
ethnic,Peloponnesians,2.80,375222RPel,Peloponnese (Hellas) 1736 Peloponisos - Πελοπόννησος,37.54,22.15,region/people
ethnic,Thesprotians,2.80,394204RThp,Thesprotia region (Thesprotia) 125 Thesprotia - Θεσπρωτία,39.4,20.4,region/people
ethnic,Molossians,2.80,398206RMol,Molossia region (Thesprotia) 144  - Μολοσσία,39.8,20.6,region/people
ethnic,Atintanians,2.80,405205RAti,Atintanes (Illyria) 35 Atintanes - Ατιντάνες,40.5,20.5,region/people
ethnic,Paravaeans,2.80,400209RPar,Paravaia region (Ioannina) 13  - Παραυαία,39.98,20.92,region/people
ethnic,Orestians,2.80,405215ROre,Orestis region (Kozani) 63 upper Haliakmon valley - Ορέσται,40.5,21.5,region/people
ethnic,Macedonians,2.80,408225RMak,Macedonia region (Greece) 3609 Makedonia - Μακεδονία,40.81,22.5,region/people
place,Zacynthus,2.80,378209PZak,Zacynthus (Ionian Islands) 123 Zakynthos - Ζάκυνθος,37.7872,20.8921,polity
place,Cephallenia,2.80,382206IKep,Kephallania (Kefallenia) 163 Kephallenia - Κεφαλληνία,38.2,20.59,island
place,Naupactus,2.80,384218UNau,Naupactus (Aitolia) 190 Navpaktos - Ναύπακτος,38.3997,21.8313,polity
place,Sicyon,2.80,380227PSik,Sikyon (Korinthia) 619 Vasiliko - Σικυών,37.9834,22.7145,polity
place,Anactorium,2.80,389208PAna,Anaktorion (Akarnania) 41 Ag. Petros - Ανακτόριον,38.9209,20.8435,polity
place,Ambracia,2.80,392210PAmb,Ambracia (Arta) 195 Arta - Αμβρακία,39.155,20.9899,polity
place,Amphilochian Argos,2.80,389212PArg,Argos Amphilochikon (Aitolia) 44 Amphilochiko Argos - Άργος Αμφιλοχικόν,38.93,21.19,polity
place,Limnaea,2.80,389212PLim,Limnaia (Aitolia) 33 Amphilochia (Karavassaras) - Λιμναία,38.8576,21.1688,polity
place,Stratus,2.80,387213PStr,Stratos (Aitolia) 102 Sourovigli - Στράτος,38.6718,21.3195,polity
ethnic,Acarnanians,2.81,388210RAka,Akarnania region (Akarnania) 435 Akarnania - Ακαρνανία,38.8,21.0,region/people
ethnic,Peloponnesians,2.81,375222RPel,Peloponnese (Hellas) 1736 Peloponisos - Πελοπόννησος,37.54,22.15,region/people
ethnic,Chaonians,2.81,403197RCha,Chaonia region (Epiros) 101 Southern Albania - Χαονία,40.3,19.7,region/people
ethnic,Leucadians,2.81,387207PLeu,Leukas (Ionian Islands) 213 Leukada - Λευκάς,38.81,20.717,polity
ethnic,Anactorians,2.81,389208PAna,Anaktorion (Akarnania) 41 Ag. Petros - Ανακτόριον,38.9209,20.8435,polity
ethnic,Ambraciots,2.81,390209UAmb,Ambracus (Arta) 92 Phidokastro - Άμβρακος,39.0419,20.9538,harbor
ethnic,Stratians,2.81,387213PStr,Stratos (Aitolia) 102 Sourovigli - Στράτος,38.6718,21.3195,polity
place,Corinth,2.81,379229PKor,Corinth/Korinthos (Korinthia) 1749 Archaia Korinthos - Κόρινθος,37.9054,22.8802,polity
place,Naupactus,2.81,384218UNau,Naupactus (Aitolia) 190 Navpaktos - Ναύπακτος,38.3997,21.8313,polity
ethnic,Stratians,2.82,387213PStr,Stratos (Aitolia) 102 Sourovigli - Στράτος,38.6718,21.3195,polity
place,Anapus,2.82,388213WAna,Anapos R. (Akarnania) 1 Gero Poros - Άναπος,38.47,21.166,river
place,Oeniadae,2.82,384212POin,Oiniadai (Aitolia) 89 Trikardo - Οινιάδαι,38.4118,21.1948,polity
ethnic,Acarnanians,2.83,388210RAka,Akarnania region (Akarnania) 435 Akarnania - Ακαρνανία,38.8,21.0,region/people
ethnic,Corinthians,2.83,379229PKor,Corinth/Korinthos (Korinthia) 1749 Archaia Korinthos - Κόρινθος,37.9054,22.8802,polity
ethnic,Athenians,2.83,380237PAth,Athens (Attica) 9448 Athina - Αθήναι,37.9718,23.72793,polity
ethnic,Peloponnesians,2.83,375222RPel,Peloponnese (Hellas) 1736 Peloponisos - Πελοπόννησος,37.54,22.15,region/people
place,Crissaean Gulf,2.83,384225UKri,Krisa (Phokis) 104 Chryso - Κρισά,38.4712,22.469,polity
place,Stratus,2.83,387213PStr,Stratos (Aitolia) 102 Sourovigli - Στράτος,38.6718,21.3195,polity
place,Naupactus,2.83,384218UNau,Naupactus (Aitolia) 190 Navpaktos - Ναύπακτος,38.3997,21.8313,polity
place,Patrae,2.83,382217PPat,Patrai (Achaia) 180 Patras - Πάτραι,38.245,21.74,polity
place,Achaea,2.83,382219RAch,Achaea region (Achaia) 1800 Achaia - Αχαΐα,38.2,21.9,region/people
place,Chalcis,2.83,384216UHyp,Chalkis/Hypochalkis (Aitolia) 19 Kato Vasiliki - Υποχαλκίς,38.3535,21.6314,polity
place,Evenus,2.83,384216WEve,Euenos R. (Aitolia) 86 Evinos/Fidaris R. - Εύηνος,38.376,21.552,river
ethnic,Athenians,2.84,380237PAth,Athens (Attica) 9448 Athina - Αθήναι,37.9718,23.72793,polity
ethnic,Peloponnesians,2.84,375222RPel,Peloponnese (Hellas) 1736 Peloponisos - Πελοπόννησος,37.54,22.15,region/people
demonym,Eleian,2.84,378215REle,Eleia or Elis region (Eleia) 617 Ileia - Ήλις,37.8,21.5,region/people
place,Patrae,2.84,382217PPat,Patrai (Achaia) 180 Patras - Πάτραι,38.245,21.74,polity
place,Dyme,2.84,381216PDym,Dyme (Achaia) 102 Kato Achaia - Δύμη,38.1446,21.5514,polity
place,Achaea,2.84,382219RAch,Achaea region (Achaia) 1800 Achaia - Αχαΐα,38.2,21.9,region/people
place,Molycrium,2.84,384218PMol,Molykreion? (Aitolia) 33 Velvina/Elliniko - Μολύκρειον,38.385,21.749,polity
place,Rhium,2.84,383218LRhi,Rhion cape (Achaia) 76 Rio - Ρίον,38.31,21.782,cape
place,Naupactus,2.84,384218UNau,Naupactus (Aitolia) 190 Navpaktos - Ναύπακτος,38.3997,21.8313,polity
place,Cyllene,2.84,379211PKyl,Kyllene (Eleia) 59 Kyllini - Κυλλήνη,37.94052,21.1393,polity
place,Leucas,2.84,387207PLeu,Leukas (Ionian Islands) 213 Leukada - Λευκάς,38.81,20.717,polity
place,Stratus,2.84,387213PStr,Stratos (Aitolia) 102 Sourovigli - Στράτος,38.6718,21.3195,polity
ethnic,Lacedaemonians,2.85,371224PSpa,Sparta/Lacedaemon (Lakonia) 5559 Sparti - Σπάρτα,37.0821,22.4237,polity
ethnic,Athenians,2.85,380237PAth,Athens (Attica) 9448 Athina - Αθήναι,37.9718,23.72793,polity
ethnic,Polichnitans,2.85,352261UPol,Polichna? Trypitos (Crete) 4 Trypitos - Πολίχνα,35.1986,26.1297,polity
ethnic,Cydonians,2.85,355240PKyd,Kydonia (Crete) 79 Khania - Κυδωνία,35.5158,24.0187,polity
ethnic,Polichnitans,2.85,352261UPol,Polichna? Trypitos (Crete) 4 Trypitos - Πολίχνα,35.1986,26.1297,polity
ethnic,Cydonians,2.85,355240PKyd,Kydonia (Crete) 79 Khania - Κυδωνία,35.5158,24.0187,polity
place,Crete,2.85,352252IKre,Crete (Greece) 1562 Kriti - Κρήτη,35.2052,25.1836,region/people
place,Gortys,2.85,351249UGor,Gortyna (Crete) 90 Gortyna/Ag. Deka - Γόρτυν,35.0594,24.95,polity
place,Cydonia,2.85,355240PKyd,Kydonia (Crete) 79 Khania - Κυδωνία,35.5158,24.0187,polity
ethnic,Athenians,2.86,380237PAth,Athens (Attica) 9448 Athina - Αθήναι,37.9718,23.72793,polity
ethnic,Peloponnesians,2.86,375222RPel,Peloponnese (Hellas) 1736 Peloponisos - Πελοπόννησος,37.54,22.15,region/people
demonym,Molycrian,2.86,384218PMol,Molykreion? (Aitolia) 33 Velvina/Elliniko - Μολύκρειον,38.385,21.749,polity
demonym,Achaean,2.86,382219RAch,Achaea region (Achaia) 1800 Achaia - Αχαΐα,38.2,21.9,region/people
place,Crete,2.86,352252IKre,Crete (Greece) 1562 Kriti - Κρήτη,35.2052,25.1836,region/people
place,Cyllene,2.86,379211PKyl,Kyllene (Eleia) 59 Kyllini - Κυλλήνη,37.94052,21.1393,polity
place,Panormus,2.86,383218HPan,Panormos (Achaia) 13 Prasino Limanaki? - Πάνορμος,38.3167,21.8167,harbor
place,Rhium,2.86,383218LRhi,Rhion cape (Achaia) 76 Rio - Ρίον,38.31,21.782,cape
place,Rhium,2.86,383218LRhi,Rhion cape (Achaia) 76 Rio - Ρίον,38.31,21.782,cape
place,Crissaean Gulf,2.86,384225UKri,Krisa (Phokis) 104 Chryso - Κρισά,38.4712,22.469,polity
place,Rhium,2.86,383218LRhi,Rhion cape (Achaia) 76 Rio - Ρίον,38.31,21.782,cape
place,Panormus,2.86,383218HPan,Panormos (Achaia) 13 Prasino Limanaki? - Πάνορμος,38.3167,21.8167,harbor
place,Rhia,2.86,383218LRhi,Rhion cape (Achaia) 76 Rio - Ρίον,38.31,21.782,cape
ethnic,Peloponnesians,2.87,375222RPel,Peloponnese (Hellas) 1736 Peloponisos - Πελοπόννησος,37.54,22.15,region/people
ethnic,Athenians,2.88,380237PAth,Athens (Attica) 9448 Athina - Αθήναι,37.9718,23.72793,polity
demonym,Peloponnesian,2.88,375222RPel,Peloponnese (Hellas) 1736 Peloponisos - Πελοπόννησος,37.54,22.15,region/people
ethnic,Peloponnesians,2.89,375222RPel,Peloponnese (Hellas) 1736 Peloponisos - Πελοπόννησος,37.54,22.15,region/people
ethnic,Lacedaemonians,2.89,371224PSpa,Sparta/Lacedaemon (Lakonia) 5559 Sparti - Σπάρτα,37.0821,22.4237,polity
ethnic,Athenians,2.89,380237PAth,Athens (Attica) 9448 Athina - Αθήναι,37.9718,23.72793,polity
ethnic,Peloponnesians,2.9,375222RPel,Peloponnese (Hellas) 1736 Peloponisos - Πελοπόννησος,37.54,22.15,region/people
ethnic,Argives,2.9,376227PArg,Argos (Argolid) 2457 Argos - Άργος,37.63091,22.72079,polity
ethnic,Achaeans,2.9,382219RAch,Achaea region (Achaia) 1800 Achaia - Αχαΐα,38.2,21.9,region/people
ethnic,Megarians,2.9,380233PMeg,Megara (Megarid) 713 Megara - Μέγαρα,37.997,23.34285,polity
ethnic,Locrians,2.9,386231ROpu,Lokris Opuntia region (Phthiotis) 288 Atalandi - Λοκροί  Οπούντιοι,38.65,23.04,region/people
ethnic,Boeotians,2.9,384233RBoi,Boiotia region (Boeotia) 1673 Viotia - Βοιωτία,38.35,23.25,region/people
ethnic,Phocians,2.9,386227RPho,Phokis region (Central Greece) 781 Phokida - Φωκίς,38.6,22.7,region/people
ethnic,Ambraciots,2.9,390209UAmb,Ambracus (Arta) 92 Phidokastro - Άμβρακος,39.0419,20.9538,harbor
ethnic,Leucadians,2.9,387207PLeu,Leukas (Ionian Islands) 213 Leukada - Λευκάς,38.81,20.717,polity
ethnic,Anactorians,2.9,389208PAna,Anaktorion (Akarnania) 41 Ag. Petros - Ανακτόριον,38.9209,20.8435,polity
ethnic,Corinthians,2.9,379229PKor,Corinth/Korinthos (Korinthia) 1749 Archaia Korinthos - Κόρινθος,37.9054,22.8802,polity
ethnic,Pellenians,2.9,380225PPel,Pellene (Korinthia) 135 Pellini - Πελλήνη,38.0446,22.5384,polity
ethnic,Eleans,2.9,378215REle,Eleia or Elis region (Eleia) 617 Ileia - Ήλις,37.8,21.5,region/people
ethnic,Ambraciots,2.9,390209UAmb,Ambracus (Arta) 92 Phidokastro - Άμβρακος,39.0419,20.9538,harbor
ethnic,Chians,2.9,384261PChi,Chios polis (Chios) 602 Khios - Χίος,38.3764,26.1342,polity
ethnic,Lesbians,2.9,392261ILes,Lesbos (Lesbos) 438 Lesbos - Λέσβος,39.2075,26.2,island
ethnic,Plateans,2.9,382233PPla,Plataea (Boeotia) 337 Plataia - Πλαταιά,38.2213,23.2733,polity
ethnic,Messenians,2.9,372218RMes,Messenia region (Messenia) 700 Messinia - Μεσσηνία,37.2,21.8,region/people
ethnic,Acarnanians,2.9,388210RAka,Akarnania region (Akarnania) 435 Akarnania - Ακαρνανία,38.8,21.0,region/people
ethnic,Corcyraeans,2.9,396199PKer,Corcyra (Ionian Islands) 405 Kerkyra/Corfu - Κέρκυρα,39.6063,19.9156,polity
ethnic,Zacynthians,2.9,378209PZak,Zacynthus (Ionian Islands) 123 Zakynthos - Ζάκυνθος,37.7872,20.8921,polity
demonym,Lacedaemonian,2.9,371224PSpa,Sparta/Lacedaemon (Lakonia) 5559 Sparti - Σπάρτα,37.0821,22.4237,polity
demonym,Dorian,2.9,387224RDor,Doris tetrapolis (Central Greece) 303 Dorida - Δωρίς,38.7,22.4,region/people
place,Isthmus,2.9,379230LIst,Isthmus (Korinthia) 240 Isthmia - Ισθμός,37.928,22.973,sanctuary/temple
place,Athens,2.9,380237PAth,Athens (Attica) 9448 Athina - Αθήναι,37.9718,23.72793,polity
place,Naupactus,2.9,384218UNau,Naupactus (Aitolia) 190 Navpaktos - Ναύπακτος,38.3997,21.8313,polity
place,Caria,2.9,370287RKar,Caria region (Asia Minor) 709 W Asia Minor - Καρία,37.01,28.7,region/people
place,Ionia,2.9,375275RIon,Ionia region (Asia Minor) 884 Izmir - Ιωνία,38.0,27.3,region/people
place,Hellespont,2.9,402264WHel,Hellespont (Thrace) 730 Dardanelles - Ελλήσποντός,40.2,26.4,sea/strait
place,Crete,2.9,352252IKre,Crete (Greece) 1562 Kriti - Κρήτη,35.2052,25.1836,region/people
place,Cyclades,2.9,372248RKyk,Cyclades region (Aegean) 166 Kyklades - Κυκλάδες,37.2,24.8,region/people
place,Melos,2.9,367244PMel,Melos (Cyclades) 128 Klima - Μήλος,36.7389,24.4199,polity
place,Thera,2.9,364255PThe,Thera polis (Cyclades) 63 Kamari - Θήρα,36.364,25.477,polity
ethnic,Peloponnesians,2.90,375222RPel,Peloponnese (Hellas) 1736 Peloponisos - Πελοπόννησος,37.54,22.15,region/people
ethnic,Athenians,2.90,380237PAth,Athens (Attica) 9448 Athina - Αθήναι,37.9718,23.72793,polity
ethnic,Messenians,2.90,372218RMes,Messenia region (Messenia) 700 Messinia - Μεσσηνία,37.2,21.8,region/people
place,Naupactus,2.90,384218UNau,Naupactus (Aitolia) 190 Navpaktos - Ναύπακτος,38.3997,21.8313,polity
ethnic,Peloponnesians,2.91,375222RPel,Peloponnese (Hellas) 1736 Peloponisos - Πελοπόννησος,37.54,22.15,region/people
demonym,Athenian,2.91,380237PAth,Athens (Attica) 9448 Athina - Αθήναι,37.9718,23.72793,polity
demonym,Leucadian,2.91,387207PLeu,Leukas (Ionian Islands) 213 Leukada - Λευκάς,38.81,20.717,polity
place,Naupactus,2.91,384218UNau,Naupactus (Aitolia) 190 Navpaktos - Ναύπακτος,38.3997,21.8313,polity
ethnic,Athenians,2.92,380237PAth,Athens (Attica) 9448 Athina - Αθήναι,37.9718,23.72793,polity
ethnic,Peloponnesians,2.92,375222RPel,Peloponnese (Hellas) 1736 Peloponisos - Πελοπόννησος,37.54,22.15,region/people
ethnic,Leucadians,2.92,387207PLeu,Leukas (Ionian Islands) 213 Leukada - Λευκάς,38.81,20.717,polity
demonym,Achaean,2.92,382219RAch,Achaea region (Achaia) 1800 Achaia - Αχαΐα,38.2,21.9,region/people
place,Panormus,2.92,383218HPan,Panormos (Achaia) 13 Prasino Limanaki? - Πάνορμος,38.3167,21.8167,harbor
place,Naupactus,2.92,384218UNau,Naupactus (Aitolia) 190 Navpaktos - Ναύπακτος,38.3997,21.8313,polity
place,Rhium,2.92,383218LRhi,Rhion cape (Achaia) 76 Rio - Ρίον,38.31,21.782,cape
place,Crissaean Gulf,2.92,384225UKri,Krisa (Phokis) 104 Chryso - Κρισά,38.4712,22.469,polity
place,Corinth,2.92,379229PKor,Corinth/Korinthos (Korinthia) 1749 Archaia Korinthos - Κόρινθος,37.9054,22.8802,polity
person,Lacedaemonian,2.92,371224PSpa,Sparta/Lacedaemon (Lakonia) 5559 Sparti - Σπάρτα,37.0821,22.4237,polity
ethnic,Megarians,2.93,380233PMeg,Megara (Megarid) 713 Megara - Μέγαρα,37.997,23.34285,polity
demonym,Peloponnesian,2.93,375222RPel,Peloponnese (Hellas) 1736 Peloponisos - Πελοπόννησος,37.54,22.15,region/people
demonym,Athenian,2.93,380237PAth,Athens (Attica) 9448 Athina - Αθήναι,37.9718,23.72793,polity
place,Corinth,2.93,379229PKor,Corinth/Korinthos (Korinthia) 1749 Archaia Korinthos - Κόρινθος,37.9054,22.8802,polity
place,Crissaean Gulf,2.93,384225UKri,Krisa (Phokis) 104 Chryso - Κρισά,38.4712,22.469,polity
place,Piraeus,2.93,379236HPei,Piraeus (Attica) 498 Piraeus - Πειραιεύς,37.9394,23.6448,deme
place,Nisaea,2.93,380234UNis,Nisaia (Attica) 79 Pachi - Νισαία,37.9764,23.364,polity
place,Nisaea,2.93,380234UNis,Nisaia (Attica) 79 Pachi - Νισαία,37.9764,23.364,polity
place,Salamis,2.93,379235PSal,Salamis (Salamis) 266 Ambelaki - Σαλαμίς,37.952,23.5408,polity
place,fort,2.93,380234FBou,Boudoron (Attica) 5 Salamis - Βούδορον,37.9797,23.4357,fortification
ethnic,Athenians,2.94,380237PAth,Athens (Attica) 9448 Athina - Αθήναι,37.9718,23.72793,polity
ethnic,Peloponnesians,2.94,375222RPel,Peloponnese (Hellas) 1736 Peloponisos - Πελοπόννησος,37.54,22.15,region/people
place,Piraeus,2.94,379236HPei,Piraeus (Attica) 498 Piraeus - Πειραιεύς,37.9394,23.6448,deme
place,Salamis,2.94,379235PSal,Salamis (Salamis) 266 Ambelaki - Σαλαμίς,37.952,23.5408,polity
place,Budorum,2.94,380234FBou,Boudoron (Attica) 5 Salamis - Βούδορον,37.9797,23.4357,fortification
place,Nisaea,2.94,380234UNis,Nisaia (Attica) 79 Pachi - Νισαία,37.9764,23.364,polity
place,Megara,2.94,380233PMeg,Megara (Megarid) 713 Megara - Μέγαρα,37.997,23.34285,polity
place,Corinth,2.94,379229PKor,Corinth/Korinthos (Korinthia) 1749 Archaia Korinthos - Κόρινθος,37.9054,22.8802,polity
ethnic,Chalcidians,2.95,405233RCha,Chalcidike region (Chalkidike) 90 Khalkidiki - Χαλκιδική,40.5,23.3,region/people
ethnic,Athenians,2.95,380237PAth,Athens (Attica) 9448 Athina - Αθήναι,37.9718,23.72793,polity
ethnic,Chalcidians,2.95,405233RCha,Chalcidike region (Chalkidike) 90 Khalkidiki - Χαλκιδική,40.5,23.3,region/people
demonym,Chalcidian,2.95,405233RCha,Chalcidike region (Chalkidike) 90 Khalkidiki - Χαλκιδική,40.5,23.3,region/people
place,Thrace,2.95,410265RThr,Thrace region (Evros) 1818 Thraki - Θραίκη,41.0,26.5,region/people
place,Macedonia,2.95,408225RMak,Macedonia region (Greece) 3609 Makedonia - Μακεδονία,40.81,22.5,region/people
person,Odrysian,2.95,417265ROdr,Odrysians tribe (Evros) 86 Thrace - Οδρύσαι ,41.7,26.5,region/people
ethnic,Odrysians,2.96,417265ROdr,Odrysians tribe (Evros) 86 Thrace - Οδρύσαι ,41.7,26.5,region/people
ethnic,Getae,2.96,435268RGet,Getai tribe (Bulgaria) 178 Bulgaria - Γέται,43.5,26.8,region/people
ethnic,Scythians,2.96,475310RSky,Scythia (Pontus) 1137 N. Coast of Black Sea - Σκυθική,47.5,31.01,region/people
ethnic,Agrianes,2.96,425230RAgr,Agrianes (Thrace) 82 Upper Strymon - Αγριάνες,42.5,23.0,region/people
ethnic,Paeonians,2.96,415220RPai,Paionia region (Macedonia) 187 North Macedonia - Παιονία,41.5,22.01,region/people
ethnic,Agrianes,2.96,425230RAgr,Agrianes (Thrace) 82 Upper Strymon - Αγριάνες,42.5,23.0,region/people
ethnic,Triballi,2.96,425220RTri,Triballoi (Balkans) 77 South Morava R. - Τριβαλλοί,42.5,22.0,region/people
place,Haemus,2.96,428247LHae,Haemus Mt. (Bulgaria) 122 Stara Planina - Αίμος,42.773,24.659,mountain
place,Rhodope,2.96,412253LRho,Rhodope Mt. (Rodopi) 87 Rodopi - Ροδόπη,41.23,25.28,mountain
place,Euxine,2.96,435335WPon,Pontos (Pontus) 1512 Black Sea - Πόντος,43.5,33.5,sea/strait
place,Hellespont,2.96,402264WHel,Hellespont (Thrace) 730 Dardanelles - Ελλήσποντός,40.2,26.4,sea/strait
place,Danube,2.96,442277WIst,Ister or Danube R. (Europe) 612 Danube - Ίστρος,44.206,27.742,river
place,Rhodope,2.96,412253LRho,Rhodope Mt. (Rodopi) 87 Rodopi - Ροδόπη,41.23,25.28,mountain
place,Strymon,2.96,408238WStr,Strymon R. (Serres) 155 Strymon - Στρυμών,40.7858,23.8489,river
place,Nestus,2.96,418238WNes,Nestos R. (Drama) 48 Nestos/Mesta - Νέστος,41.0916,24.771,river
place,Hebrus,2.96,407260WHeb,Hebros R. (Evros) 91 Evros/Maritsa - Έβρος,40.78557,26.1825,river
place,Rhodope,2.96,412253LRho,Rhodope Mt. (Rodopi) 87 Rodopi - Ροδόπη,41.23,25.28,mountain
ethnic,Odrysians,2.97,417265ROdr,Odrysians tribe (Evros) 86 Thrace - Οδρύσαι ,41.7,26.5,region/people
ethnic,Odrysians,2.97,417265ROdr,Odrysians tribe (Evros) 86 Thrace - Οδρύσαι ,41.7,26.5,region/people
ethnic,Scythians,2.97,475310RSky,Scythia (Pontus) 1137 N. Coast of Black Sea - Σκυθική,47.5,31.01,region/people
demonym,Odrysian,2.97,417265ROdr,Odrysians tribe (Evros) 86 Thrace - Οδρύσαι ,41.7,26.5,region/people
demonym,Persian,2.97,295540RPer,Persia (Asia) 4067 Fars - Περσία ,29.5,54.0,region/people
place,Abdera,2.97,410250PAbd,Abdera (Xanthi) 147 Avdira - Άβδηρα,40.95,24.9833,polity
place,Danube,2.97,442277WIst,Ister or Danube R. (Europe) 612 Danube - Ίστρος,44.206,27.742,river
place,Euxine,2.97,435335WPon,Pontos (Pontus) 1512 Black Sea - Πόντος,43.5,33.5,sea/strait
place,Byzantium,2.97,410290UByz,Byzantion (Thrace) 964 Istanbul - Βυζάντιον,41.0119,28.9836,polity
place,Strymon,2.97,408238WStr,Strymon R. (Serres) 155 Strymon - Στρυμών,40.7858,23.8489,river
place,Thrace,2.97,410265RThr,Thrace region (Evros) 1818 Thraki - Θραίκη,41.0,26.5,region/people
place,Ionian Sea,2.97,408187WIon,Ionian Sea (Greece/Italy) 284 Mar Ionio - Ιόνιος,39.2,18.7,sea/strait
ethnic,Sintians,2.98,414233RSin,Sintice region (Bulgaria) 30  - Σιντική,41.4,23.3,region/people
ethnic,Paeonians,2.98,415220RPai,Paionia region (Macedonia) 187 North Macedonia - Παιονία,41.5,22.01,region/people
ethnic,Sintians,2.98,414233RSin,Sintice region (Bulgaria) 30  - Σιντική,41.4,23.3,region/people
ethnic,Maedians,2.98,418228RMai,Maidoi/Maedice 40 Thrace,41.75,22.75,region/people
ethnic,Thracians,2.98,410265RThr,Thrace region (Evros) 1818 Thraki - Θραίκη,41.0,26.5,region/people
ethnic,Odrysians,2.98,417265ROdr,Odrysians tribe (Evros) 86 Thrace - Οδρύσαι ,41.7,26.5,region/people
ethnic,Getae,2.98,435268RGet,Getai tribe (Bulgaria) 178 Bulgaria - Γέται,43.5,26.8,region/people
place,Macedonia,2.98,408225RMak,Macedonia region (Greece) 3609 Makedonia - Μακεδονία,40.81,22.5,region/people
place,Doberus,2.98,414228UDob,Doberos (Macedonia) 16 Bansko - Δόβηρος,41.3824,22.7543,polity
place,Rhodope,2.98,412253LRho,Rhodope Mt. (Rodopi) 87 Rodopi - Ροδόπη,41.23,25.28,mountain
ethnic,Lyncestae,2.99,410214RLyn,Lynkos region (Macedonia) 63 upper Crna valley - Λύγκος,40.97,21.36,region/people
ethnic,Elimiotae,2.99,402218REli,Elimeia region (Kozani) 31 Kozani - Ελιμία,40.22,21.84,region/people
ethnic,Macedonians,2.99,408225RMak,Macedonia region (Greece) 3609 Makedonia - Μακεδονία,40.81,22.5,region/people
ethnic,Pierians,2.99,402225RPie,Pieria region (Pieria) 172 Pieria - Πιερία,40.2,22.5,region/people
ethnic,Bottiaeans,2.99,406223RBot,Bottiaia region (Emathia) 55 central Macedonian plain - Βοττιαίοι,40.6,22.3,region/people
ethnic,Chalcidians,2.99,405233RCha,Chalcidike region (Chalkidike) 90 Khalkidiki - Χαλκιδική,40.5,23.3,region/people
ethnic,Edonians,2.99,408238UEdo,Edones tribe (Serres) 56 lower R. Strymon basin - Ηδώνες,40.9,23.9,region/people
ethnic,Eordians,2.99,405217REor,Eordaia region (Kozani) 50 W Mt. Vermion - Εορδαία,40.5,21.7,region/people
ethnic,Almopians,2.99,410220RAlm,Almopia region (Edessa) 17  - Αλμωπία,40.97,22.01,region/people
place,Doberus,2.99,414228UDob,Doberos (Macedonia) 16 Bansko - Δόβηρος,41.3824,22.7543,polity
place,Argos,2.99,376227PArg,Argos (Argolid) 2457 Argos - Άργος,37.63091,22.72079,polity
place,Phagres,2.99,408239PPha,Phagres (Kavala) 9 near Orphani - Φάγρης,40.771,23.959,polity
place,Pangaeus,2.99,409241LPan,Pangaion Mt. (Kavala) 66 Pangaion - Πάγγαιον,40.9169,24.0828,mountain
place,Strymon,2.99,408238WStr,Strymon R. (Serres) 155 Strymon - Στρυμών,40.7858,23.8489,river
place,Pangaeus,2.99,409241LPan,Pangaion Mt. (Kavala) 66 Pangaion - Πάγγαιον,40.9169,24.0828,mountain
place,Paeonia,2.99,415220RPai,Paionia region (Macedonia) 187 North Macedonia - Παιονία,41.5,22.01,region/people
place,Axius,2.99,411225WAxi,Axios R. (Kilkis) 107 Axios - Άξιος,40.7223,22.6611,river
place,Pella,2.99,408225PPel,Pella (Macedonia) 107 Pella - Πέλλα,40.754,22.518,polity
place,Mygdonia,2.99,407232RMyg,Mygdonia region (Thessaloniki) 54  - Μυγδονία,40.7,23.2,region/people
place,Eordia,2.99,405217REor,Eordaia region (Kozani) 50 W Mt. Vermion - Εορδαία,40.5,21.7,region/people
place,Almopia,2.99,410220RAlm,Almopia region (Edessa) 17  - Αλμωπία,40.97,22.01,region/people
place,Anthemus,2.99,404233PAnt,Anthemous (Chalkidike) 16 Galatista - Ανθεμούς,40.4449,23.2542,polity
place,Crestonia,2.99,408230RKre,Krestonia region (Kilkis) 29 N Thessaloniki - Κρήστων,40.84,23.0,region/people
place,Bisaltia,2.99,410232RBis,Bisaltia region (Serres) 63 lower R. Strymon basin - Βισαλτία,41.0,23.2,region/people
ethnic,Peloponnesians,3.1,375222RPel,Peloponnese (Hellas) 1736 Peloponisos - Πελοπόννησος,37.54,22.15,region/people
ethnic,Lacedaemonians,3.1,371224PSpa,Sparta/Lacedaemon (Lakonia) 5559 Sparti - Σπάρτα,37.0821,22.4237,polity
demonym,Athenian,3.1,380237PAth,Athens (Attica) 9448 Athina - Αθήναι,37.9718,23.72793,polity
place,Attica,3.1,379239RAtt,Attica region (Hellas) 1518 Attiki - Αττική,37.9,23.9,region/people
ethnic,Athenians,3.10,380237PAth,Athens (Attica) 9448 Athina - Αθήναι,37.9718,23.72793,polity
ethnic,Chians,3.10,384261PChi,Chios polis (Chios) 602 Khios - Χίος,38.3764,26.1342,polity
ethnic,Aetolians,3.100,386215RAit,Aitolia region (Aitolia) 1220 Aitolia - Αιτωλία,38.6,21.5,region/people
ethnic,Lacedaemonians,3.100,371224PSpa,Sparta/Lacedaemon (Lakonia) 5559 Sparti - Σπάρτα,37.0821,22.4237,polity
demonym,Athenian,3.100,380237PAth,Athens (Attica) 9448 Athina - Αθήναι,37.9718,23.72793,polity
place,Corinth,3.100,379229PKor,Corinth/Korinthos (Korinthia) 1749 Archaia Korinthos - Κόρινθος,37.9054,22.8802,polity
place,Naupactus,3.100,384218UNau,Naupactus (Aitolia) 190 Navpaktos - Ναύπακτος,38.3997,21.8313,polity
place,Heraclea,3.100,388224PHer,Herakleia Trachinia (Malis) 112 Iraklia - Ηράκλεια,38.794,22.4313,polity
place,Trachis,3.100,388224RTra,Trachis region (Phthiotis) 112  - Τραχίς,38.75,22.4,region/people
person,Ophionian,3.100,385218ROph,Ophionians tribe (Aitolia) 4  - Οφιονέων,38.5,21.8,region/people
person,Eurytanian,3.100,393213REur,Eurytania region (Evrytania) 13 Evrytania - Ευρυτάνες,38.8,21.7,region/people
person,Apodotian,3.100,385217RApo,Apodotoi tribe (Aitolia) 9  - Αποδωτοί,38.5,21.7,region/people
ethnic,Ozolian Locrians,3.101,384222ROzo,Ozolian Lokris region (Phokis) 125 S Phokida - Οζόλαι,38.4,22.2,region/people
ethnic,Amphissians,3.101,385224PAmp,Amphissa (Phokis) 111 Salona - Άμφισσα,38.53,22.374,polity
ethnic,Phocians,3.101,386227RPho,Phokis region (Central Greece) 781 Phokida - Φωκίς,38.6,22.7,region/people
ethnic,Myonians,3.101,385224PMya,Myonia/Myania (Phokis) 13 Ag. Efthymia - Μυανία,38.4802,22.3557,polity
ethnic,Hypnians,3.101,385224PHyp,Hypnia? (Lokris) 1 Tritaia - Υπνία,38.4644,22.3679,fortification
ethnic,Tritaeans,3.101,384223PTri,Triteia (Lokris) 7 Pendeoria - Τρίτεια,38.4045,22.3176,polity
ethnic,Chalaeans,3.101,384224PCha,Chaleion (Phokis) 4 Galaxidi - Χάλειον,38.378,22.3873,polity
ethnic,Tolophonians,3.101,384223PTol,Tolophon (Phokis) 5 Vidavi/Ag. Pandes - Τολοφών,38.3768,22.2923,polity
ethnic,Oeanthians,3.101,383222UOia,Oiantheia/Euantheia (Phokis) 30 Tolofon/Vitrinitsa - Οιάνθεια,38.345,22.1976,polity
ethnic,Olpaeans,3.101,384221UAlo,Alope/Alpa? (Lokris) 4 Makrini/Kokovista - Αλόπη,38.4232,22.1458,polity
ethnic,Hyaeans,3.101,384221PHya,Hyaia? (Lokris) 3  - Υαία,38.4,22.1,polity
place,Delphi,3.101,385225SDel,"Delphic Oracle, Pytho (Delphi) 1539 Delphous - Δελφοί",38.48264,22.50108,sanctuary/temple
place,Naupactus,3.101,384218UNau,Naupactus (Aitolia) 190 Navpaktos - Ναύπακτος,38.3997,21.8313,polity
place,Athens,3.101,380237PAth,Athens (Attica) 9448 Athina - Αθήναι,37.9718,23.72793,polity
place,Polis,3.101,384221UPol,Polis? (Phokis) 16 Glypha - Πόλις,38.3848,22.0694,polity
ethnic,Locrians,3.102,384222ROzo,Ozolian Lokris region (Phokis) 125 S Phokida - Οζόλαι,38.4,22.2,region/people
ethnic,Aetolians,3.102,386215RAit,Aitolia region (Aitolia) 1220 Aitolia - Αιτωλία,38.6,21.5,region/people
ethnic,Acarnanians,3.102,388210RAka,Akarnania region (Akarnania) 435 Akarnania - Ακαρνανία,38.8,21.0,region/people
ethnic,Ambraciots,3.102,390209UAmb,Ambracus (Arta) 92 Phidokastro - Άμβρακος,39.0419,20.9538,harbor
ethnic,Ambraciots,3.102,390209UAmb,Ambracus (Arta) 92 Phidokastro - Άμβρακος,39.0419,20.9538,harbor
demonym,Naupactian,3.102,384218UNau,Naupactus (Aitolia) 190 Navpaktos - Ναύπακτος,38.3997,21.8313,polity
demonym,Corinthian,3.102,379229PKor,Corinth/Korinthos (Korinthia) 1749 Archaia Korinthos - Κόρινθος,37.9054,22.8802,polity
place,Kytinium,3.102,374244PKyt,Kythnos (Cyclades) 52 Vriokastro/Episkopi - Κύθνος,37.409,24.395,polity
place,Doris,3.102,387224RDor,Doris tetrapolis (Central Greece) 303 Dorida - Δωρίς,38.7,22.4,region/people
place,Oeneon,3.102,384220UOin,Oineon (Phokis) 14 Klima Evpaliou/Magoula - Οινεών,38.4003,21.9936,polity
place,Eupalium,3.102,384219UEup,Eupalion (Phokis) 15 Efpalio - Ευπαλία,38.4153,21.9197,polity
place,Molycrium,3.102,384218PMol,Molykreion? (Aitolia) 33 Velvina/Elliniko - Μολύκρειον,38.385,21.749,polity
place,Athens,3.102,380237PAth,Athens (Attica) 9448 Athina - Αθήναι,37.9718,23.72793,polity
place,Leucas,3.102,387207PLeu,Leukas (Ionian Islands) 213 Leukada - Λευκάς,38.81,20.717,polity
place,Peloponnese,3.102,375222RPel,Peloponnese (Hellas) 1736 Peloponisos - Πελοπόννησος,37.54,22.15,region/people
place,Calydon,3.102,384215UKal,Kalydon (Aitolia) 173 Kalydona N Evinokhori - Καλυδών,38.372,21.533,polity
place,Pleuron,3.102,384214PPle,Old Pleuron (Aitolia) 81 Gyphtokastro/Petrovouni - Πλευρών,38.402,21.417,polity
place,Proschium,3.102,388213PPro,Proschion? (Aitolia) 13 unlocated - Πρόσχιον,38.444,21.435,polity
place,Amphilochian Argos,3.102,389212PArg,Argos Amphilochikon (Aitolia) 44 Amphilochiko Argos - Άργος Αμφιλοχικόν,38.93,21.19,polity
place,Amphilochia,3.102,390212RAmp,Amphilochia region (Aitolia) 91  - Αμφιλοχία,38.95,21.2,region/people
place,Lacedaemon,3.102,371224PSpa,Sparta/Lacedaemon (Lakonia) 5559 Sparti - Σπάρτα,37.0821,22.4237,polity
place,Argos,3.102,389212PArg,Argos Amphilochikon (Aitolia) 44 Amphilochiko Argos - Άργος Αμφιλοχικόν,38.93,21.19,polity
ethnic,Athenians,3.103,380237PAth,Athens (Attica) 9448 Athina - Αθήναι,37.9718,23.72793,polity
ethnic,Syracusans,3.103,371153PSyr,Syracuse (Sicily) 1628 Siracusa - Συράκουσαι,37.0639,15.293,polity
ethnic,Locrians,3.103,382162PLoc,Locris (Italy) 225 Locri - Λοκροί Επιζεφύριοι,38.216,16.229,polity
demonym,Sicel,3.103,376145RSic,Sicily region (Italy) 3245 Sicilia - Σικελία,37.6,14.5,region/people
place,Acropolis,3.103,380237SAkr,Athenian Acropolis (Athens) 284 Akropoli - Ακρόπολις,37.9717,23.7257,sanctuary/temple
ethnic,Athenians,3.104,380237PAth,Athens (Attica) 9448 Athina - Αθήναι,37.9718,23.72793,polity
ethnic,Ionians,3.104,375275RIon,Ionia region (Asia Minor) 884 Izmir - Ιωνία,38.0,27.3,region/people
demonym,Delian,3.104,374253SSan,Delian Apollo sanct. (Delos) 140 Dilos,37.4004,25.2666,sanctuary/temple
place,Delos,3.104,374253PDel,Delos (Cyclades) 404 Dilos - Δήλος,37.398,25.267,polity
place,Rhenea,3.104,374252PRhe,Rheneia (Cyclades) 40 Renia - Ρήνεια,37.4159,25.2124,polity
place,Rhenea,3.104,374252PRhe,Rheneia (Cyclades) 40 Renia - Ρήνεια,37.4159,25.2124,polity
place,Ephesus,3.104,379273PEph,Ephesus (Ionia) 742 Efes/Selcuk - Έφεσος,37.9419,27.3397,polity
place,Chios,3.104,384261PChi,Chios polis (Chios) 602 Khios - Χίος,38.3764,26.1342,polity
person,Samos,3.104,377269PSam,Samos (Aegean) 872 Pythagoreio - Σάμος,37.695,26.935,polity
ethnic,Ambraciots,3.105,390209UAmb,Ambracus (Arta) 92 Phidokastro - Άμβρακος,39.0419,20.9538,harbor
ethnic,Acarnanians,3.105,388210RAka,Akarnania region (Akarnania) 435 Akarnania - Ακαρνανία,38.8,21.0,region/people
ethnic,Peloponnesians,3.105,375222RPel,Peloponnese (Hellas) 1736 Peloponisos - Πελοπόννησος,37.54,22.15,region/people
ethnic,Ambraciots,3.105,390209UAmb,Ambracus (Arta) 92 Phidokastro - Άμβρακος,39.0419,20.9538,harbor
ethnic,Ambraciots,3.105,390209UAmb,Ambracus (Arta) 92 Phidokastro - Άμβρακος,39.0419,20.9538,harbor
demonym,Argive,3.105,376227PArg,Argos (Argolid) 2457 Argos - Άργος,37.63091,22.72079,polity
demonym,Aetolian,3.105,386215RAit,Aitolia region (Aitolia) 1220 Aitolia - Αιτωλία,38.6,21.5,region/people
demonym,Athenian,3.105,380237PAth,Athens (Attica) 9448 Athina - Αθήναι,37.9718,23.72793,polity
place,Amphilochian Argos,3.105,389212PArg,Argos Amphilochikon (Aitolia) 44 Amphilochiko Argos - Άργος Αμφιλοχικόν,38.93,21.19,polity
place,Olpae,3.105,389211UOlp,Olpai (Akarnania) 25 Agrilovouni - Ολπαι,38.951,21.144,polity
place,Argos,3.105,389212PArg,Argos Amphilochikon (Aitolia) 44 Amphilochiko Argos - Άργος Αμφιλοχικόν,38.93,21.19,polity
place,Amphilochia,3.105,390212RAmp,Amphilochia region (Aitolia) 91  - Αμφιλοχία,38.95,21.2,region/people
place,Krenae,3.105,389212UKre,Krenai (Akarnania) 2 Paliavli - Κρήναι,38.9133,21.1638,polity
place,Olpae,3.105,389211UOlp,Olpai (Akarnania) 25 Agrilovouni - Ολπαι,38.951,21.144,polity
ethnic,Peloponnesians,3.106,375222RPel,Peloponnese (Hellas) 1736 Peloponisos - Πελοπόννησος,37.54,22.15,region/people
ethnic,Ambraciots,3.106,390209UAmb,Ambracus (Arta) 92 Phidokastro - Άμβρακος,39.0419,20.9538,harbor
ethnic,Stratians,3.106,387213PStr,Stratos (Aitolia) 102 Sourovigli - Στράτος,38.6718,21.3195,polity
ethnic,Agraeans,3.106,389213RAgr,Agraiis tribe (Aitolia) 16 Sardinia - Αγραίοι,38.875,21.28,region/people
ethnic,Agraeans,3.106,389213RAgr,Agraiis tribe (Aitolia) 16 Sardinia - Αγραίοι,38.875,21.28,region/people
ethnic,Ambraciots,3.106,390209UAmb,Ambracus (Arta) 92 Phidokastro - Άμβρακος,39.0419,20.9538,harbor
demonym,Argive,3.106,389212PArg,Argos Amphilochikon (Aitolia) 44 Amphilochiko Argos - Άργος Αμφιλοχικόν,38.93,21.19,polity
demonym,Acarnanian,3.106,388210RAka,Akarnania region (Akarnania) 435 Akarnania - Ακαρνανία,38.8,21.0,region/people
place,Olpae,3.106,389211UOlp,Olpai (Akarnania) 25 Agrilovouni - Ολπαι,38.951,21.144,polity
place,Proschium,3.106,388213PPro,Proschion? (Aitolia) 13 unlocated - Πρόσχιον,38.444,21.435,polity
place,Achelous,3.106,383211WAch,Achelous R. (Aitolia) 208 Akheloos - Αχελώιος,38.3388,21.1067,river
place,Argos,3.106,389212PArg,Argos Amphilochikon (Aitolia) 44 Amphilochiko Argos - Άργος Αμφιλοχικόν,38.93,21.19,polity
place,Phytia,3.106,387211PPho,Phoitiai (Akarnania) 11 Ag. Georgios (Porta) - Φοιτιαί,38.683,21.1401,polity
place,Medion,3.106,388211PMed,Medion (Akarnania) 15 Katouna - Μεδιών,38.783,21.129,polity
place,Limnaea,3.106,389212PLim,Limnaia (Aitolia) 33 Amphilochia (Karavassaras) - Λιμναία,38.8576,21.1688,polity
place,Thyamus,3.106,393213LThy,Thyamon Mt. (Aitolia) 3 Petala,38.8374,21.199,mountain
place,Argos,3.106,389212PArg,Argos Amphilochikon (Aitolia) 44 Amphilochiko Argos - Άργος Αμφιλοχικόν,38.93,21.19,polity
place,Krenae,3.106,389212UKre,Krenai (Akarnania) 2 Paliavli - Κρήναι,38.9133,21.1638,polity
place,Olpae,3.106,389211UOlp,Olpai (Akarnania) 25 Agrilovouni - Ολπαι,38.951,21.144,polity
ethnic,Athenians,3.107,380237PAth,Athens (Attica) 9448 Athina - Αθήναι,37.9718,23.72793,polity
ethnic,Argives,3.107,389212PArg,Argos Amphilochikon (Aitolia) 44 Amphilochiko Argos - Άργος Αμφιλοχικόν,38.93,21.19,polity
ethnic,Acarnanians,3.107,388210RAka,Akarnania region (Akarnania) 435 Akarnania - Ακαρνανία,38.8,21.0,region/people
ethnic,Amphilochians,3.107,390212RAmp,Amphilochia region (Aitolia) 91  - Αμφιλοχία,38.95,21.2,region/people
ethnic,Ambraciots,3.107,390209UAmb,Ambracus (Arta) 92 Phidokastro - Άμβρακος,39.0419,20.9538,harbor
ethnic,Peloponnesians,3.107,375222RPel,Peloponnese (Hellas) 1736 Peloponisos - Πελοπόννησος,37.54,22.15,region/people
ethnic,Messenians,3.107,372218RMes,Messenia region (Messenia) 700 Messinia - Μεσσηνία,37.2,21.8,region/people
ethnic,Ambraciots,3.107,390209UAmb,Ambracus (Arta) 92 Phidokastro - Άμβρακος,39.0419,20.9538,harbor
ethnic,Mantineans,3.107,376224UMan,Mantineia (Arkadia) 400 Mantineia - Μαντίνεια,37.6181,22.3933,polity
demonym,Amphilochian,3.107,390212RAmp,Amphilochia region (Aitolia) 91  - Αμφιλοχία,38.95,21.2,region/people
place,Ambracian Gulf,3.107,390210WAmb,Ambracian Gulf (Aitolia) 77 Ambracian Gulf - Αμβρακικός κόλπος,38.9725,20.9692,sea/strait
place,Olpae,3.107,389211UOlp,Olpai (Akarnania) 25 Agrilovouni - Ολπαι,38.951,21.144,polity
place,Argos,3.107,389212PArg,Argos Amphilochikon (Aitolia) 44 Amphilochiko Argos - Άργος Αμφιλοχικόν,38.93,21.19,polity
place,Olpae,3.107,389211UOlp,Olpai (Akarnania) 25 Agrilovouni - Ολπαι,38.951,21.144,polity
ethnic,Peloponnesians,3.108,375222RPel,Peloponnese (Hellas) 1736 Peloponisos - Πελοπόννησος,37.54,22.15,region/people
ethnic,Acarnanians,3.108,388210RAka,Akarnania region (Akarnania) 435 Akarnania - Ακαρνανία,38.8,21.0,region/people
ethnic,Messenians,3.108,372218RMes,Messenia region (Messenia) 700 Messinia - Μεσσηνία,37.2,21.8,region/people
ethnic,Ambraciots,3.108,390209UAmb,Ambracus (Arta) 92 Phidokastro - Άμβρακος,39.0419,20.9538,harbor
ethnic,Mantineans,3.108,376224UMan,Mantineia (Arkadia) 400 Mantineia - Μαντίνεια,37.6181,22.3933,polity
place,Argos,3.108,389212PArg,Argos Amphilochikon (Aitolia) 44 Amphilochiko Argos - Άργος Αμφιλοχικόν,38.93,21.19,polity
place,Olpae,3.108,389211UOlp,Olpai (Akarnania) 25 Agrilovouni - Ολπαι,38.951,21.144,polity
ethnic,Mantineans,3.109,376224UMan,Mantineia (Arkadia) 400 Mantineia - Μαντίνεια,37.6181,22.3933,polity
ethnic,Peloponnesians,3.109,375222RPel,Peloponnese (Hellas) 1736 Peloponisos - Πελοπόννησος,37.54,22.15,region/people
ethnic,Ambraciots,3.109,390209UAmb,Ambracus (Arta) 92 Phidokastro - Άμβρακος,39.0419,20.9538,harbor
ethnic,Lacedaemonians,3.109,371224PSpa,Sparta/Lacedaemon (Lakonia) 5559 Sparti - Σπάρτα,37.0821,22.4237,polity
demonym,Athenian,3.109,380237PAth,Athens (Attica) 9448 Athina - Αθήναι,37.9718,23.72793,polity
demonym,Acarnanian,3.109,388210RAka,Akarnania region (Akarnania) 435 Akarnania - Ακαρνανία,38.8,21.0,region/people
place,Athens,3.11,380237PAth,Athens (Attica) 9448 Athina - Αθήναι,37.9718,23.72793,polity
ethnic,Acarnanians,3.110,388210RAka,Akarnania region (Akarnania) 435 Akarnania - Ακαρνανία,38.8,21.0,region/people
ethnic,Ambraciots,3.110,390209UAmb,Ambracus (Arta) 92 Phidokastro - Άμβρακος,39.0419,20.9538,harbor
place,Olpae,3.110,389211UOlp,Olpai (Akarnania) 25 Agrilovouni - Ολπαι,38.951,21.144,polity
place,Amphilochia,3.110,390212RAmp,Amphilochia region (Aitolia) 91  - Αμφιλοχία,38.95,21.2,region/people
place,Olpae,3.110,389211UOlp,Olpai (Akarnania) 25 Agrilovouni - Ολπαι,38.951,21.144,polity
ethnic,Mantineans,3.111,376224UMan,Mantineia (Arkadia) 400 Mantineia - Μαντίνεια,37.6181,22.3933,polity
ethnic,Ambraciots,3.111,390209UAmb,Ambracus (Arta) 92 Phidokastro - Άμβρακος,39.0419,20.9538,harbor
ethnic,Acarnanians,3.111,388210RAka,Akarnania region (Akarnania) 435 Akarnania - Ακαρνανία,38.8,21.0,region/people
ethnic,Peloponnesians,3.111,375222RPel,Peloponnese (Hellas) 1736 Peloponisos - Πελοπόννησος,37.54,22.15,region/people
ethnic,Ambraciots,3.111,390209UAmb,Ambracus (Arta) 92 Phidokastro - Άμβρακος,39.0419,20.9538,harbor
ethnic,Agraeans,3.111,389213RAgr,Agraiis tribe (Aitolia) 16 Sardinia - Αγραίοι,38.875,21.28,region/people
place,Olpae,3.111,389211UOlp,Olpai (Akarnania) 25 Agrilovouni - Ολπαι,38.951,21.144,polity
person,Ambraciot,3.111,390209UAmb,Ambracus (Arta) 92 Phidokastro - Άμβρακος,39.0419,20.9538,harbor
ethnic,Ambraciots,3.112,390209UAmb,Ambracus (Arta) 92 Phidokastro - Άμβρακος,39.0419,20.9538,harbor
ethnic,Ambraciots,3.112,390209UAmb,Ambracus (Arta) 92 Phidokastro - Άμβρακος,39.0419,20.9538,harbor
ethnic,Ambraciots,3.112,390209UAmb,Ambracus (Arta) 92 Phidokastro - Άμβρακος,39.0419,20.9538,harbor
ethnic,Messenians,3.112,372218RMes,Messenia region (Messenia) 700 Messinia - Μεσσηνία,37.2,21.8,region/people
ethnic,Amphilochians,3.112,390212RAmp,Amphilochia region (Aitolia) 91  - Αμφιλοχία,38.95,21.2,region/people
ethnic,Ambraciots,3.112,390209UAmb,Ambracus (Arta) 92 Phidokastro - Άμβρακος,39.0419,20.9538,harbor
ethnic,Athenians,3.112,380237PAth,Athens (Attica) 9448 Athina - Αθήναι,37.9718,23.72793,polity
ethnic,Amphilochians,3.112,390212RAmp,Amphilochia region (Aitolia) 91  - Αμφιλοχία,38.95,21.2,region/people
ethnic,Acarnanians,3.112,388210RAka,Akarnania region (Akarnania) 435 Akarnania - Ακαρνανία,38.8,21.0,region/people
demonym,Amphilochian,3.112,390212RAmp,Amphilochia region (Aitolia) 91  - Αμφιλοχία,38.95,21.2,region/people
demonym,Ambraciot,3.112,390209UAmb,Ambracus (Arta) 92 Phidokastro - Άμβρακος,39.0419,20.9538,harbor
place,Idomene,3.112,390211FIdo,Idomene Maior (Aitolia) 4 Palaiokoula - Ειδομενή,39.0448,21.1308,fortification
place,Idomene,3.112,390211FIdo,Idomene Maior (Aitolia) 4 Palaiokoula - Ειδομενή,39.0448,21.1308,fortification
place,Argos,3.112,389212PArg,Argos Amphilochikon (Aitolia) 44 Amphilochiko Argos - Άργος Αμφιλοχικόν,38.93,21.19,polity
ethnic,Ambraciots,3.113,390209UAmb,Ambracus (Arta) 92 Phidokastro - Άμβρακος,39.0419,20.9538,harbor
ethnic,Agraeans,3.113,389213RAgr,Agraiis tribe (Aitolia) 16 Sardinia - Αγραίοι,38.875,21.28,region/people
ethnic,Mantineans,3.113,376224UMan,Mantineia (Arkadia) 400 Mantineia - Μαντίνεια,37.6181,22.3933,polity
ethnic,Ambraciots,3.113,390209UAmb,Ambracus (Arta) 92 Phidokastro - Άμβρακος,39.0419,20.9538,harbor
ethnic,Ambraciots,3.113,390209UAmb,Ambracus (Arta) 92 Phidokastro - Άμβρακος,39.0419,20.9538,harbor
ethnic,Acarnanians,3.113,388210RAka,Akarnania region (Akarnania) 435 Akarnania - Ακαρνανία,38.8,21.0,region/people
ethnic,Amphilochians,3.113,390212RAmp,Amphilochia region (Aitolia) 91  - Αμφιλοχία,38.95,21.2,region/people
ethnic,Athenians,3.113,380237PAth,Athens (Attica) 9448 Athina - Αθήναι,37.9718,23.72793,polity
place,Olpae,3.113,389211UOlp,Olpai (Akarnania) 25 Agrilovouni - Ολπαι,38.951,21.144,polity
place,Idomene,3.113,390211FIdo,Idomene Maior (Aitolia) 4 Palaiokoula - Ειδομενή,39.0448,21.1308,fortification
place,Idomene,3.113,390211FIdo,Idomene Maior (Aitolia) 4 Palaiokoula - Ειδομενή,39.0448,21.1308,fortification
place,Ambracia,3.113,392210PAmb,Ambracia (Arta) 195 Arta - Αμβρακία,39.155,20.9899,polity
ethnic,Acarnanians,3.114,388210RAka,Akarnania region (Akarnania) 435 Akarnania - Ακαρνανία,38.8,21.0,region/people
ethnic,Athenians,3.114,380237PAth,Athens (Attica) 9448 Athina - Αθήναι,37.9718,23.72793,polity
ethnic,Amphilochians,3.114,390212RAmp,Amphilochia region (Aitolia) 91  - Αμφιλοχία,38.95,21.2,region/people
ethnic,Ambraciots,3.114,390209UAmb,Ambracus (Arta) 92 Phidokastro - Άμβρακος,39.0419,20.9538,harbor
ethnic,Peloponnesians,3.114,375222RPel,Peloponnese (Hellas) 1736 Peloponisos - Πελοπόννησος,37.54,22.15,region/people
ethnic,Agraeans,3.114,389213RAgr,Agraiis tribe (Aitolia) 16 Sardinia - Αγραίοι,38.875,21.28,region/people
ethnic,Ambraciots,3.114,390209UAmb,Ambracus (Arta) 92 Phidokastro - Άμβρακος,39.0419,20.9538,harbor
ethnic,Ambraciots,3.114,390209UAmb,Ambracus (Arta) 92 Phidokastro - Άμβρακος,39.0419,20.9538,harbor
ethnic,Ambraciots,3.114,390209UAmb,Ambracus (Arta) 92 Phidokastro - Άμβρακος,39.0419,20.9538,harbor
ethnic,Ambraciots,3.114,390209UAmb,Ambracus (Arta) 92 Phidokastro - Άμβρακος,39.0419,20.9538,harbor
ethnic,Amphilochians,3.114,390212RAmp,Amphilochia region (Aitolia) 91  - Αμφιλοχία,38.95,21.2,region/people
ethnic,Corinthians,3.114,379229PKor,Corinth/Korinthos (Korinthia) 1749 Archaia Korinthos - Κόρινθος,37.9054,22.8802,polity
demonym,Attic,3.114,379239RAtt,Attica region (Hellas) 1518 Attiki - Αττική,37.9,23.9,region/people
demonym,Aetolian,3.114,386215RAit,Aitolia region (Aitolia) 1220 Aitolia - Αιτωλία,38.6,21.5,region/people
place,Naupactus,3.114,384218UNau,Naupactus (Aitolia) 190 Navpaktos - Ναύπακτος,38.3997,21.8313,polity
place,Anactorium,3.114,389208PAna,Anaktorion (Akarnania) 41 Ag. Petros - Ανακτόριον,38.9209,20.8435,polity
place,Ambracia,3.114,392210PAmb,Ambracia (Arta) 195 Arta - Αμβρακία,39.155,20.9899,polity
person,Oeniadae,3.114,384212POin,Oiniadai (Aitolia) 89 Trikardo - Οινιάδαι,38.4118,21.1948,polity
ethnic,Athenians,3.115,380237PAth,Athens (Attica) 9448 Athina - Αθήναι,37.9718,23.72793,polity
ethnic,Sicels,3.115,376145RSic,Sicily region (Italy) 3245 Sicilia - Σικελία,37.6,14.5,region/people
ethnic,Syracusans,3.115,371153PSyr,Syracuse (Sicily) 1628 Siracusa - Συράκουσαι,37.0639,15.293,polity
ethnic,Locrians,3.115,382162PLoc,Locris (Italy) 225 Locri - Λοκροί Επιζεφύριοι,38.216,16.229,polity
place,Himera,3.115,380138PHim,Himera (Sicily) 129 Himera - Ιμέρα,37.9708,13.8225,polity
place,islands of Aeolus,3.115,385150IAio,Aiolian Islands (Italy) 48 Aeolian Islands - Αιολία,38.5,15.05,island
place,Rhegium,3.115,381156PRhe,Rhegion (Magna Graecia) 334 Reggio Calabria - Ρήγιον,38.109,15.644,polity
ethnic,Catanians,3.116,375151PCat,Katane/Catina (Sicily) 164 Catania - Κατάνη,37.503,15.0881,polity
place,Etna,3.116,377150LAit,Aitna Mt. (Sicily) 215 Etna - Αίτνη,37.748,15.001,mountain
place,Sicily,3.116,376145RSic,Sicily region (Italy) 3245 Sicilia - Σικελία,37.6,14.5,region/people
ethnic,Lacedaemonians,3.13,371224PSpa,Sparta/Lacedaemon (Lakonia) 5559 Sparti - Σπάρτα,37.0821,22.4237,polity
ethnic,Boeotians,3.13,384233RBoi,Boiotia region (Boeotia) 1673 Viotia - Βοιωτία,38.35,23.25,region/people
ethnic,Athenians,3.13,380237PAth,Athens (Attica) 9448 Athina - Αθήναι,37.9718,23.72793,polity
place,Lesbos,3.13,392261ILes,Lesbos (Lesbos) 438 Lesbos - Λέσβος,39.2075,26.2,island
place,Attica,3.13,379239RAtt,Attica region (Hellas) 1518 Attiki - Αττική,37.9,23.9,region/people
ethnic,Mitylenians,3.14,391265PMyt,Mytilene (Lesbos) 323 Mytilini - Μυτιλήνη,39.1114,26.5621,polity
person,Olympian,3.14,376216SOly,Olympian Zeus sanctuary (Eleia) 856 Archaia Olympia - Ολυμπία,37.6378,21.63,sanctuary/temple
ethnic,Mitylenians,3.15,391265PMyt,Mytilene (Lesbos) 323 Mytilini - Μυτιλήνη,39.1114,26.5621,polity
ethnic,Lacedaemonians,3.15,371224PSpa,Sparta/Lacedaemon (Lakonia) 5559 Sparti - Σπάρτα,37.0821,22.4237,polity
ethnic,Lesbians,3.15,392261ILes,Lesbos (Lesbos) 438 Lesbos - Λέσβος,39.2075,26.2,island
place,Attica,3.15,379239RAtt,Attica region (Hellas) 1518 Attiki - Αττική,37.9,23.9,region/people
place,Isthmus,3.15,379230LIst,Isthmus (Korinthia) 240 Isthmia - Ισθμός,37.928,22.973,sanctuary/temple
place,Corinth,3.15,379229PKor,Corinth/Korinthos (Korinthia) 1749 Archaia Korinthos - Κόρινθος,37.9054,22.8802,polity
place,Athens,3.15,380237PAth,Athens (Attica) 9448 Athina - Αθήναι,37.9718,23.72793,polity
ethnic,Athenians,3.16,380237PAth,Athens (Attica) 9448 Athina - Αθήναι,37.9718,23.72793,polity
ethnic,Lacedaemonians,3.16,371224PSpa,Sparta/Lacedaemon (Lakonia) 5559 Sparti - Σπάρτα,37.0821,22.4237,polity
ethnic,Lesbians,3.16,392261ILes,Lesbos (Lesbos) 438 Lesbos - Λέσβος,39.2075,26.2,island
place,Peloponnese,3.16,375222RPel,Peloponnese (Hellas) 1736 Peloponisos - Πελοπόννησος,37.54,22.15,region/people
place,Isthmus,3.16,379230LIst,Isthmus (Korinthia) 240 Isthmia - Ισθμός,37.928,22.973,sanctuary/temple
place,Athens,3.17,380237PAth,Athens (Attica) 9448 Athina - Αθήναι,37.9718,23.72793,polity
place,Attica,3.17,379239RAtt,Attica region (Hellas) 1518 Attiki - Αττική,37.9,23.9,region/people
place,Euboea,3.17,385239IEub,Euboia (Euboea) 740 Evia - Εύβοια,38.53,23.87,island
place,Salamis,3.17,379235PSal,Salamis (Salamis) 266 Ambelaki - Σαλαμίς,37.952,23.5408,polity
place,Peloponnese,3.17,375222RPel,Peloponnese (Hellas) 1736 Peloponisos - Πελοπόννησος,37.54,22.15,region/people
place,Potidaea,3.17,402233UPot,Poteidaia/Kassandreia (Chalkidike) 167 Nea Potidaia - Κασάνδρεια,40.1937,23.3278,polity
ethnic,Lacedaemonians,3.18,371224PSpa,Sparta/Lacedaemon (Lakonia) 5559 Sparti - Σπάρτα,37.0821,22.4237,polity
ethnic,Mitylenians,3.18,391265PMyt,Mytilene (Lesbos) 323 Mytilini - Μυτιλήνη,39.1114,26.5621,polity
ethnic,Methymnians,3.18,394262PMet,Methymna (Lesbos) 116 Methymna - Μήθυμνα,39.3692,26.1769,polity
ethnic,Antissians,3.18,393260PAnt,Antissa (Lesbos) 31 Archaia Antissa - Άντισσα,39.2908,26.0189,polity
ethnic,Athenians,3.18,380237PAth,Athens (Attica) 9448 Athina - Αθήναι,37.9718,23.72793,polity
place,Isthmus,3.18,379230LIst,Isthmus (Korinthia) 240 Isthmia - Ισθμός,37.928,22.973,sanctuary/temple
place,Antissa,3.18,393260PAnt,Antissa (Lesbos) 31 Archaia Antissa - Άντισσα,39.2908,26.0189,polity
place,Pyrrha,3.18,391262PPyr,Pyrra (Lesbos) 33 Megali Limni - Πύρρα,39.155,26.286,polity
place,Eresus,3.18,391259PEre,Eresos (Lesbos) 56 Skala Eresou - Έρεσος,39.1341,25.9348,polity
place,Antissa,3.18,393260PAnt,Antissa (Lesbos) 31 Archaia Antissa - Άντισσα,39.2908,26.0189,polity
ethnic,Athenians,3.19,380237PAth,Athens (Attica) 9448 Athina - Αθήναι,37.9718,23.72793,polity
ethnic,Carians,3.19,370287RKar,Caria region (Asia Minor) 709 W Asia Minor - Καρία,37.01,28.7,region/people
place,Myus,3.19,376274PMyo,Myous (Caria) 44 Afsar - Μυούς,37.5967,27.4291,polity
place,Maeander,3.19,376275WMae,Maeander R. (Ionia) 144 Buyuk Menderes - Μαίανδρος,37.622,27.4713,river
place,Sandius,3.19,376274IHyb,Hybanda (Ionia) 2 Özbaşı - Υβάνδα,37.631,27.4267,island
place,Anaia,3.19,378273PAna,Anaia (Ionia) 11 Sogucak - Άναια,37.7917,27.271,polity
ethnic,Peloponnesians,3.2,375222RPel,Peloponnese (Hellas) 1736 Peloponisos - Πελοπόννησος,37.54,22.15,region/people
ethnic,Athenians,3.2,380237PAth,Athens (Attica) 9448 Athina - Αθήναι,37.9718,23.72793,polity
ethnic,Lesbians,3.2,392261ILes,Lesbos (Lesbos) 438 Lesbos - Λέσβος,39.2075,26.2,island
ethnic,Lacedaemonians,3.2,371224PSpa,Sparta/Lacedaemon (Lakonia) 5559 Sparti - Σπάρτα,37.0821,22.4237,polity
ethnic,Tenedians,3.2,398261ITen,Tenedos (Troad) 155 Bozcaada - Τένεδος,39.8337,26.0715,polity
ethnic,Methymnians,3.2,394262PMet,Methymna (Lesbos) 116 Methymna - Μήθυμνα,39.3692,26.1769,polity
ethnic,Mitylenians,3.2,391265PMyt,Mytilene (Lesbos) 323 Mytilini - Μυτιλήνη,39.1114,26.5621,polity
ethnic,Boeotians,3.2,384233RBoi,Boiotia region (Boeotia) 1673 Viotia - Βοιωτία,38.35,23.25,region/people
place,Pontus,3.2,435335WPon,Pontos (Pontus) 1512 Black Sea - Πόντος,43.5,33.5,sea/strait
ethnic,Plataeans,3.20,382233PPla,Plataea (Boeotia) 337 Plataia - Πλαταιά,38.2213,23.2733,polity
ethnic,Peloponnesians,3.20,375222RPel,Peloponnese (Hellas) 1736 Peloponisos - Πελοπόννησος,37.54,22.15,region/people
ethnic,Boeotians,3.20,384233RBoi,Boiotia region (Boeotia) 1673 Viotia - Βοιωτία,38.35,23.25,region/people
ethnic,Athenians,3.20,380237PAth,Athens (Attica) 9448 Athina - Αθήναι,37.9718,23.72793,polity
ethnic,Peloponnesians,3.21,375222RPel,Peloponnese (Hellas) 1736 Peloponisos - Πελοπόννησος,37.54,22.15,region/people
ethnic,Plataeans,3.21,382233PPla,Plataea (Boeotia) 337 Plataia - Πλαταιά,38.2213,23.2733,polity
place,Athens,3.21,380237PAth,Athens (Attica) 9448 Athina - Αθήναι,37.9718,23.72793,polity
ethnic,Plataeans,3.22,382233PPla,Plataea (Boeotia) 337 Plataia - Πλαταιά,38.2213,23.2733,polity
ethnic,Peloponnesians,3.22,375222RPel,Peloponnese (Hellas) 1736 Peloponisos - Πελοπόννησος,37.54,22.15,region/people
place,Thebes,3.22,383233PThe,Thebes (Boeotia) 2611 Thiva - Θήβαι,38.3191,23.3178,polity
ethnic,Plataeans,3.23,382233PPla,Plataea (Boeotia) 337 Plataia - Πλαταιά,38.2213,23.2733,polity
ethnic,Plataeans,3.24,382233PPla,Plataea (Boeotia) 337 Plataia - Πλαταιά,38.2213,23.2733,polity
ethnic,Peloponnesians,3.24,375222RPel,Peloponnese (Hellas) 1736 Peloponisos - Πελοπόννησος,37.54,22.15,region/people
place,Thebes,3.24,383233PThe,Thebes (Boeotia) 2611 Thiva - Θήβαι,38.3191,23.3178,polity
place,Athens,3.24,380237PAth,Athens (Attica) 9448 Athina - Αθήναι,37.9718,23.72793,polity
place,Cithaeron,3.24,382233LCit,Cithaeron Mt. (Boeotia) 203 Kithairon - Κιθαιρών,38.185,23.2506,mountain
place,Erythrae,3.24,382234PEry,Erythrai (Boeotia) 34 Daphni - Ερυθραί,38.2358,23.4032,polity
place,Hysiae,3.24,382233PHys,Hysiai (Boeotia) 21 Erythres - Υσία,38.2224,23.3405,polity
ethnic,Mitylenians,3.25,391265PMyt,Mytilene (Lesbos) 323 Mytilini - Μυτιλήνη,39.1114,26.5621,polity
ethnic,Athenians,3.25,380237PAth,Athens (Attica) 9448 Athina - Αθήναι,37.9718,23.72793,polity
place,Pyrrha,3.25,391262PPyr,Pyrra (Lesbos) 33 Megali Limni - Πύρρα,39.155,26.286,polity
place,Attica,3.25,379239RAtt,Attica region (Hellas) 1518 Attiki - Αττική,37.9,23.9,region/people
person,Lacedaemonian,3.25,371224PSpa,Sparta/Lacedaemon (Lakonia) 5559 Sparti - Σπάρτα,37.0821,22.4237,polity
ethnic,Peloponnesians,3.26,375222RPel,Peloponnese (Hellas) 1736 Peloponisos - Πελοπόννησος,37.54,22.15,region/people
ethnic,Athenians,3.26,380237PAth,Athens (Attica) 9448 Athina - Αθήναι,37.9718,23.72793,polity
place,Mitylene,3.26,391265PMyt,Mytilene (Lesbos) 323 Mytilini - Μυτιλήνη,39.1114,26.5621,polity
place,Attica,3.26,379239RAtt,Attica region (Hellas) 1518 Attiki - Αττική,37.9,23.9,region/people
place,Lesbos,3.26,392261ILes,Lesbos (Lesbos) 438 Lesbos - Λέσβος,39.2075,26.2,island
ethnic,Mitylenians,3.27,391265PMyt,Mytilene (Lesbos) 323 Mytilini - Μυτιλήνη,39.1114,26.5621,polity
ethnic,Athenians,3.27,380237PAth,Athens (Attica) 9448 Athina - Αθήναι,37.9718,23.72793,polity
place,Peloponnese,3.27,375222RPel,Peloponnese (Hellas) 1736 Peloponisos - Πελοπόννησος,37.54,22.15,region/people
ethnic,Mitylenians,3.28,391265PMyt,Mytilene (Lesbos) 323 Mytilini - Μυτιλήνη,39.1114,26.5621,polity
ethnic,Athenians,3.28,380237PAth,Athens (Attica) 9448 Athina - Αθήναι,37.9718,23.72793,polity
place,Lacedaemon,3.28,371224PSpa,Sparta/Lacedaemon (Lakonia) 5559 Sparti - Σπάρτα,37.0821,22.4237,polity
place,Tenedos,3.28,398261ITen,Tenedos (Troad) 155 Bozcaada - Τένεδος,39.8337,26.0715,polity
place,Antissa,3.28,393260PAnt,Antissa (Lesbos) 31 Archaia Antissa - Άντισσα,39.2908,26.0189,polity
ethnic,Peloponnesians,3.29,375222RPel,Peloponnese (Hellas) 1736 Peloponisos - Πελοπόννησος,37.54,22.15,region/people
ethnic,Athenians,3.29,380237PAth,Athens (Attica) 9448 Athina - Αθήναι,37.9718,23.72793,polity
place,Mitylene,3.29,391265PMyt,Mytilene (Lesbos) 323 Mytilini - Μυτιλήνη,39.1114,26.5621,polity
place,Delos,3.29,374253PDel,Delos (Cyclades) 404 Dilos - Δήλος,37.398,25.267,polity
place,Icarus,3.29,378263IIka,Ikaros (Ikaria) 78 Ikaria - Ίκαρος,37.6,26.2,island
place,Myconus,3.29,374253PMyk,Mykonos (Cyclades) 57 Mykonos - Μύκονος,37.446,25.3286,polity
place,Embatum,3.29,383264UEmb,Embata (Ionia) 4 Alacati - Έμβατον,38.25,26.38,polity
place,Erythraeid,3.29,384265PEry,Erythrai (Ionia) 123 Ildir - Ερυθραί,38.3828,26.4808,polity
person,Elean,3.29,378215REle,Eleia or Elis region (Eleia) 617 Ileia - Ήλις,37.8,21.5,region/people
ethnic,Athenians,3.3,380237PAth,Athens (Attica) 9448 Athina - Αθήναι,37.9718,23.72793,polity
ethnic,Mitylenians,3.3,391265PMyt,Mytilene (Lesbos) 323 Mytilini - Μυτιλήνη,39.1114,26.5621,polity
place,Lesbos,3.3,392261ILes,Lesbos (Lesbos) 438 Lesbos - Λέσβος,39.2075,26.2,island
place,Peloponnese,3.3,375222RPel,Peloponnese (Hellas) 1736 Peloponisos - Πελοπόννησος,37.54,22.15,region/people
place,Maloean,3.3,391266SAMa,Apollo Maloeis sanct. (Lesbos) 5 Mytilini - Μαλόεις/Απόλλωνος Μαλόεντος,39.1109,26.5561,sanctuary/temple
place,Euboea,3.3,385239IEub,Euboia (Euboea) 740 Evia - Εύβοια,38.53,23.87,island
place,Geraestus,3.3,380245HGer,Geraistos (Euboea) 47 Porto Kastri - Γεραιστός,37.977,24.539,harbor
place,Maloea,3.3,391266SAMa,Apollo Maloeis sanct. (Lesbos) 5 Mytilini - Μαλόεις/Απόλλωνος Μαλόεντος,39.1109,26.5561,sanctuary/temple
ethnic,Peloponnesians,3.30,375222RPel,Peloponnese (Hellas) 1736 Peloponisos - Πελοπόννησος,37.54,22.15,region/people
ethnic,Athenians,3.30,380237PAth,Athens (Attica) 9448 Athina - Αθήναι,37.9718,23.72793,polity
place,Mitylene,3.30,391265PMyt,Mytilene (Lesbos) 323 Mytilini - Μυτιλήνη,39.1114,26.5621,polity
ethnic,Lesbians,3.31,392261ILes,Lesbos (Lesbos) 438 Lesbos - Λέσβος,39.2075,26.2,island
demonym,Ionian,3.31,375275RIon,Ionia region (Asia Minor) 884 Izmir - Ιωνία,38.0,27.3,region/people
place,Cyme,3.31,388269UCym,Kyme (Aiolis) 129 Nemrut - Κύμε,38.7595,26.9363,polity
place,Athens,3.31,380237PAth,Athens (Attica) 9448 Athina - Αθήναι,37.9718,23.72793,polity
place,Mitylene,3.31,391265PMyt,Mytilene (Lesbos) 323 Mytilini - Μυτιλήνη,39.1114,26.5621,polity
place,Peloponnese,3.31,375222RPel,Peloponnese (Hellas) 1736 Peloponisos - Πελοπόννησος,37.54,22.15,region/people
ethnic,Samians,3.32,377269PSam,Samos (Aegean) 872 Pythagoreio - Σάμος,37.695,26.935,polity
ethnic,Chians,3.32,384261PChi,Chios polis (Chios) 602 Khios - Χίος,38.3764,26.1342,polity
ethnic,Athenians,3.32,380237PAth,Athens (Attica) 9448 Athina - Αθήναι,37.9718,23.72793,polity
demonym,Teian,3.32,382268PTeo,Teos (Ionia) 106 Sigacik - Τέος,38.1717,26.7877,polity
demonym,Peloponnesian,3.32,375222RPel,Peloponnese (Hellas) 1736 Peloponisos - Πελοπόννησος,37.54,22.15,region/people
place,Embatum,3.32,383264UEmb,Embata (Ionia) 4 Alacati - Έμβατον,38.25,26.38,polity
place,Myonnesus,3.32,380269IMyo,Myonnesos? (Ionia) 24 Cifit adasi - Μυόννησος,38.0459,26.8552,island
place,Ephesus,3.32,379273PEph,Ephesus (Ionia) 742 Efes/Selcuk - Έφεσος,37.9419,27.3397,polity
place,Anaia,3.32,378273PAna,Anaia (Ionia) 11 Sogucak - Άναια,37.7917,27.271,polity
place,Ionia,3.32,375275RIon,Ionia region (Asia Minor) 884 Izmir - Ιωνία,38.0,27.3,region/people
ethnic,Peloponnesians,3.33,375222RPel,Peloponnese (Hellas) 1736 Peloponisos - Πελοπόννησος,37.54,22.15,region/people
place,Ephesus,3.33,379273PEph,Ephesus (Ionia) 742 Efes/Selcuk - Έφεσος,37.9419,27.3397,polity
place,Athens,3.33,380237PAth,Athens (Attica) 9448 Athina - Αθήναι,37.9718,23.72793,polity
place,Clarus,3.33,380272SKla,Klaros Apollo temple (Ionia) 68 Ahmetbeyli - Κλάρος,38.0047,27.193,sanctuary/temple
place,Erythraeid,3.33,384265PEry,Erythrai (Ionia) 123 Ildir - Ερυθραί,38.3828,26.4808,polity
place,Ionia,3.33,375275RIon,Ionia region (Asia Minor) 884 Izmir - Ιωνία,38.0,27.3,region/people
place,Clarus,3.33,380272SKla,Klaros Apollo temple (Ionia) 68 Ahmetbeyli - Κλάρος,38.0047,27.193,sanctuary/temple
place,Patmos,3.33,373265IPat,Patmos (Dodecanese) 16 Kastelli - Πάτμος,37.326,26.5352,polity
ethnic,Colophonians,3.34,381272PCol,Kolophon (Ionia) 223 Değirmendere  - Κολοφών,38.111,27.141,polity
ethnic,Arcadians,3.34,375223RArk,Arkadia region (Arkadia) 1437 Arkadia - Αρκαδία,37.5,22.3,region/people
demonym,Peloponnesian,3.34,375222RPel,Peloponnese (Hellas) 1736 Peloponisos - Πελοπόννησος,37.54,22.15,region/people
demonym,Athenian,3.34,380237PAth,Athens (Attica) 9448 Athina - Αθήναι,37.9718,23.72793,polity
place,Notium,3.34,380272PNot,Notion (Ionia) 29 Ahmetbeyli - Νότιον,37.992,27.194,polity
place,Attica,3.34,379239RAtt,Attica region (Hellas) 1518 Attiki - Αττική,37.9,23.9,region/people
place,Notium,3.34,380272PNot,Notion (Ionia) 29 Ahmetbeyli - Νότιον,37.992,27.194,polity
place,Notium,3.34,380272PNot,Notion (Ionia) 29 Ahmetbeyli - Νότιον,37.992,27.194,polity
ethnic,Mitylenians,3.35,391265PMyt,Mytilene (Lesbos) 323 Mytilini - Μυτιλήνη,39.1114,26.5621,polity
demonym,Lacedaemonian,3.35,371224PSpa,Sparta/Lacedaemon (Lakonia) 5559 Sparti - Σπάρτα,37.0821,22.4237,polity
place,Pyrrha,3.35,391262PPyr,Pyrra (Lesbos) 33 Megali Limni - Πύρρα,39.155,26.286,polity
place,Eresus,3.35,391259PEre,Eresos (Lesbos) 56 Skala Eresou - Έρεσος,39.1341,25.9348,polity
place,Athens,3.35,380237PAth,Athens (Attica) 9448 Athina - Αθήναι,37.9718,23.72793,polity
place,Tenedos,3.35,398261ITen,Tenedos (Troad) 155 Bozcaada - Τένεδος,39.8337,26.0715,polity
place,Lesbos,3.35,392261ILes,Lesbos (Lesbos) 438 Lesbos - Λέσβος,39.2075,26.2,island
ethnic,Athenians,3.36,380237PAth,Athens (Attica) 9448 Athina - Αθήναι,37.9718,23.72793,polity
ethnic,Peloponnesians,3.36,375222RPel,Peloponnese (Hellas) 1736 Peloponisos - Πελοπόννησος,37.54,22.15,region/people
ethnic,Mitylenians,3.36,391265PMyt,Mytilene (Lesbos) 323 Mytilini - Μυτιλήνη,39.1114,26.5621,polity
place,Plataea,3.36,382233PPla,Plataea (Boeotia) 337 Plataia - Πλαταιά,38.2213,23.2733,polity
place,Ionia,3.36,375275RIon,Ionia region (Asia Minor) 884 Izmir - Ιωνία,38.0,27.3,region/people
place,Mitylene,3.37,391265PMyt,Mytilene (Lesbos) 323 Mytilini - Μυτιλήνη,39.1114,26.5621,polity
ethnic,Mitylenians,3.38,391265PMyt,Mytilene (Lesbos) 323 Mytilini - Μυτιλήνη,39.1114,26.5621,polity
ethnic,Mitylenians,3.39,391265PMyt,Mytilene (Lesbos) 323 Mytilini - Μυτιλήνη,39.1114,26.5621,polity
ethnic,Athenians,3.4,380237PAth,Athens (Attica) 9448 Athina - Αθήναι,37.9718,23.72793,polity
ethnic,Mitylenians,3.4,391265PMyt,Mytilene (Lesbos) 323 Mytilini - Μυτιλήνη,39.1114,26.5621,polity
place,Lesbos,3.4,392261ILes,Lesbos (Lesbos) 438 Lesbos - Λέσβος,39.2075,26.2,island
place,Lacedaemon,3.4,371224PSpa,Sparta/Lacedaemon (Lakonia) 5559 Sparti - Σπάρτα,37.0821,22.4237,polity
place,Malea,3.4,391265UMal,Malea? (Lesbos) 2 Akhlia - Μαλέα,39.1359,26.531,polity
ethnic,Mitylenians,3.40,391265PMyt,Mytilene (Lesbos) 323 Mytilini - Μυτιλήνη,39.1114,26.5621,polity
ethnic,Mitylenians,3.41,391265PMyt,Mytilene (Lesbos) 323 Mytilini - Μυτιλήνη,39.1114,26.5621,polity
ethnic,Mitylenians,3.42,391265PMyt,Mytilene (Lesbos) 323 Mytilini - Μυτιλήνη,39.1114,26.5621,polity
ethnic,Mitylenians,3.44,391265PMyt,Mytilene (Lesbos) 323 Mytilini - Μυτιλήνη,39.1114,26.5621,polity
place,Athens,3.44,380237PAth,Athens (Attica) 9448 Athina - Αθήναι,37.9718,23.72793,polity
place,Mitylene,3.47,391265PMyt,Mytilene (Lesbos) 323 Mytilini - Μυτιλήνη,39.1114,26.5621,polity
ethnic,Mitylenians,3.48,391265PMyt,Mytilene (Lesbos) 323 Mytilini - Μυτιλήνη,39.1114,26.5621,polity
ethnic,Athenians,3.49,380237PAth,Athens (Attica) 9448 Athina - Αθήναι,37.9718,23.72793,polity
demonym,Mitylenian,3.49,391265PMyt,Mytilene (Lesbos) 323 Mytilini - Μυτιλήνη,39.1114,26.5621,polity
place,Lesbos,3.49,392261ILes,Lesbos (Lesbos) 438 Lesbos - Λέσβος,39.2075,26.2,island
ethnic,Mitylenians,3.5,391265PMyt,Mytilene (Lesbos) 323 Mytilini - Μυτιλήνη,39.1114,26.5621,polity
ethnic,Methymnians,3.5,394262PMet,Methymna (Lesbos) 116 Methymna - Μήθυμνα,39.3692,26.1769,polity
ethnic,Athenians,3.5,380237PAth,Athens (Attica) 9448 Athina - Αθήναι,37.9718,23.72793,polity
ethnic,Imbrians,3.5,402259PImb,Imbros (Aegean) 77 Kalekoy - Ίμβρος,40.2331,25.903,polity
ethnic,Lemnians,3.5,399253ILem,Lemnos (Aegean) 341 Lemnos - Λήμνος,39.93,25.21,island
place,Lesbos,3.5,392261ILes,Lesbos (Lesbos) 438 Lesbos - Λέσβος,39.2075,26.2,island
place,Peloponnese,3.5,375222RPel,Peloponnese (Hellas) 1736 Peloponisos - Πελοπόννησος,37.54,22.15,region/people
person,Laconian,3.5,370225RLak,Lakonia region (Peloponnese) 790 Lakonia - Λακωνική,37.001,22.5,region/people
person,Theban,3.5,383233PThe,Thebes (Boeotia) 2611 Thiva - Θήβαι,38.3191,23.3178,polity
ethnic,Athenians,3.50,380237PAth,Athens (Attica) 9448 Athina - Αθήναι,37.9718,23.72793,polity
ethnic,Mitylenians,3.50,391265PMyt,Mytilene (Lesbos) 323 Mytilini - Μυτιλήνη,39.1114,26.5621,polity
ethnic,Lesbians,3.50,392261ILes,Lesbos (Lesbos) 438 Lesbos - Λέσβος,39.2075,26.2,island
ethnic,Methymnians,3.50,394262PMet,Methymna (Lesbos) 116 Methymna - Μήθυμνα,39.3692,26.1769,polity
ethnic,Athenians,3.51,380237PAth,Athens (Attica) 9448 Athina - Αθήναι,37.9718,23.72793,polity
ethnic,Megarians,3.51,380233PMeg,Megara (Megarid) 713 Megara - Μέγαρα,37.997,23.34285,polity
demonym,Peloponnesian,3.51,375222RPel,Peloponnese (Hellas) 1736 Peloponisos - Πελοπόννησος,37.54,22.15,region/people
place,Lesbos,3.51,392261ILes,Lesbos (Lesbos) 438 Lesbos - Λέσβος,39.2075,26.2,island
place,Minoa,3.51,380234IMin,Minoa (Attica) 14 Pachi - Μινώα,37.9786,23.3545,island
place,Budorum,3.51,380234FBou,Boudoron (Attica) 5 Salamis - Βούδορον,37.9797,23.4357,fortification
place,Salamis,3.51,379235PSal,Salamis (Salamis) 266 Ambelaki - Σαλαμίς,37.952,23.5408,polity
place,Nisaea,3.51,380234UNis,Nisaia (Attica) 79 Pachi - Νισαία,37.9764,23.364,polity
ethnic,Peloponnesians,3.52,375222RPel,Peloponnese (Hellas) 1736 Peloponisos - Πελοπόννησος,37.54,22.15,region/people
ethnic,Plataeans,3.52,382233PPla,Plataea (Boeotia) 337 Plataia - Πλαταιά,38.2213,23.2733,polity
ethnic,Lacedaemonians,3.52,371224PSpa,Sparta/Lacedaemon (Lakonia) 5559 Sparti - Σπάρτα,37.0821,22.4237,polity
place,Athens,3.52,380237PAth,Athens (Attica) 9448 Athina - Αθήναι,37.9718,23.72793,polity
ethnic,Lacedaemonians,3.53,371224PSpa,Sparta/Lacedaemon (Lakonia) 5559 Sparti - Σπάρτα,37.0821,22.4237,polity
ethnic,Thebans,3.54,383233PThe,Thebes (Boeotia) 2611 Thiva - Θήβαι,38.3191,23.3178,polity
ethnic,Lacedaemonians,3.54,371224PSpa,Sparta/Lacedaemon (Lakonia) 5559 Sparti - Σπάρτα,37.0821,22.4237,polity
ethnic,Boeotians,3.54,384233RBoi,Boiotia region (Boeotia) 1673 Viotia - Βοιωτία,38.35,23.25,region/people
place,Artemisium,3.54,390232SArt,Artemision (Euboea) 91 Artemisio - Αρτεμίσιον,39.0097,23.217,sanctuary/temple
place,Ithome,3.54,372219LIth,Ithome Mt. (Messenia) 112 Ithomi - Ιθώμη,37.186,21.925,mountain
ethnic,Athenians,3.55,380237PAth,Athens (Attica) 9448 Athina - Αθήναι,37.9718,23.72793,polity
ethnic,Thebans,3.55,383233PThe,Thebes (Boeotia) 2611 Thiva - Θήβαι,38.3191,23.3178,polity
ethnic,Thebans,3.56,383233PThe,Thebes (Boeotia) 2611 Thiva - Θήβαι,38.3191,23.3178,polity
place,Athens,3.56,380237PAth,Athens (Attica) 9448 Athina - Αθήναι,37.9718,23.72793,polity
place,Sparta,3.56,371224PSpa,Sparta/Lacedaemon (Lakonia) 5559 Sparti - Σπάρτα,37.0821,22.4237,polity
ethnic,Plataeans,3.57,382233PPla,Plataea (Boeotia) 337 Plataia - Πλαταιά,38.2213,23.2733,polity
ethnic,Lacedaemonians,3.57,371224PSpa,Sparta/Lacedaemon (Lakonia) 5559 Sparti - Σπάρτα,37.0821,22.4237,polity
ethnic,Thebans,3.57,383233PThe,Thebes (Boeotia) 2611 Thiva - Θήβαι,38.3191,23.3178,polity
ethnic,Medes,3.57,355480RMed,Media (Asia) 945 Hamedan - Μηδία,35.5,48.0,region/people
place,Delphi,3.57,385225SDel,"Delphic Oracle, Pytho (Delphi) 1539 Delphous - Δελφοί",38.48264,22.50108,sanctuary/temple
ethnic,Thebans,3.58,383233PThe,Thebes (Boeotia) 2611 Thiva - Θήβαι,38.3191,23.3178,polity
ethnic,Medes,3.58,355480RMed,Media (Asia) 945 Hamedan - Μηδία,35.5,48.0,region/people
demonym,Plataean,3.58,382233PPla,Plataea (Boeotia) 337 Plataia - Πλαταιά,38.2213,23.2733,polity
ethnic,Lacedaemonians,3.59,371224PSpa,Sparta/Lacedaemon (Lakonia) 5559 Sparti - Σπάρτα,37.0821,22.4237,polity
ethnic,Thebans,3.59,383233PThe,Thebes (Boeotia) 2611 Thiva - Θήβαι,38.3191,23.3178,polity
ethnic,Plataeans,3.59,382233PPla,Plataea (Boeotia) 337 Plataia - Πλαταιά,38.2213,23.2733,polity
ethnic,Athenians,3.6,380237PAth,Athens (Attica) 9448 Athina - Αθήναι,37.9718,23.72793,polity
ethnic,Mitylenians,3.6,391265PMyt,Mytilene (Lesbos) 323 Mytilini - Μυτιλήνη,39.1114,26.5621,polity
ethnic,Lesbians,3.6,392261ILes,Lesbos (Lesbos) 438 Lesbos - Λέσβος,39.2075,26.2,island
place,Malea,3.6,391265UMal,Malea? (Lesbos) 2 Akhlia - Μαλέα,39.1359,26.531,polity
ethnic,Plataeans,3.60,382233PPla,Plataea (Boeotia) 337 Plataia - Πλαταιά,38.2213,23.2733,polity
ethnic,Thebans,3.60,383233PThe,Thebes (Boeotia) 2611 Thiva - Θήβαι,38.3191,23.3178,polity
ethnic,Lacedaemonians,3.60,371224PSpa,Sparta/Lacedaemon (Lakonia) 5559 Sparti - Σπάρτα,37.0821,22.4237,polity
ethnic,Plataeans,3.61,382233PPla,Plataea (Boeotia) 337 Plataia - Πλαταιά,38.2213,23.2733,polity
ethnic,Boeotians,3.61,384233RBoi,Boiotia region (Boeotia) 1673 Viotia - Βοιωτία,38.35,23.25,region/people
ethnic,Athenians,3.61,380237PAth,Athens (Attica) 9448 Athina - Αθήναι,37.9718,23.72793,polity
ethnic,Boeotians,3.62,384233RBoi,Boiotia region (Boeotia) 1673 Viotia - Βοιωτία,38.35,23.25,region/people
ethnic,Athenians,3.62,380237PAth,Athens (Attica) 9448 Athina - Αθήναι,37.9718,23.72793,polity
ethnic,Plataeans,3.62,382233PPla,Plataea (Boeotia) 337 Plataia - Πλαταιά,38.2213,23.2733,polity
place,Coronea,3.62,384230PKor,Koroneia (Boeotia) 112 Palaia Koroneia - Κορώνεα,38.3912,22.9571,polity
ethnic,Athenians,3.63,380237PAth,Athens (Attica) 9448 Athina - Αθήναι,37.9718,23.72793,polity
place,Lacedaemon,3.63,371224PSpa,Sparta/Lacedaemon (Lakonia) 5559 Sparti - Σπάρτα,37.0821,22.4237,polity
ethnic,Athenians,3.64,380237PAth,Athens (Attica) 9448 Athina - Αθήναι,37.9718,23.72793,polity
ethnic,Aeginetans,3.64,378234PAig,Aigina polis (Aegina) 464 Aigina - Αίγινα,37.75,23.425,polity
demonym,Boeotian,3.65,384233RBoi,Boiotia region (Boeotia) 1673 Viotia - Βοιωτία,38.35,23.25,region/people
demonym,Boeotian,3.66,384233RBoi,Boiotia region (Boeotia) 1673 Viotia - Βοιωτία,38.35,23.25,region/people
ethnic,Lacedaemonians,3.67,371224PSpa,Sparta/Lacedaemon (Lakonia) 5559 Sparti - Σπάρτα,37.0821,22.4237,polity
place,Coronea,3.67,384230PKor,Koroneia (Boeotia) 112 Palaia Koroneia - Κορώνεα,38.3912,22.9571,polity
place,Boeotia,3.67,384233RBoi,Boiotia region (Boeotia) 1673 Viotia - Βοιωτία,38.35,23.25,region/people
ethnic,Thebans,3.68,383233PThe,Thebes (Boeotia) 2611 Thiva - Θήβαι,38.3191,23.3178,polity
ethnic,Plataeans,3.68,382233PPla,Plataea (Boeotia) 337 Plataia - Πλαταιά,38.2213,23.2733,polity
ethnic,Lacedaemonians,3.68,371224PSpa,Sparta/Lacedaemon (Lakonia) 5559 Sparti - Σπάρτα,37.0821,22.4237,polity
ethnic,Athenians,3.68,380237PAth,Athens (Attica) 9448 Athina - Αθήναι,37.9718,23.72793,polity
place,Megara,3.68,380233PMeg,Megara (Megarid) 713 Megara - Μέγαρα,37.997,23.34285,polity
ethnic,Peloponnesians,3.69,375222RPel,Peloponnese (Hellas) 1736 Peloponisos - Πελοπόννησος,37.54,22.15,region/people
ethnic,Lesbians,3.69,392261ILes,Lesbos (Lesbos) 438 Lesbos - Λέσβος,39.2075,26.2,island
ethnic,Athenians,3.69,380237PAth,Athens (Attica) 9448 Athina - Αθήναι,37.9718,23.72793,polity
ethnic,Lacedaemonians,3.69,371224PSpa,Sparta/Lacedaemon (Lakonia) 5559 Sparti - Σπάρτα,37.0821,22.4237,polity
demonym,Leucadian,3.69,387207PLeu,Leukas (Ionian Islands) 213 Leukada - Λευκάς,38.81,20.717,polity
demonym,Ambraciot,3.69,390209UAmb,Ambracus (Arta) 92 Phidokastro - Άμβρακος,39.0419,20.9538,harbor
place,Crete,3.69,352252IKre,Crete (Greece) 1562 Kriti - Κρήτη,35.2052,25.1836,region/people
place,Cyllene,3.69,379211PKyl,Kyllene (Eleia) 59 Kyllini - Κυλλήνη,37.94052,21.1393,polity
place,Corcyra,3.69,396199PKer,Corcyra (Ionian Islands) 405 Kerkyra/Corfu - Κέρκυρα,39.6063,19.9156,polity
place,Naupactus,3.69,384218UNau,Naupactus (Aitolia) 190 Navpaktos - Ναύπακτος,38.3997,21.8313,polity
ethnic,Athenians,3.7,380237PAth,Athens (Attica) 9448 Athina - Αθήναι,37.9718,23.72793,polity
ethnic,Acarnanians,3.7,388210RAka,Akarnania region (Akarnania) 435 Akarnania - Ακαρνανία,38.8,21.0,region/people
ethnic,Leucadians,3.7,387207PLeu,Leukas (Ionian Islands) 213 Leukada - Λευκάς,38.81,20.717,polity
place,Mitylene,3.7,391265PMyt,Mytilene (Lesbos) 323 Mytilini - Μυτιλήνη,39.1114,26.5621,polity
place,Peloponnese,3.7,375222RPel,Peloponnese (Hellas) 1736 Peloponisos - Πελοπόννησος,37.54,22.15,region/people
place,Laconia,3.7,370225RLak,Lakonia region (Peloponnese) 790 Lakonia - Λακωνική,37.001,22.5,region/people
place,Naupactus,3.7,384218UNau,Naupactus (Aitolia) 190 Navpaktos - Ναύπακτος,38.3997,21.8313,polity
place,Oeniadae,3.7,384212POin,Oiniadai (Aitolia) 89 Trikardo - Οινιάδαι,38.4118,21.1948,polity
place,Achelous,3.7,383211WAch,Achelous R. (Aitolia) 208 Akheloos - Αχελώιος,38.3388,21.1067,river
place,Nericus,3.7,388207UNer,Nerikos (Leukas) 12 Agios Giorgios fort - Νήρικος,38.7955,20.734,polity
ethnic,Corinthians,3.70,379229PKor,Corinth/Korinthos (Korinthia) 1749 Archaia Korinthos - Κόρινθος,37.9054,22.8802,polity
ethnic,Corcyraeans,3.70,396199PKer,Corcyra (Ionian Islands) 405 Kerkyra/Corfu - Κέρκυρα,39.6063,19.9156,polity
ethnic,Athenians,3.70,380237PAth,Athens (Attica) 9448 Athina - Αθήναι,37.9718,23.72793,polity
ethnic,Peloponnesians,3.70,375222RPel,Peloponnese (Hellas) 1736 Peloponisos - Πελοπόννησος,37.54,22.15,region/people
place,Epidamnus,3.70,413194PEpi,Epidamnos (Illyria) 258 Durres - Επίδαμνος,41.3164,19.4449,polity
ethnic,Corcyraeans,3.71,396199PKer,Corcyra (Ionian Islands) 405 Kerkyra/Corfu - Κέρκυρα,39.6063,19.9156,polity
place,Athens,3.71,380237PAth,Athens (Attica) 9448 Athina - Αθήναι,37.9718,23.72793,polity
ethnic,Athenians,3.72,380237PAth,Athens (Attica) 9448 Athina - Αθήναι,37.9718,23.72793,polity
demonym,Corinthian,3.72,379229PKor,Corinth/Korinthos (Korinthia) 1749 Archaia Korinthos - Κόρινθος,37.9054,22.8802,polity
demonym,Lacedaemonian,3.72,371224PSpa,Sparta/Lacedaemon (Lakonia) 5559 Sparti - Σπάρτα,37.0821,22.4237,polity
demonym,Corcyraean,3.72,396199PKer,Corcyra (Ionian Islands) 405 Kerkyra/Corfu - Κέρκυρα,39.6063,19.9156,polity
place,Aegina,3.72,378234PAig,Aigina polis (Aegina) 464 Aigina - Αίγινα,37.75,23.425,polity
demonym,Corinthian,3.74,379229PKor,Corinth/Korinthos (Korinthia) 1749 Archaia Korinthos - Κόρινθος,37.9054,22.8802,polity
ethnic,Athenians,3.75,380237PAth,Athens (Attica) 9448 Athina - Αθήναι,37.9718,23.72793,polity
demonym,Messenian,3.75,372218RMes,Messenia region (Messenia) 700 Messinia - Μεσσηνία,37.2,21.8,region/people
place,Naupactus,3.75,384218UNau,Naupactus (Aitolia) 190 Navpaktos - Ναύπακτος,38.3997,21.8313,polity
demonym,Peloponnesian,3.76,375222RPel,Peloponnese (Hellas) 1736 Peloponisos - Πελοπόννησος,37.54,22.15,region/people
place,Cyllene,3.76,379211PKyl,Kyllene (Eleia) 59 Kyllini - Κυλλήνη,37.94052,21.1393,polity
place,Ionia,3.76,375275RIon,Ionia region (Asia Minor) 884 Izmir - Ιωνία,38.0,27.3,region/people
place,Sybota,3.76,394202ISyb,Sybota (Thesprotia) 24 Sivota (Nisi Sivota and Nisi Ag. Nikolaos) - Σύβοτα,39.4043,20.2213,island
place,Corcyra,3.76,396199PKer,Corcyra (Ionian Islands) 405 Kerkyra/Corfu - Κέρκυρα,39.6063,19.9156,polity
ethnic,Corcyraeans,3.77,396199PKer,Corcyra (Ionian Islands) 405 Kerkyra/Corfu - Κέρκυρα,39.6063,19.9156,polity
ethnic,Athenians,3.77,380237PAth,Athens (Attica) 9448 Athina - Αθήναι,37.9718,23.72793,polity
ethnic,Peloponnesians,3.77,375222RPel,Peloponnese (Hellas) 1736 Peloponisos - Πελοπόννησος,37.54,22.15,region/people
ethnic,Corcyraeans,3.78,396199PKer,Corcyra (Ionian Islands) 405 Kerkyra/Corfu - Κέρκυρα,39.6063,19.9156,polity
ethnic,Athenians,3.78,380237PAth,Athens (Attica) 9448 Athina - Αθήναι,37.9718,23.72793,polity
ethnic,Peloponnesians,3.78,375222RPel,Peloponnese (Hellas) 1736 Peloponisos - Πελοπόννησος,37.54,22.15,region/people
place,Naupactus,3.78,384218UNau,Naupactus (Aitolia) 190 Navpaktos - Ναύπακτος,38.3997,21.8313,polity
ethnic,Corcyraeans,3.79,396199PKer,Corcyra (Ionian Islands) 405 Kerkyra/Corfu - Κέρκυρα,39.6063,19.9156,polity
ethnic,Peloponnesians,3.79,375222RPel,Peloponnese (Hellas) 1736 Peloponisos - Πελοπόννησος,37.54,22.15,region/people
place,Leukimme,3.79,395201LLeu,Leukimma cape (Kerkyra) 8 Akra Lefkimis - Λευκίμμη,39.4599,20.0709,cape
ethnic,Mitylenians,3.8,391265PMyt,Mytilene (Lesbos) 323 Mytilini - Μυτιλήνη,39.1114,26.5621,polity
ethnic,Lacedaemonians,3.8,371224PSpa,Sparta/Lacedaemon (Lakonia) 5559 Sparti - Σπάρτα,37.0821,22.4237,polity
place,Olympia,3.8,376216SOly,Olympian Zeus sanctuary (Eleia) 856 Archaia Olympia - Ολυμπία,37.6378,21.63,sanctuary/temple
person,Rhodian,3.8,364282IRho,Rhodes (Dodecanese) 1346 Rodos - Ρόδος,36.4408,28.2244,polity
ethnic,Peloponnesians,3.80,375222RPel,Peloponnese (Hellas) 1736 Peloponisos - Πελοπόννησος,37.54,22.15,region/people
ethnic,Athenians,3.80,380237PAth,Athens (Attica) 9448 Athina - Αθήναι,37.9718,23.72793,polity
place,Corcyra,3.80,396199PKer,Corcyra (Ionian Islands) 405 Kerkyra/Corfu - Κέρκυρα,39.6063,19.9156,polity
place,Leucas,3.80,387207PLeu,Leukas (Ionian Islands) 213 Leukada - Λευκάς,38.81,20.717,polity
ethnic,Peloponnesians,3.81,375222RPel,Peloponnese (Hellas) 1736 Peloponisos - Πελοπόννησος,37.54,22.15,region/people
ethnic,Corcyraeans,3.81,396199PKer,Corcyra (Ionian Islands) 405 Kerkyra/Corfu - Κέρκυρα,39.6063,19.9156,polity
ethnic,Messenians,3.81,372218RMes,Messenia region (Messenia) 700 Messinia - Μεσσηνία,37.2,21.8,region/people
demonym,Athenian,3.81,380237PAth,Athens (Attica) 9448 Athina - Αθήναι,37.9718,23.72793,polity
place,Leucas,3.81,387207PLeu,Leukas (Ionian Islands) 213 Leukada - Λευκάς,38.81,20.717,polity
ethnic,Athenians,3.82,380237PAth,Athens (Attica) 9448 Athina - Αθήναι,37.9718,23.72793,polity
ethnic,Lacedaemonians,3.82,371224PSpa,Sparta/Lacedaemon (Lakonia) 5559 Sparti - Σπάρτα,37.0821,22.4237,polity
place,Corcyra,3.84,396199PKer,Corcyra (Ionian Islands) 405 Kerkyra/Corfu - Κέρκυρα,39.6063,19.9156,polity
demonym,Athenian,3.85,380237PAth,Athens (Attica) 9448 Athina - Αθήναι,37.9718,23.72793,polity
demonym,Corcyrean,3.85,396199PKer,Corcyra (Ionian Islands) 405 Kerkyra/Corfu - Κέρκυρα,39.6063,19.9156,polity
place,forts,3.85,395202PTor,Torone (Thesprotia) 2 Khersonesos Lygias - Τορώνη,39.52,20.1877,polity
place,Lacedaemon,3.85,371224PSpa,Sparta/Lacedaemon (Lakonia) 5559 Sparti - Σπάρτα,37.0821,22.4237,polity
place,Corinth,3.85,379229PKor,Corinth/Korinthos (Korinthia) 1749 Archaia Korinthos - Κόρινθος,37.9054,22.8802,polity
place,Istone,3.85,398198LIst,Istone? Mt. (Kerkyra) 4 Pantokrator (N Kerkyra) - Ιστώνη,39.748,19.872,mountain
ethnic,Athenians,3.86,380237PAth,Athens (Attica) 9448 Athina - Αθήναι,37.9718,23.72793,polity
ethnic,Syracusans,3.86,371153PSyr,Syracuse (Sicily) 1628 Siracusa - Συράκουσαι,37.0639,15.293,polity
ethnic,Leontines,3.86,373150PLeo,Leontini (Sicily) 199 Lentini - Λεοντίνη,37.2855,14.9981,polity
ethnic,Locrians,3.86,382162PLoc,Locris (Italy) 225 Locri - Λοκροί Επιζεφύριοι,38.216,16.229,polity
ethnic,Rhegians,3.86,381156PRhe,Rhegion (Magna Graecia) 334 Reggio Calabria - Ρήγιον,38.109,15.644,polity
demonym,Dorian,3.86,387224RDor,Doris tetrapolis (Central Greece) 303 Dorida - Δωρίς,38.7,22.4,region/people
demonym,Lacedaemonian,3.86,371224PSpa,Sparta/Lacedaemon (Lakonia) 5559 Sparti - Σπάρτα,37.0821,22.4237,polity
demonym,Chalcidian,3.86,385236PCha,Chalkis (Euboea) 435 Chalkida - Χάλκις,38.4597,23.6153,polity
demonym,Ionian,3.86,375275RIon,Ionia region (Asia Minor) 884 Izmir - Ιωνία,38.0,27.3,region/people
demonym,Sicilian,3.86,376145RSic,Sicily region (Italy) 3245 Sicilia - Σικελία,37.6,14.5,region/people
place,Camarina,3.86,369144PCam,Camarina (Sicily) 81 Camarina - Καμάρινα,36.8721,14.4474,polity
place,Camarina,3.86,369144PCam,Camarina (Sicily) 81 Camarina - Καμάρινα,36.8721,14.4474,polity
place,Italy,3.86,406163RIta,Italia region (Italy) 4036 Italy - Ιταλία,40.6,16.3,region/people
place,Peloponnese,3.86,375222RPel,Peloponnese (Hellas) 1736 Peloponisos - Πελοπόννησος,37.54,22.15,region/people
ethnic,Athenians,3.87,380237PAth,Athens (Attica) 9448 Athina - Αθήναι,37.9718,23.72793,polity
place,Euboea,3.87,385239IEub,Euboia (Euboea) 740 Evia - Εύβοια,38.53,23.87,island
place,Boeotia,3.87,384233RBoi,Boiotia region (Boeotia) 1673 Viotia - Βοιωτία,38.35,23.25,region/people
place,Orchomenus,3.87,385230POrc,Orchomenos (Boeotia) 161 Orchomenos - Ορχομενός,38.4956,22.9641,polity
ethnic,Athenians,3.88,380237PAth,Athens (Attica) 9448 Athina - Αθήναι,37.9718,23.72793,polity
ethnic,Rhegians,3.88,381156PRhe,Rhegion (Magna Graecia) 334 Reggio Calabria - Ρήγιον,38.109,15.644,polity
ethnic,Liparians,3.88,385150PLip,Lipara (Lipari) 87 Lipari - Λιπάρα,38.467,14.957,polity
ethnic,Sicels,3.88,376145RSic,Sicily region (Italy) 3245 Sicilia - Σικελία,37.6,14.5,region/people
ethnic,Syracusans,3.88,371153PSyr,Syracuse (Sicily) 1628 Siracusa - Συράκουσαι,37.0639,15.293,polity
demonym,Cnidian,3.88,367274PKni,Knidos (Caria) Cnidus 255 Knidos - Κνίδος,36.6862,27.374,polity
place,islands of Aeolus,3.88,385150IAio,Aiolian Islands (Italy) 48 Aeolian Islands - Αιολία,38.5,15.05,island
place,Lipara,3.88,385150PLip,Lipara (Lipari) 87 Lipari - Λιπάρα,38.467,14.957,polity
place,Didyme,3.88,386148IDid,Didyme island (Sicily) 11 Salina - Διδύμη,38.562,14.842,island
place,Strongyle,3.88,388152IStr,Strongyle island (Sicily) 16 Stromboli - Στρογγύλη,38.792,15.213,island
place,Hiera,3.88,384150IHie,Hiera Hephaistou island (Sicily) 23 Vulcano - Ιερά Ηφαίστου,38.404,14.962,island
place,Hiera,3.88,384150IHie,Hiera Hephaistou island (Sicily) 23 Vulcano - Ιερά Ηφαίστου,38.404,14.962,island
place,Messinese,3.88,382156PMes,Zancle/Messana (Sicily) 290 Messina - Ζάγκλη,38.1923,15.5566,polity
ethnic,Peloponnesians,3.89,375222RPel,Peloponnese (Hellas) 1736 Peloponisos - Πελοπόννησος,37.54,22.15,region/people
demonym,Opuntian Locrian,3.89,386231ROpu,Lokris Opuntia region (Phthiotis) 288 Atalandi - Λοκροί  Οπούντιοι,38.65,23.04,region/people
demonym,Athenian,3.89,380237PAth,Athens (Attica) 9448 Athina - Αθήναι,37.9718,23.72793,polity
place,Attica,3.89,379239RAtt,Attica region (Hellas) 1518 Attiki - Αττική,37.9,23.9,region/people
place,Isthmus,3.89,379230LIst,Isthmus (Korinthia) 240 Isthmia - Ισθμός,37.928,22.973,sanctuary/temple
place,Orobiae,3.89,388232POro,Orobiai (Euboea) 5 Rovies - Ορόβιαι,38.8169,23.2243,polity
place,Euboea,3.89,385239IEub,Euboia (Euboea) 740 Evia - Εύβοια,38.53,23.87,island
place,Atalanta,3.89,388233IAta,Atalante island (Phthiotis) 19 Talandonisi - Αταλάντη,38.674,23.095,island
place,Peparethus,3.89,391237PPep,Peparethos (Skopelos) 63 Skopelos - Πεπάρηθος,39.1246,23.7285,polity
ethnic,Lacedaemonians,3.9,371224PSpa,Sparta/Lacedaemon (Lakonia) 5559 Sparti - Σπάρτα,37.0821,22.4237,polity
ethnic,Athenians,3.9,380237PAth,Athens (Attica) 9448 Athina - Αθήναι,37.9718,23.72793,polity
ethnic,Siceliots,3.90,376145RSic,Sicily region (Italy) 3245 Sicilia - Σικελία,37.6,14.5,region/people
ethnic,Athenians,3.90,380237PAth,Athens (Attica) 9448 Athina - Αθήναι,37.9718,23.72793,polity
ethnic,Syracusans,3.90,371153PSyr,Syracuse (Sicily) 1628 Siracusa - Συράκουσαι,37.0639,15.293,polity
place,Mylae,3.90,382152PMyl,Mylae (Sicily) 52 Milazzo - Μύλαι,38.2194,15.2404,polity
place,Messinese,3.90,382156PMes,Zancle/Messana (Sicily) 290 Messina - Ζάγκλη,38.1923,15.5566,polity
place,Mylae,3.90,382152PMyl,Mylae (Sicily) 52 Milazzo - Μύλαι,38.2194,15.2404,polity
place,Acropolis,3.90,380237SAkr,Athenian Acropolis (Athens) 284 Akropoli - Ακρόπολις,37.9717,23.7257,sanctuary/temple
ethnic,Athenians,3.91,380237PAth,Athens (Attica) 9448 Athina - Αθήναι,37.9718,23.72793,polity
ethnic,Melians,3.91,367244PMel,Melos (Cyclades) 128 Klima - Μήλος,36.7389,24.4199,polity
ethnic,Tanagraeans,3.91,383236PTan,Tanagra (Boeotia) 108 SE Kerykeion - Τάναγρα,38.3074,23.5841,polity
ethnic,Thebans,3.91,383233PThe,Thebes (Boeotia) 2611 Thiva - Θήβαι,38.3191,23.3178,polity
demonym,Locrian,3.91,386231ROpu,Lokris Opuntia region (Phthiotis) 288 Atalandi - Λοκροί  Οπούντιοι,38.65,23.04,region/people
place,Peloponnese,3.91,375222RPel,Peloponnese (Hellas) 1736 Peloponisos - Πελοπόννησος,37.54,22.15,region/people
place,Oropus,3.91,383238POro,Oropos (Attica) 113 Skala Oropou - Ωρωπός,38.3195,23.79,polity
place,Graea,3.91,384236UGra,Graia? (Boeotia) 20 Paralia Avlidas - Γραία,38.38427,23.62658,polity
place,Boeotia,3.91,384233RBoi,Boiotia region (Boeotia) 1673 Viotia - Βοιωτία,38.35,23.25,region/people
ethnic,Lacedaemonians,3.92,371224PSpa,Sparta/Lacedaemon (Lakonia) 5559 Sparti - Σπάρτα,37.0821,22.4237,polity
ethnic,Malians,3.92,388224RMal,Malis region (Phthiotis) 97 Lamia - Μαλιεύς,38.8,22.4,region/people
ethnic,Trachinians,3.92,388224RTra,Trachis region (Phthiotis) 112  - Τραχίς,38.75,22.4,region/people
ethnic,Oetaeans,3.92,388223LOit,Oita Mt. (Phthiotis) 186 Oiti - Οίτη,38.801,22.25,mountain
ethnic,Dorians,3.92,387224RDor,Doris tetrapolis (Central Greece) 303 Dorida - Δωρίς,38.7,22.4,region/people
ethnic,Athenians,3.92,380237PAth,Athens (Attica) 9448 Athina - Αθήναι,37.9718,23.72793,polity
ethnic,Ionians,3.92,375275RIon,Ionia region (Asia Minor) 884 Izmir - Ιωνία,38.0,27.3,region/people
ethnic,Achaeans,3.92,382219RAch,Achaea region (Achaia) 1800 Achaia - Αχαΐα,38.2,21.9,region/people
place,Heraclea,3.92,388224PHer,Herakleia Trachinia (Malis) 112 Iraklia - Ηράκλεια,38.794,22.4313,polity
place,Euboea,3.92,385239IEub,Euboia (Euboea) 740 Evia - Εύβοια,38.53,23.87,island
place,Thrace,3.92,410265RThr,Thrace region (Evros) 1818 Thraki - Θραίκη,41.0,26.5,region/people
place,Delphi,3.92,385225SDel,"Delphic Oracle, Pytho (Delphi) 1539 Delphous - Δελφοί",38.48264,22.50108,sanctuary/temple
place,Thermopylae,3.92,388225FThe,Thermopylae (Phthiotis) 358 Thermopylai - Θερμοπύλαι,38.795,22.536,fortification
ethnic,Thessalians,3.93,394223RThs,Thessaly region (Hellas) 1628 Thessalia - Θεσσαλία,39.4,22.3,region/people
ethnic,Lacedaemonians,3.93,371224PSpa,Sparta/Lacedaemon (Lakonia) 5559 Sparti - Σπάρτα,37.0821,22.4237,polity
place,Euboea,3.93,385239IEub,Euboia (Euboea) 740 Evia - Εύβοια,38.53,23.87,island
place,Cenaeum,3.93,388229SKen,Kenaion (Euboea) 35 Ag. Konstantinos - Κέναιον,38.8265,22.8315,sanctuary/temple
place,Athens,3.93,380237PAth,Athens (Attica) 9448 Athina - Αθήναι,37.9718,23.72793,polity
ethnic,Athenians,3.94,380237PAth,Athens (Attica) 9448 Athina - Αθήναι,37.9718,23.72793,polity
ethnic,Acarnanians,3.94,388210RAka,Akarnania region (Akarnania) 435 Akarnania - Ακαρνανία,38.8,21.0,region/people
ethnic,Zacynthians,3.94,378209PZak,Zacynthus (Ionian Islands) 123 Zakynthos - Ζάκυνθος,37.7872,20.8921,polity
ethnic,Cephallenans,3.94,382206IKep,Kephallania (Kefallenia) 163 Kephallenia - Κεφαλληνία,38.2,20.59,island
ethnic,Leucadians,3.94,387207PLeu,Leukas (Ionian Islands) 213 Leukada - Λευκάς,38.81,20.717,polity
ethnic,Messenians,3.94,372218RMes,Messenia region (Messenia) 700 Messinia - Μεσσηνία,37.2,21.8,region/people
ethnic,Aetolians,3.94,386215RAit,Aitolia region (Aitolia) 1220 Aitolia - Αιτωλία,38.6,21.5,region/people
ethnic,Apodotians,3.94,385217RApo,Apodotoi tribe (Aitolia) 9  - Αποδωτοί,38.5,21.7,region/people
ethnic,Ophionians,3.94,385218ROph,Ophionians tribe (Aitolia) 4  - Οφιονέων,38.5,21.8,region/people
ethnic,Eurytanians,3.94,393213REur,Eurytania region (Evrytania) 13 Evrytania - Ευρυτάνες,38.8,21.7,region/people
place,Melos,3.94,367244PMel,Melos (Cyclades) 128 Klima - Μήλος,36.7389,24.4199,polity
place,Peloponnese,3.94,375222RPel,Peloponnese (Hellas) 1736 Peloponisos - Πελοπόννησος,37.54,22.15,region/people
place,Ellomenus,3.94,387207UHel,Hellomenon (Leukas) 2 near Nydri - Ελλομενόν,38.7015,20.716,polity
place,Oeniadae,3.94,384212POin,Oiniadai (Aitolia) 89 Trikardo - Οινιάδαι,38.4118,21.1948,polity
place,Corcyra,3.94,396199PKer,Corcyra (Ionian Islands) 405 Kerkyra/Corfu - Κέρκυρα,39.6063,19.9156,polity
place,Naupactus,3.94,384218UNau,Naupactus (Aitolia) 190 Navpaktos - Ναύπακτος,38.3997,21.8313,polity
ethnic,Messenians,3.95,372218RMes,Messenia region (Messenia) 700 Messinia - Μεσσηνία,37.2,21.8,region/people
ethnic,Aetolians,3.95,386215RAit,Aitolia region (Aitolia) 1220 Aitolia - Αιτωλία,38.6,21.5,region/people
ethnic,Boeotians,3.95,384233RBoi,Boiotia region (Boeotia) 1673 Viotia - Βοιωτία,38.35,23.25,region/people
ethnic,Phocians,3.95,386227RPho,Phokis region (Central Greece) 781 Phokida - Φωκίς,38.6,22.7,region/people
ethnic,Acarnanians,3.95,388210RAka,Akarnania region (Akarnania) 435 Akarnania - Ακαρνανία,38.8,21.0,region/people
ethnic,Cephallenians,3.95,382206IKep,Kephallania (Kefallenia) 163 Kephallenia - Κεφαλληνία,38.2,20.59,island
ethnic,Zacynthians,3.95,378209PZak,Zacynthus (Ionian Islands) 123 Zakynthos - Ζάκυνθος,37.7872,20.8921,polity
ethnic,Ozolian Locrians,3.95,384222ROzo,Ozolian Lokris region (Phokis) 125 S Phokida - Οζόλαι,38.4,22.2,region/people
demonym,Athenian,3.95,380237PAth,Athens (Attica) 9448 Athina - Αθήναι,37.9718,23.72793,polity
demonym,Corcyraean,3.95,396199PKer,Corcyra (Ionian Islands) 405 Kerkyra/Corfu - Κέρκυρα,39.6063,19.9156,polity
place,Kytinium,3.95,374244PKyt,Kythnos (Cyclades) 52 Vriokastro/Episkopi - Κύθνος,37.409,24.395,polity
place,Doris,3.95,387224RDor,Doris tetrapolis (Central Greece) 303 Dorida - Δωρίς,38.7,22.4,region/people
place,Parnassus,3.95,385226LPar,Parnassus Mt. (Phokis) 272 Parnassos - Παρνασσός,38.5354,22.6219,mountain
place,Leucas,3.95,387207PLeu,Leukas (Ionian Islands) 213 Leukada - Λευκάς,38.81,20.717,polity
place,Sollium,3.95,388207FSol,Sollion? (Akarnania) 9 Pogonia - Σόλλιον,38.795,20.835,polity
place,Oeneon,3.95,384220UOin,Oineon (Phokis) 14 Klima Evpaliou/Magoula - Οινεών,38.4003,21.9936,polity
ethnic,Ophionians,3.96,385218ROph,Ophionians tribe (Aitolia) 4  - Οφιονέων,38.5,21.8,region/people
ethnic,Aetolians,3.96,386215RAit,Aitolia region (Aitolia) 1220 Aitolia - Αιτωλία,38.6,21.5,region/people
ethnic,Ophionians,3.96,385218ROph,Ophionians tribe (Aitolia) 4  - Οφιονέων,38.5,21.8,region/people
place,Nemea,3.96,378227SNem,Nemean Zeus sanct. (Korinthia) 215 Archaia Nemea - Νεμέα,37.8085,22.7108,sanctuary/temple
place,Potidania,3.96,384220UPot,Poteidania (Phokis) 9 Kambos - Ποτειδανία,38.4401,22.011,polity
place,Krokyle,3.96,385220UKro,Krokyleion (Phokis) 14 Philothei - Κροκύλειον,38.455,21.9699,polity
place,Tichium,3.96,385220FTei,Teichion (Phokis) 6 Tichio - Τείχιον,38.4877,21.9936,fortification
place,Eupalium,3.96,384219UEup,Eupalion (Phokis) 15 Efpalio - Ευπαλία,38.4153,21.9197,polity
place,Locris,3.96,384222ROzo,Ozolian Lokris region (Phokis) 125 S Phokida - Οζόλαι,38.4,22.2,region/people
place,Naupactus,3.96,384218UNau,Naupactus (Aitolia) 190 Navpaktos - Ναύπακτος,38.3997,21.8313,polity
place,Malian,3.96,389226WMal,Maliac Gulf (Phthiotis) 74 Maliac gulf - Μηλιακός κόλπος,38.8679,22.6338,sea/strait
ethnic,Messenians,3.97,372218RMes,Messenia region (Messenia) 700 Messinia - Μεσσηνία,37.2,21.8,region/people
ethnic,Aetolians,3.97,386215RAit,Aitolia region (Aitolia) 1220 Aitolia - Αιτωλία,38.6,21.5,region/people
ethnic,Athenians,3.97,380237PAth,Athens (Attica) 9448 Athina - Αθήναι,37.9718,23.72793,polity
demonym,Locrian,3.97,384222ROzo,Ozolian Lokris region (Phokis) 125 S Phokida - Οζόλαι,38.4,22.2,region/people
place,Aegitium,3.97,385222PAig,Aigition (Aitolia) 5 Aigitio/Strouza - Αιγίτιον,38.489,22.1594,polity
ethnic,Aetolians,3.98,386215RAit,Aitolia region (Aitolia) 1220 Aitolia - Αιτωλία,38.6,21.5,region/people
ethnic,Athenians,3.98,380237PAth,Athens (Attica) 9448 Athina - Αθήναι,37.9718,23.72793,polity
demonym,Messenian,3.98,372218RMes,Messenia region (Messenia) 700 Messinia - Μεσσηνία,37.2,21.8,region/people
place,Oeneon,3.98,384220UOin,Oineon (Phokis) 14 Klima Evpaliou/Magoula - Οινεών,38.4003,21.9936,polity
place,Locris,3.98,384222ROzo,Ozolian Lokris region (Phokis) 125 S Phokida - Οζόλαι,38.4,22.2,region/people
place,Naupactus,3.98,384218UNau,Naupactus (Aitolia) 190 Navpaktos - Ναύπακτος,38.3997,21.8313,polity
ethnic,Athenians,3.99,380237PAth,Athens (Attica) 9448 Athina - Αθήναι,37.9718,23.72793,polity
ethnic,Locrians,3.99,382162PLoc,Locris (Italy) 225 Locri - Λοκροί Επιζεφύριοι,38.216,16.229,polity
place,Sicily,3.99,376145RSic,Sicily region (Italy) 3245 Sicilia - Σικελία,37.6,14.5,region/people
place,Halex,3.99,379158WHal,Halex R. (Magna Graecia) 6 Alice - Άληξ,37.9207,15.7916,river
ethnic,Athenians,4.1,380237PAth,Athens (Attica) 9448 Athina - Αθήναι,37.9718,23.72793,polity
ethnic,Syracusans,4.1,371153PSyr,Syracuse (Sicily) 1628 Siracusa - Συράκουσαι,37.0639,15.293,polity
ethnic,Locrians,4.1,382162PLoc,Locris (Italy) 225 Locri - Λοκροί Επιζεφύριοι,38.216,16.229,polity
demonym,Rhegian,4.1,381156PRhe,Rhegion (Magna Graecia) 334 Reggio Calabria - Ρήγιον,38.109,15.644,polity
place,Messina,4.1,382156PMes,Zancle/Messana (Sicily) 290 Messina - Ζάγκλη,38.1923,15.5566,polity
place,Sicily,4.1,376145RSic,Sicily region (Italy) 3245 Sicilia - Σικελία,37.6,14.5,region/people
ethnic,Athenians,4.10,380237PAth,Athens (Attica) 9448 Athina - Αθήναι,37.9718,23.72793,polity
ethnic,Boeotians,4.100,384233RBoi,Boiotia region (Boeotia) 1673 Viotia - Βοιωτία,38.35,23.25,region/people
ethnic,Megarians,4.100,380233PMeg,Megara (Megarid) 713 Megara - Μέγαρα,37.997,23.34285,polity
demonym,Corinthian,4.100,379229PKor,Corinth/Korinthos (Korinthia) 1749 Archaia Korinthos - Κόρινθος,37.9054,22.8802,polity
demonym,Peloponnesian,4.100,375222RPel,Peloponnese (Hellas) 1736 Peloponisos - Πελοπόννησος,37.54,22.15,region/people
place,Malian,4.100,389226WMal,Maliac Gulf (Phthiotis) 74 Maliac gulf - Μηλιακός κόλπος,38.8679,22.6338,sea/strait
place,Nisaea,4.100,380234UNis,Nisaia (Attica) 79 Pachi - Νισαία,37.9764,23.364,polity
place,Delium,4.100,383237UDel,Delion sanct. (Boeotia) 95 Dilesi? - Δήλιον,38.34248,23.67398,sanctuary/temple
ethnic,Boeotians,4.101,384233RBoi,Boiotia region (Boeotia) 1673 Viotia - Βοιωτία,38.35,23.25,region/people
ethnic,Athenians,4.101,380237PAth,Athens (Attica) 9448 Athina - Αθήναι,37.9718,23.72793,polity
ethnic,Sicyonians,4.101,380227PSik,Sikyon (Korinthia) 619 Vasiliko - Σικυών,37.9834,22.7145,polity
ethnic,Odrysians,4.101,417265ROdr,Odrysians tribe (Evros) 86 Thrace - Οδρύσαι ,41.7,26.5,region/people
ethnic,Triballi,4.101,425220RTri,Triballoi (Balkans) 77 South Morava R. - Τριβαλλοί,42.5,22.0,region/people
ethnic,Odrysians,4.101,417265ROdr,Odrysians tribe (Evros) 86 Thrace - Οδρύσαι ,41.7,26.5,region/people
demonym,Acarnanian,4.101,388210RAka,Akarnania region (Akarnania) 435 Akarnania - Ακαρνανία,38.8,21.0,region/people
demonym,Agraean,4.101,389213RAgr,Agraiis tribe (Aitolia) 16 Sardinia - Αγραίοι,38.875,21.28,region/people
place,Delium,4.101,383237UDel,Delion sanct. (Boeotia) 95 Dilesi? - Δήλιον,38.34248,23.67398,sanctuary/temple
place,Siphae,4.101,382230PSip,Siphai (Boeotia) 23 Alyki - Σίφαι,38.1899,23.0515,polity
place,Delium,4.101,383237UDel,Delion sanct. (Boeotia) 95 Dilesi? - Δήλιον,38.34248,23.67398,sanctuary/temple
place,Thrace,4.101,410265RThr,Thrace region (Evros) 1818 Thraki - Θραίκη,41.0,26.5,region/people
ethnic,Edonians,4.102,408238UEdo,Edones tribe (Serres) 56 lower R. Strymon basin - Ηδώνες,40.9,23.9,region/people
ethnic,Athenians,4.102,380237PAth,Athens (Attica) 9448 Athina - Αθήναι,37.9718,23.72793,polity
ethnic,Thracians,4.102,410265RThr,Thrace region (Evros) 1818 Thraki - Θραίκη,41.0,26.5,region/people
ethnic,Edonians,4.102,408238UEdo,Edones tribe (Serres) 56 lower R. Strymon basin - Ηδώνες,40.9,23.9,region/people
place,Amphipolis,4.102,408238PAmp,Amphipolis (Serres) 247 Amphipolis - Αμφίπολις,40.822,23.847,polity
place,Strymon,4.102,408238WStr,Strymon R. (Serres) 155 Strymon - Στρυμών,40.7858,23.8489,river
place,Drabescus,4.102,409239UDra,Drabeskos (Serres) 9 Draveskos? - Δραβήσκος,40.9133,23.8636,polity
place,Nine Ways,4.102,408238UEnn,Ennea Hodoi (Serres) 17 N Amphipolis - Εννέα οδοί,40.8403,23.8556,polity
place,Eion,4.102,408239PEio,Eion (Serres) 45  mouth of Strymon - Ηιών,40.781,23.877,polity
person,Milesian,4.102,375273PMil,Miletus (Ionia) 729 Milet - Μίλητος,37.5292,27.2775,polity
ethnic,Chalcidians,4.103,405233RCha,Chalcidike region (Chalkidike) 90 Khalkidiki - Χαλκιδική,40.5,23.3,region/people
ethnic,Athenians,4.103,380237PAth,Athens (Attica) 9448 Athina - Αθήναι,37.9718,23.72793,polity
ethnic,Amphipolitans,4.103,408238PAmp,Amphipolis (Serres) 247 Amphipolis - Αμφίπολις,40.822,23.847,polity
demonym,Andrian,4.103,378248PAnd,Andros (Cyclades) 131 Palaiopolis - Άνδρος,37.8186,24.8279,polity
place,Arne,4.103,405236UArn,Arnai (Chalkidike) 1 Arnaia - Άρνη,40.5,23.582,polity
place,Chalcidice,4.103,405233RCha,Chalcidike region (Chalkidike) 90 Khalkidiki - Χαλκιδική,40.5,23.3,region/people
place,Aulon,4.103,408243UAul,Aulon? (Kavala) 3 Kepia? - Αυλών,40.888,24.204,polity
place,Bromiscus,4.103,407237PBor,Bormiskos (Thessaloniki) 8 near Kato Stavros - Βορμίσκος,40.6769,23.6781,polity
place,Bolbe,4.103,407235WBol,Bolbe (Thessaloniki) 19 Lake Volvi - Βόλβη,40.67,23.5,lake
place,Argilus,4.103,408238PArg,Argilos (Serres) 20 SW Nea Kerdylia - Άργιλος,40.7801,23.8168,polity
place,Argilus,4.103,408238PArg,Argilos (Serres) 20 SW Nea Kerdylia - Άργιλος,40.7801,23.8168,polity
place,Argilus,4.103,408238PArg,Argilos (Serres) 20 SW Nea Kerdylia - Άργιλος,40.7801,23.8168,polity
demonym,Parian,4.104,371252PPar,Paros (Cyclades) 193 Parikia - Πάρος,37.0844,25.1483,polity
place,Athens,4.104,380237PAth,Athens (Attica) 9448 Athina - Αθήναι,37.9718,23.72793,polity
place,Thrace,4.104,410265RThr,Thrace region (Evros) 1818 Thraki - Θραίκη,41.0,26.5,region/people
place,Thasos,4.104,408247PTha,Thasos (Macedonia) 260 Thasos - Θάσος,40.7799,24.7138,polity
place,Amphipolis,4.104,408238PAmp,Amphipolis (Serres) 247 Amphipolis - Αμφίπολις,40.822,23.847,polity
place,Eion,4.104,408239PEio,Eion (Serres) 45  mouth of Strymon - Ηιών,40.781,23.877,polity
ethnic,Amphipolitans,4.105,408238PAmp,Amphipolis (Serres) 247 Amphipolis - Αμφίπολις,40.822,23.847,polity
ethnic,Athenians,4.105,380237PAth,Athens (Attica) 9448 Athina - Αθήναι,37.9718,23.72793,polity
place,Thasos,4.105,408247PTha,Thasos (Macedonia) 260 Thasos - Θάσος,40.7799,24.7138,polity
place,Thrace,4.105,410265RThr,Thrace region (Evros) 1818 Thraki - Θραίκη,41.0,26.5,region/people
ethnic,Athenians,4.106,380237PAth,Athens (Attica) 9448 Athina - Αθήναι,37.9718,23.72793,polity
place,Eion,4.106,408239PEio,Eion (Serres) 45  mouth of Strymon - Ηιών,40.781,23.877,polity
place,Amphipolis,4.106,408238PAmp,Amphipolis (Serres) 247 Amphipolis - Αμφίπολις,40.822,23.847,polity
place,Eion,4.106,408239PEio,Eion (Serres) 45  mouth of Strymon - Ηιών,40.781,23.877,polity
demonym,Edonian,4.107,408238UEdo,Edones tribe (Serres) 56 lower R. Strymon basin - Ηδώνες,40.9,23.9,region/people
demonym,Edonian,4.107,408238UEdo,Edones tribe (Serres) 56 lower R. Strymon basin - Ηδώνες,40.9,23.9,region/people
demonym,Thasian,4.107,408247PTha,Thasos (Macedonia) 260 Thasos - Θάσος,40.7799,24.7138,polity
place,Eion,4.107,408239PEio,Eion (Serres) 45  mouth of Strymon - Ηιών,40.781,23.877,polity
place,Eion,4.107,408239PEio,Eion (Serres) 45  mouth of Strymon - Ηιών,40.781,23.877,polity
place,Amphipolis,4.107,408238PAmp,Amphipolis (Serres) 247 Amphipolis - Αμφίπολις,40.822,23.847,polity
place,Myrcinus,4.107,409238PMyr,Myrkinos (Serres) 16 Myrkinos - Μύρκινος,40.9072,23.8195,polity
place,Galepsus,4.107,407240PGal,Galepsos (Kavala) 20 near Karyani - Γάληψος,40.7404,23.986,polity
ethnic,Thessalians,4.108,394223RThs,Thessaly region (Hellas) 1628 Thessalia - Θεσσαλία,39.4,22.3,region/people
ethnic,Lacedaemonians,4.108,371224PSpa,Sparta/Lacedaemon (Lakonia) 5559 Sparti - Σπάρτα,37.0821,22.4237,polity
ethnic,Athenians,4.108,380237PAth,Athens (Attica) 9448 Athina - Αθήναι,37.9718,23.72793,polity
place,Amphipolis,4.108,408238PAmp,Amphipolis (Serres) 247 Amphipolis - Αμφίπολις,40.822,23.847,polity
place,Strymon,4.108,408238WStr,Strymon R. (Serres) 155 Strymon - Στρυμών,40.7858,23.8489,river
place,Eion,4.108,408239PEio,Eion (Serres) 45  mouth of Strymon - Ηιών,40.781,23.877,polity
place,Boeotia,4.108,384233RBoi,Boiotia region (Boeotia) 1673 Viotia - Βοιωτία,38.35,23.25,region/people
place,Nisaea,4.108,380234UNis,Nisaia (Attica) 79 Pachi - Νισαία,37.9764,23.364,polity
ethnic,Megarians,4.109,380233PMeg,Megara (Megarid) 713 Megara - Μέγαρα,37.997,23.34285,polity
ethnic,Athenians,4.109,380237PAth,Athens (Attica) 9448 Athina - Αθήναι,37.9718,23.72793,polity
ethnic,Bisaltians,4.109,410232RBis,Bisaltia region (Serres) 63 lower R. Strymon basin - Βισαλτία,41.0,23.2,region/people
ethnic,Crestonians,4.109,408230RKre,Krestonia region (Kilkis) 29 N Thessaloniki - Κρήστων,40.84,23.0,region/people
ethnic,Edonians,4.109,408238UEdo,Edones tribe (Serres) 56 lower R. Strymon basin - Ηδώνες,40.9,23.9,region/people
demonym,Andrian,4.109,378248PAnd,Andros (Cyclades) 131 Palaiopolis - Άνδρος,37.8186,24.8279,polity
demonym,Chalcidian,4.109,405233RCha,Chalcidike region (Chalkidike) 90 Khalkidiki - Χαλκιδική,40.5,23.3,region/people
place,Amphipolis,4.109,408238PAmp,Amphipolis (Serres) 247 Amphipolis - Αμφίπολις,40.822,23.847,polity
place,Athos,4.109,402243LAth,Athos (Chalkidike) 150 Athos - Άθως,40.158,24.327,region/people
place,Aegean sea,4.109,381253WAeg,Aegean Sea (Hellas) 235 Aegean - Αιγαίον πέλαγος,38.1,25.3,sea/strait
place,Sane,4.109,404239USan,Sane/Ouranoupolis (Chalkidike) 12 Tripiti - Ουρανόπολις,40.3655,23.9168,polity
place,Euboea,4.109,385239IEub,Euboia (Euboea) 740 Evia - Εύβοια,38.53,23.87,island
place,Thyssus,4.109,403242PThy,Thyssos (Chalkidike) 10 Skala Zographou - Θυσσός,40.288,24.1587,polity
place,Cleone,4.109,402242UKle,Kleonai (Chalkidike) 10 Daphne? - Κλεωναί,40.2142,24.2337,polity
place,Acrothoi,4.109,402243PAkr,Akrothooi (Chalkidike) 11 NE Mt. Athos - Ακρόθωοι,40.17,24.38,polity
place,Olophyxus,4.109,403242POlo,Olophyxos (Chalkidike) 15 Akte? - Ολόφυξος,40.3126,24.209,polity
place,Dium,4.109,404242PDio,Dion (Chalkidike) 18 Esfigmenou monastery? - Δίον,40.3559,24.1564,polity
place,Lemnos,4.109,399253ILem,Lemnos (Aegean) 341 Lemnos - Λήμνος,39.93,25.21,island
place,Sane,4.109,404239USan,Sane/Ouranoupolis (Chalkidike) 12 Tripiti - Ουρανόπολις,40.3655,23.9168,polity
place,Dium,4.109,404242PDio,Dion (Chalkidike) 18 Esfigmenou monastery? - Δίον,40.3559,24.1564,polity
ethnic,Athenians,4.11,380237PAth,Athens (Attica) 9448 Athina - Αθήναι,37.9718,23.72793,polity
ethnic,Lacedaemonians,4.11,371224PSpa,Sparta/Lacedaemon (Lakonia) 5559 Sparti - Σπάρτα,37.0821,22.4237,polity
ethnic,Athenians,4.110,380237PAth,Athens (Attica) 9448 Athina - Αθήναι,37.9718,23.72793,polity
place,Torone,4.110,400239PTor,Torone (Chalkidike) 82 Toroni - Τορώνη,39.9764,23.9013,polity
place,Chalcidice,4.110,405233RCha,Chalcidike region (Chalkidike) 90 Khalkidiki - Χαλκιδική,40.5,23.3,region/people
place,Torone,4.110,400239PTor,Torone (Chalkidike) 82 Toroni - Τορώνη,39.9764,23.9013,polity
place,Canastraeum,4.110,398238LKan,Kanastraion cape (Chalkidike) 30 Cape Paliouri - Κάναστρον,39.916,23.75,cape
person,Olynthian,4.110,403234POly,Olynthos (Chalkidike) 226 Nea Olynthos - Ολυνθος,40.2963,23.354,polity
ethnic,Toronaeans,4.111,400239PTor,Torone (Chalkidike) 82 Toroni - Τορώνη,39.9764,23.9013,polity
ethnic,Toronaeans,4.113,400239PTor,Torone (Chalkidike) 82 Toroni - Τορώνη,39.9764,23.9013,polity
ethnic,Toronaeans,4.113,400239PTor,Torone (Chalkidike) 82 Toroni - Τορώνη,39.9764,23.9013,polity
demonym,Athenian,4.113,380237PAth,Athens (Attica) 9448 Athina - Αθήναι,37.9718,23.72793,polity
ethnic,Toronaeans,4.114,400239PTor,Torone (Chalkidike) 82 Toroni - Τορώνη,39.9764,23.9013,polity
ethnic,Athenians,4.114,380237PAth,Athens (Attica) 9448 Athina - Αθήναι,37.9718,23.72793,polity
ethnic,Toronaeans,4.114,400239PTor,Torone (Chalkidike) 82 Toroni - Τορώνη,39.9764,23.9013,polity
ethnic,Lacedaemonians,4.114,371224PSpa,Sparta/Lacedaemon (Lakonia) 5559 Sparti - Σπάρτα,37.0821,22.4237,polity
demonym,Chalcidian,4.114,405233RCha,Chalcidike region (Chalkidike) 90 Khalkidiki - Χαλκιδική,40.5,23.3,region/people
place,Acanthus,4.114,404239PAka,Akanthos (Chalkidike) 69 Ierissos - Άκανθος,40.392,23.888,polity
place,Torone,4.114,400239PTor,Torone (Chalkidike) 82 Toroni - Τορώνη,39.9764,23.9013,polity
ethnic,Athenians,4.115,380237PAth,Athens (Attica) 9448 Athina - Αθήναι,37.9718,23.72793,polity
ethnic,Athenians,4.116,380237PAth,Athens (Attica) 9448 Athina - Αθήναι,37.9718,23.72793,polity
place,Pallene,4.116,400236LPal,Pallene/Phlegra (Chalkidike) 112 Pallini - Παλλήνη,40.06,23.41,region/people
ethnic,Lacedaemonians,4.117,371224PSpa,Sparta/Lacedaemon (Lakonia) 5559 Sparti - Σπάρτα,37.0821,22.4237,polity
ethnic,Athenians,4.117,380237PAth,Athens (Attica) 9448 Athina - Αθήναι,37.9718,23.72793,polity
place,Chalcidice,4.117,405233RCha,Chalcidike region (Chalkidike) 90 Khalkidiki - Χαλκιδική,40.5,23.3,region/people
place,Chalcidice,4.117,405233RCha,Chalcidike region (Chalkidike) 90 Khalkidiki - Χαλκιδική,40.5,23.3,region/people
ethnic,Lacedaemonians,4.118,371224PSpa,Sparta/Lacedaemon (Lakonia) 5559 Sparti - Σπάρτα,37.0821,22.4237,polity
ethnic,Boeotians,4.118,384233RBoi,Boiotia region (Boeotia) 1673 Viotia - Βοιωτία,38.35,23.25,region/people
ethnic,Phocians,4.118,386227RPho,Phokis region (Central Greece) 781 Phokida - Φωκίς,38.6,22.7,region/people
ethnic,Athenians,4.118,380237PAth,Athens (Attica) 9448 Athina - Αθήναι,37.9718,23.72793,polity
ethnic,Megarians,4.118,380233PMeg,Megara (Megarid) 713 Megara - Μέγαρα,37.997,23.34285,polity
demonym,Peloponnesian,4.118,375222RPel,Peloponnese (Hellas) 1736 Peloponisos - Πελοπόννησος,37.54,22.15,region/people
place,Coryphasium,4.118,370217LKor,Koryphasion cape (Messenia) 65 Akr. Koryphasiou - Κορυφάσιον,36.951,21.658,cape
place,Cythera,4.118,363230PKyt,Cythera (Kythera) 136 Paleokastro - Κύθηρα,36.2295,23.0291,polity
place,Nisaea,4.118,380234UNis,Nisaia (Attica) 79 Pachi - Νισαία,37.9764,23.364,polity
place,Minoa,4.118,380234IMin,Minoa (Attica) 14 Pachi - Μινώα,37.9786,23.3545,island
place,Minoa,4.118,380234IMin,Minoa (Attica) 14 Pachi - Μινώα,37.9786,23.3545,island
place,Troezen,4.118,375234PTro,Troizen (Troizenia) 220 Damala - Τροιζήν,37.5033,23.3484,polity
ethnic,Lacedaemonians,4.119,371224PSpa,Sparta/Lacedaemon (Lakonia) 5559 Sparti - Σπάρτα,37.0821,22.4237,polity
ethnic,Athenians,4.119,380237PAth,Athens (Attica) 9448 Athina - Αθήναι,37.9718,23.72793,polity
ethnic,Corinthians,4.119,379229PKor,Corinth/Korinthos (Korinthia) 1749 Archaia Korinthos - Κόρινθος,37.9054,22.8802,polity
ethnic,Sicyonians,4.119,380227PSik,Sikyon (Korinthia) 619 Vasiliko - Σικυών,37.9834,22.7145,polity
ethnic,Megarians,4.119,380233PMeg,Megara (Megarid) 713 Megara - Μέγαρα,37.997,23.34285,polity
person,Epidaurian,4.119,376232PEpi,Epidauros (Argolid) 206 Archaia Epidauros - Επίδαυρος,37.6331,23.1617,polity
ethnic,Athenians,4.12,380237PAth,Athens (Attica) 9448 Athina - Αθήναι,37.9718,23.72793,polity
ethnic,Lacedaemonians,4.12,371224PSpa,Sparta/Lacedaemon (Lakonia) 5559 Sparti - Σπάρτα,37.0821,22.4237,polity
demonym,Laconian,4.12,370225RLak,Lakonia region (Peloponnese) 790 Lakonia - Λακωνική,37.001,22.5,region/people
ethnic,Scionaeans,4.120,399236PSki,Skione (Chalkidike) 79 Nea Skioni - Σκιώνη,39.93675,23.56402,polity
ethnic,Pallenians,4.120,380225PPel,Pellene (Korinthia) 135 Pellini - Πελλήνη,38.0446,22.5384,polity
ethnic,Achaeans,4.120,382219RAch,Achaea region (Achaia) 1800 Achaia - Αχαΐα,38.2,21.9,region/people
ethnic,Scionaeans,4.120,399236PSki,Skione (Chalkidike) 79 Nea Skioni - Σκιώνη,39.93675,23.56402,polity
ethnic,Scionaeans,4.120,399236PSki,Skione (Chalkidike) 79 Nea Skioni - Σκιώνη,39.93675,23.56402,polity
ethnic,Lacedaemonians,4.120,371224PSpa,Sparta/Lacedaemon (Lakonia) 5559 Sparti - Σπάρτα,37.0821,22.4237,polity
demonym,Athenian,4.120,380237PAth,Athens (Attica) 9448 Athina - Αθήναι,37.9718,23.72793,polity
place,Scione,4.120,399236PSki,Skione (Chalkidike) 79 Nea Skioni - Σκιώνη,39.93675,23.56402,polity
place,Pallene,4.120,400236LPal,Pallene/Phlegra (Chalkidike) 112 Pallini - Παλλήνη,40.06,23.41,region/people
place,Peloponnese,4.120,375222RPel,Peloponnese (Hellas) 1736 Peloponisos - Πελοπόννησος,37.54,22.15,region/people
place,Troy,4.120,400262UIli,Troy/Ilion (Troad) 3316 Truva - Τροίη,39.9575,26.2389,polity
place,Scione,4.120,399236PSki,Skione (Chalkidike) 79 Nea Skioni - Σκιώνη,39.93675,23.56402,polity
place,Acanthus,4.120,404239PAka,Akanthos (Chalkidike) 69 Ierissos - Άκανθος,40.392,23.888,polity
place,Torone,4.120,400239PTor,Torone (Chalkidike) 82 Toroni - Τορώνη,39.9764,23.9013,polity
place,Potidaea,4.120,402233UPot,Poteidaia/Kassandreia (Chalkidike) 167 Nea Potidaia - Κασάνδρεια,40.1937,23.3278,polity
ethnic,Scionaeans,4.121,399236PSki,Skione (Chalkidike) 79 Nea Skioni - Σκιώνη,39.93675,23.56402,polity
ethnic,Scionaeans,4.121,399236PSki,Skione (Chalkidike) 79 Nea Skioni - Σκιώνη,39.93675,23.56402,polity
ethnic,Athenians,4.121,380237PAth,Athens (Attica) 9448 Athina - Αθήναι,37.9718,23.72793,polity
place,Mende,4.121,400234PMen,Mende (Chalkidike) 84 Kalandra - Μένδη,39.964,23.419,polity
place,Potidaea,4.121,402233UPot,Poteidaia/Kassandreia (Chalkidike) 167 Nea Potidaia - Κασάνδρεια,40.1937,23.3278,polity
place,Scione,4.121,399236PSki,Skione (Chalkidike) 79 Nea Skioni - Σκιώνη,39.93675,23.56402,polity
ethnic,Athenians,4.122,380237PAth,Athens (Attica) 9448 Athina - Αθήναι,37.9718,23.72793,polity
ethnic,Lacedaemonians,4.122,371224PSpa,Sparta/Lacedaemon (Lakonia) 5559 Sparti - Σπάρτα,37.0821,22.4237,polity
ethnic,Scionaeans,4.122,399236PSki,Skione (Chalkidike) 79 Nea Skioni - Σκιώνη,39.93675,23.56402,polity
ethnic,Scionaeans,4.122,399236PSki,Skione (Chalkidike) 79 Nea Skioni - Σκιώνη,39.93675,23.56402,polity
ethnic,Scionaeans,4.122,399236PSki,Skione (Chalkidike) 79 Nea Skioni - Σκιώνη,39.93675,23.56402,polity
place,Torone,4.122,400239PTor,Torone (Chalkidike) 82 Toroni - Τορώνη,39.9764,23.9013,polity
place,Thrace,4.122,410265RThr,Thrace region (Evros) 1818 Thraki - Θραίκη,41.0,26.5,region/people
place,Scione,4.122,399236PSki,Skione (Chalkidike) 79 Nea Skioni - Σκιώνη,39.93675,23.56402,polity
ethnic,Eretrians,4.123,384238PEre,Eretria (Euboea) 227 Eretria - Ερέτρια,38.3982,23.7905,polity
ethnic,Athenians,4.123,380237PAth,Athens (Attica) 9448 Athina - Αθήναι,37.9718,23.72793,polity
ethnic,Scionaeans,4.123,399236PSki,Skione (Chalkidike) 79 Nea Skioni - Σκιώνη,39.93675,23.56402,polity
ethnic,Mendaeans,4.123,400234PMen,Mende (Chalkidike) 84 Kalandra - Μένδη,39.964,23.419,polity
demonym,Peloponnesian,4.123,375222RPel,Peloponnese (Hellas) 1736 Peloponisos - Πελοπόννησος,37.54,22.15,region/people
demonym,Chalcidian,4.123,405233RCha,Chalcidike region (Chalkidike) 90 Khalkidiki - Χαλκιδική,40.5,23.3,region/people
place,Mende,4.123,400234PMen,Mende (Chalkidike) 84 Kalandra - Μένδη,39.964,23.419,polity
place,Pallene,4.123,400236LPal,Pallene/Phlegra (Chalkidike) 112 Pallini - Παλλήνη,40.06,23.41,region/people
place,Mende,4.123,400234PMen,Mende (Chalkidike) 84 Kalandra - Μένδη,39.964,23.419,polity
place,Scione,4.123,399236PSki,Skione (Chalkidike) 79 Nea Skioni - Σκιώνη,39.93675,23.56402,polity
place,Mende,4.123,400234PMen,Mende (Chalkidike) 84 Kalandra - Μένδη,39.964,23.419,polity
place,Olynthus,4.123,403234POly,Olynthos (Chalkidike) 226 Nea Olynthos - Ολυνθος,40.2963,23.354,polity
place,Chalcidice,4.123,405233RCha,Chalcidike region (Chalkidike) 90 Khalkidiki - Χαλκιδική,40.5,23.3,region/people
ethnic,Peloponnesians,4.124,375222RPel,Peloponnese (Hellas) 1736 Peloponisos - Πελοπόννησος,37.54,22.15,region/people
ethnic,Chalcidians,4.124,405233RCha,Chalcidike region (Chalkidike) 90 Khalkidiki - Χαλκιδική,40.5,23.3,region/people
ethnic,Acanthians,4.124,404239PAka,Akanthos (Chalkidike) 69 Ierissos - Άκανθος,40.392,23.888,polity
ethnic,Chalcidians,4.124,405233RCha,Chalcidike region (Chalkidike) 90 Khalkidiki - Χαλκιδική,40.5,23.3,region/people
ethnic,Lyncestians,4.124,410214RLyn,Lynkos region (Macedonia) 63 upper Crna valley - Λύγκος,40.97,21.36,region/people
ethnic,Athenians,4.124,380237PAth,Athens (Attica) 9448 Athina - Αθήναι,37.9718,23.72793,polity
ethnic,Illyrians,4.124,405195RIll,Illyria region (Albania) 939 Albania - Ιλλυρία,40.8,19.8,region/people
demonym,Macedonian,4.124,408225RMak,Macedonia region (Greece) 3609 Makedonia - Μακεδονία,40.81,22.5,region/people
place,Lyncus,4.124,410214RLyn,Lynkos region (Macedonia) 63 upper Crna valley - Λύγκος,40.97,21.36,region/people
place,Mende,4.124,400234PMen,Mende (Chalkidike) 84 Kalandra - Μένδη,39.964,23.419,polity
ethnic,Illyrians,4.125,405195RIll,Illyria region (Albania) 939 Albania - Ιλλυρία,40.8,19.8,region/people
ethnic,Macedonians,4.125,408225RMak,Macedonia region (Greece) 3609 Makedonia - Μακεδονία,40.81,22.5,region/people
ethnic,Peloponnesians,4.126,375222RPel,Peloponnese (Hellas) 1736 Peloponisos - Πελοπόννησος,37.54,22.15,region/people
ethnic,Macedonians,4.126,408225RMak,Macedonia region (Greece) 3609 Makedonia - Μακεδονία,40.81,22.5,region/people
ethnic,Peloponnesians,4.127,375222RPel,Peloponnese (Hellas) 1736 Peloponisos - Πελοπόννησος,37.54,22.15,region/people
ethnic,Macedonians,4.127,408225RMak,Macedonia region (Greece) 3609 Makedonia - Μακεδονία,40.81,22.5,region/people
ethnic,Macedonians,4.128,408225RMak,Macedonia region (Greece) 3609 Makedonia - Μακεδονία,40.81,22.5,region/people
ethnic,Peloponnesians,4.128,375222RPel,Peloponnese (Hellas) 1736 Peloponisos - Πελοπόννησος,37.54,22.15,region/people
ethnic,Athenians,4.128,380237PAth,Athens (Attica) 9448 Athina - Αθήναι,37.9718,23.72793,polity
place,Arnisa,4.128,406217UArn,Arnisa (Florina) 4 near Vegora - Άρνισα,40.6458,21.7004,polity
ethnic,Athenians,4.129,380237PAth,Athens (Attica) 9448 Athina - Αθήναι,37.9718,23.72793,polity
ethnic,Mendaeans,4.129,400234PMen,Mende (Chalkidike) 84 Kalandra - Μένδη,39.964,23.419,polity
ethnic,Chians,4.129,384261PChi,Chios polis (Chios) 602 Khios - Χίος,38.3764,26.1342,polity
ethnic,Scionaeans,4.129,399236PSki,Skione (Chalkidike) 79 Nea Skioni - Σκιώνη,39.93675,23.56402,polity
ethnic,Peloponnesians,4.129,375222RPel,Peloponnese (Hellas) 1736 Peloponisos - Πελοπόννησος,37.54,22.15,region/people
ethnic,Methonaeans,4.129,404226UMet,Methone (Pieria) 51 N Nea Agathoupolis - Μεθώνη,40.4674,22.5836,polity
ethnic,Mendaeans,4.129,400234PMen,Mende (Chalkidike) 84 Kalandra - Μένδη,39.964,23.419,polity
ethnic,Mendaeans,4.129,400234PMen,Mende (Chalkidike) 84 Kalandra - Μένδη,39.964,23.419,polity
place,Macedonia,4.129,408225RMak,Macedonia region (Greece) 3609 Makedonia - Μακεδονία,40.81,22.5,region/people
place,Torone,4.129,400239PTor,Torone (Chalkidike) 82 Toroni - Τορώνη,39.9764,23.9013,polity
place,Mende,4.129,400234PMen,Mende (Chalkidike) 84 Kalandra - Μένδη,39.964,23.419,polity
place,Pallene,4.129,400236LPal,Pallene/Phlegra (Chalkidike) 112 Pallini - Παλλήνη,40.06,23.41,region/people
place,Torone,4.129,400239PTor,Torone (Chalkidike) 82 Toroni - Τορώνη,39.9764,23.9013,polity
place,Lyncus,4.129,410214RLyn,Lynkos region (Macedonia) 63 upper Crna valley - Λύγκος,40.97,21.36,region/people
place,Mende,4.129,400234PMen,Mende (Chalkidike) 84 Kalandra - Μένδη,39.964,23.419,polity
place,Scione,4.129,399236PSki,Skione (Chalkidike) 79 Nea Skioni - Σκιώνη,39.93675,23.56402,polity
place,Potidaea,4.129,402233UPot,Poteidaia/Kassandreia (Chalkidike) 167 Nea Potidaia - Κασάνδρεια,40.1937,23.3278,polity
place,sanctuary,4.129,399234SPos,"Poseidon sanctuary (Chalkidike) 4 Posidi, Kasandras - Ποσείδιον",39.958,23.365,sanctuary/temple
place,Mende,4.129,400234PMen,Mende (Chalkidike) 84 Kalandra - Μένδη,39.964,23.419,polity
ethnic,Peloponnesians,4.13,375222RPel,Peloponnese (Hellas) 1736 Peloponisos - Πελοπόννησος,37.54,22.15,region/people
ethnic,Lacedaemonians,4.13,371224PSpa,Sparta/Lacedaemon (Lakonia) 5559 Sparti - Σπάρτα,37.0821,22.4237,polity
demonym,Athenian,4.13,380237PAth,Athens (Attica) 9448 Athina - Αθήναι,37.9718,23.72793,polity
demonym,Chian,4.13,384261PChi,Chios polis (Chios) 602 Khios - Χίος,38.3764,26.1342,polity
place,Asine,4.13,367222PAsi,Asine? (Messenia) 43 Koroni - Ασίνη,36.794,21.961,polity
place,Zacynthus,4.13,378209PZak,Zacynthus (Ionian Islands) 123 Zakynthos - Ζάκυνθος,37.7872,20.8921,polity
place,Naupactus,4.13,384218UNau,Naupactus (Aitolia) 190 Navpaktos - Ναύπακτος,38.3997,21.8313,polity
place,Prote,4.13,371216IPro,Prote (Messenia) 10 Proti - Πρωτή,37.042,21.5547,island
ethnic,Athenians,4.130,380237PAth,Athens (Attica) 9448 Athina - Αθήναι,37.9718,23.72793,polity
ethnic,Scionaeans,4.130,399236PSki,Skione (Chalkidike) 79 Nea Skioni - Σκιώνη,39.93675,23.56402,polity
ethnic,Mendaeans,4.130,400234PMen,Mende (Chalkidike) 84 Kalandra - Μένδη,39.964,23.419,polity
ethnic,Mendaeans,4.130,400234PMen,Mende (Chalkidike) 84 Kalandra - Μένδη,39.964,23.419,polity
ethnic,Peloponnesians,4.130,375222RPel,Peloponnese (Hellas) 1736 Peloponisos - Πελοπόννησος,37.54,22.15,region/people
ethnic,Mendaeans,4.130,400234PMen,Mende (Chalkidike) 84 Kalandra - Μένδη,39.964,23.419,polity
place,Scione,4.130,399236PSki,Skione (Chalkidike) 79 Nea Skioni - Σκιώνη,39.93675,23.56402,polity
place,Scione,4.130,399236PSki,Skione (Chalkidike) 79 Nea Skioni - Σκιώνη,39.93675,23.56402,polity
place,Potidaea,4.130,402233UPot,Poteidaia/Kassandreia (Chalkidike) 167 Nea Potidaia - Κασάνδρεια,40.1937,23.3278,polity
place,Mende,4.130,400234PMen,Mende (Chalkidike) 84 Kalandra - Μένδη,39.964,23.419,polity
place,Mende,4.130,400234PMen,Mende (Chalkidike) 84 Kalandra - Μένδη,39.964,23.419,polity
place,Scione,4.130,399236PSki,Skione (Chalkidike) 79 Nea Skioni - Σκιώνη,39.93675,23.56402,polity
ethnic,Scionaeans,4.131,399236PSki,Skione (Chalkidike) 79 Nea Skioni - Σκιώνη,39.93675,23.56402,polity
ethnic,Peloponnesians,4.131,375222RPel,Peloponnese (Hellas) 1736 Peloponisos - Πελοπόννησος,37.54,22.15,region/people
ethnic,Athenians,4.131,380237PAth,Athens (Attica) 9448 Athina - Αθήναι,37.9718,23.72793,polity
place,Mende,4.131,400234PMen,Mende (Chalkidike) 84 Kalandra - Μένδη,39.964,23.419,polity
place,Scione,4.131,399236PSki,Skione (Chalkidike) 79 Nea Skioni - Σκιώνη,39.93675,23.56402,polity
ethnic,Athenians,4.132,380237PAth,Athens (Attica) 9448 Athina - Αθήναι,37.9718,23.72793,polity
ethnic,Peloponnesians,4.132,375222RPel,Peloponnese (Hellas) 1736 Peloponisos - Πελοπόννησος,37.54,22.15,region/people
ethnic,Thessalians,4.132,394223RThs,Thessaly region (Hellas) 1628 Thessalia - Θεσσαλία,39.4,22.3,region/people
ethnic,Lacedaemonians,4.132,371224PSpa,Sparta/Lacedaemon (Lakonia) 5559 Sparti - Σπάρτα,37.0821,22.4237,polity
place,Scione,4.132,399236PSki,Skione (Chalkidike) 79 Nea Skioni - Σκιώνη,39.93675,23.56402,polity
place,Lyncus,4.132,410214RLyn,Lynkos region (Macedonia) 63 upper Crna valley - Λύγκος,40.97,21.36,region/people
place,Amphipolis,4.132,408238PAmp,Amphipolis (Serres) 247 Amphipolis - Αμφίπολις,40.822,23.847,polity
place,Torone,4.132,400239PTor,Torone (Chalkidike) 82 Toroni - Τορώνη,39.9764,23.9013,polity
ethnic,Thebans,4.133,383233PThe,Thebes (Boeotia) 2611 Thiva - Θήβαι,38.3191,23.3178,polity
ethnic,Thespians,4.133,383232PThe,Thespiai (Boeotia) 230 Thespies - Θεσπιαί,38.2935,23.1549,polity
ethnic,Athenians,4.133,380237PAth,Athens (Attica) 9448 Athina - Αθήναι,37.9718,23.72793,polity
ethnic,Argives,4.133,376227PArg,Argos (Argolid) 2457 Argos - Άργος,37.63091,22.72079,polity
place,Phlius,4.133,378226PPhl,Phlious (Korinthia) 219 Nemea - Φλιούς,37.846,22.648,polity
place,Scione,4.133,399236PSki,Skione (Chalkidike) 79 Nea Skioni - Σκιώνη,39.93675,23.56402,polity
ethnic,Athenians,4.134,380237PAth,Athens (Attica) 9448 Athina - Αθήναι,37.9718,23.72793,polity
ethnic,Lacedaemonians,4.134,371224PSpa,Sparta/Lacedaemon (Lakonia) 5559 Sparti - Σπάρτα,37.0821,22.4237,polity
ethnic,Mantineans,4.134,376224UMan,Mantineia (Arkadia) 400 Mantineia - Μαντίνεια,37.6181,22.3933,polity
ethnic,Tegeans,4.134,375224PTeg,Tegea (Arkadia) 363 Piali/Episkopi - Τεγέα,37.464,22.429,polity
place,Oresthid,4.134,373222POre,Oresthasion (Arkadia) 27 Anemodouri - Ορεσθάσιον,37.3524,22.2181,polity
place,Delphi,4.134,385225SDel,"Delphic Oracle, Pytho (Delphi) 1539 Delphous - Δελφοί",38.48264,22.50108,sanctuary/temple
place,Potidaea,4.135,402233UPot,Poteidaia/Kassandreia (Chalkidike) 167 Nea Potidaia - Κασάνδρεια,40.1937,23.3278,polity
ethnic,Athenians,4.14,380237PAth,Athens (Attica) 9448 Athina - Αθήναι,37.9718,23.72793,polity
ethnic,Lacedaemonians,4.14,371224PSpa,Sparta/Lacedaemon (Lakonia) 5559 Sparti - Σπάρτα,37.0821,22.4237,polity
ethnic,Peloponnesians,4.14,375222RPel,Peloponnese (Hellas) 1736 Peloponisos - Πελοπόννησος,37.54,22.15,region/people
place,Pylos,4.14,370217UPyl,Pylos/Koryphasion cape (Messenia) 112 Akr. Koryphasiou - Πύλος,36.9517,21.66,polity
ethnic,Lacedaemonians,4.15,371224PSpa,Sparta/Lacedaemon (Lakonia) 5559 Sparti - Σπάρτα,37.0821,22.4237,polity
demonym,Athenian,4.15,380237PAth,Athens (Attica) 9448 Athina - Αθήναι,37.9718,23.72793,polity
place,Pylos,4.15,370217UPyl,Pylos/Koryphasion cape (Messenia) 112 Akr. Koryphasiou - Πύλος,36.9517,21.66,polity
ethnic,Lacedaemonians,4.16,371224PSpa,Sparta/Lacedaemon (Lakonia) 5559 Sparti - Σπάρτα,37.0821,22.4237,polity
ethnic,Athenians,4.16,380237PAth,Athens (Attica) 9448 Athina - Αθήναι,37.9718,23.72793,polity
demonym,Peloponnesian,4.16,375222RPel,Peloponnese (Hellas) 1736 Peloponisos - Πελοπόννησος,37.54,22.15,region/people
place,Pylos,4.16,370217UPyl,Pylos/Koryphasion cape (Messenia) 112 Akr. Koryphasiou - Πύλος,36.9517,21.66,polity
place,Laconia,4.16,370225RLak,Lakonia region (Peloponnese) 790 Lakonia - Λακωνική,37.001,22.5,region/people
ethnic,Athenians,4.17,380237PAth,Athens (Attica) 9448 Athina - Αθήναι,37.9718,23.72793,polity
ethnic,Lacedaemonians,4.17,371224PSpa,Sparta/Lacedaemon (Lakonia) 5559 Sparti - Σπάρτα,37.0821,22.4237,polity
ethnic,Lacedaemonians,4.19,371224PSpa,Sparta/Lacedaemon (Lakonia) 5559 Sparti - Σπάρτα,37.0821,22.4237,polity
ethnic,Peloponnesians,4.2,375222RPel,Peloponnese (Hellas) 1736 Peloponisos - Πελοπόννησος,37.54,22.15,region/people
ethnic,Lacedaemonians,4.2,371224PSpa,Sparta/Lacedaemon (Lakonia) 5559 Sparti - Σπάρτα,37.0821,22.4237,polity
ethnic,Athenians,4.2,380237PAth,Athens (Attica) 9448 Athina - Αθήναι,37.9718,23.72793,polity
ethnic,Corcyraeans,4.2,396199PKer,Corcyra (Ionian Islands) 405 Kerkyra/Corfu - Κέρκυρα,39.6063,19.9156,polity
place,Attica,4.2,379239RAtt,Attica region (Hellas) 1518 Attiki - Αττική,37.9,23.9,region/people
place,Sicily,4.2,376145RSic,Sicily region (Italy) 3245 Sicilia - Σικελία,37.6,14.5,region/people
place,Acarnania,4.2,388210RAka,Akarnania region (Akarnania) 435 Akarnania - Ακαρνανία,38.8,21.0,region/people
ethnic,Lacedaemonians,4.20,371224PSpa,Sparta/Lacedaemon (Lakonia) 5559 Sparti - Σπάρτα,37.0821,22.4237,polity
place,Attica,4.20,379239RAtt,Attica region (Hellas) 1518 Attiki - Αττική,37.9,23.9,region/people
ethnic,Lacedaemonians,4.21,371224PSpa,Sparta/Lacedaemon (Lakonia) 5559 Sparti - Σπάρτα,37.0821,22.4237,polity
ethnic,Athenians,4.21,380237PAth,Athens (Attica) 9448 Athina - Αθήναι,37.9718,23.72793,polity
place,Nisaea,4.21,380234UNis,Nisaia (Attica) 79 Pachi - Νισαία,37.9764,23.364,polity
place,Pegae,4.21,381232PPag,Pagai (Megarid) 58 Alepochori - Πηγαί,38.0834,23.1884,polity
place,Troezen,4.21,375234PTro,Troizen (Troizenia) 220 Damala - Τροιζήν,37.5033,23.3484,polity
place,Achaia,4.21,382219RAch,Achaea region (Achaia) 1800 Achaia - Αχαΐα,38.2,21.9,region/people
ethnic,Lacedaemonians,4.22,371224PSpa,Sparta/Lacedaemon (Lakonia) 5559 Sparti - Σπάρτα,37.0821,22.4237,polity
ethnic,Athenians,4.22,380237PAth,Athens (Attica) 9448 Athina - Αθήναι,37.9718,23.72793,polity
ethnic,Lacedaemonians,4.23,371224PSpa,Sparta/Lacedaemon (Lakonia) 5559 Sparti - Σπάρτα,37.0821,22.4237,polity
ethnic,Athenians,4.23,380237PAth,Athens (Attica) 9448 Athina - Αθήναι,37.9718,23.72793,polity
ethnic,Peloponnesians,4.23,375222RPel,Peloponnese (Hellas) 1736 Peloponisos - Πελοπόννησος,37.54,22.15,region/people
place,Pylos,4.23,370217UPyl,Pylos/Koryphasion cape (Messenia) 112 Akr. Koryphasiou - Πύλος,36.9517,21.66,polity
ethnic,Syracusans,4.24,371153PSyr,Syracuse (Sicily) 1628 Siracusa - Συράκουσαι,37.0639,15.293,polity
ethnic,Locrians,4.24,382162PLoc,Locris (Italy) 225 Locri - Λοκροί Επιζεφύριοι,38.216,16.229,polity
ethnic,Rhegians,4.24,381156PRhe,Rhegion (Magna Graecia) 334 Reggio Calabria - Ρήγιον,38.109,15.644,polity
ethnic,Athenians,4.24,380237PAth,Athens (Attica) 9448 Athina - Αθήναι,37.9718,23.72793,polity
demonym,Tyrrhenian,4.24,409115WTyr,Tyrrhenian Sea (Italy) 135 Mar Tirreno - Τυρρηνικόν πέλαγος,40.9,11.5,sea/strait
demonym,Sicilian,4.24,376145RSic,Sicily region (Italy) 3245 Sicilia - Σικελία,37.6,14.5,region/people
place,Messina,4.24,382156PMes,Zancle/Messana (Sicily) 290 Messina - Ζάγκλη,38.1923,15.5566,polity
place,Italy,4.24,406163RIta,Italia region (Italy) 4036 Italy - Ιταλία,40.6,16.3,region/people
place,Charybdis,4.24,382156WCha,Charybdis (Sicily) 106 Strait of Messina - Χάρυβδις,38.248,15.606,sea/strait
ethnic,Syracusans,4.25,371153PSyr,Syracuse (Sicily) 1628 Siracusa - Συράκουσαι,37.0639,15.293,polity
ethnic,Athenians,4.25,380237PAth,Athens (Attica) 9448 Athina - Αθήναι,37.9718,23.72793,polity
ethnic,Locrians,4.25,382162PLoc,Locris (Italy) 225 Locri - Λοκροί Επιζεφύριοι,38.216,16.229,polity
ethnic,Rhegians,4.25,381156PRhe,Rhegion (Magna Graecia) 334 Reggio Calabria - Ρήγιον,38.109,15.644,polity
ethnic,Naxians,4.25,378153UNax,Naxos (Sicily) 63 Naxos-Giardini - Νάξος,37.8227,15.2726,polity
ethnic,Sicels,4.25,376145RSic,Sicily region (Italy) 3245 Sicilia - Σικελία,37.6,14.5,region/people
ethnic,Naxians,4.25,378153UNax,Naxos (Sicily) 63 Naxos-Giardini - Νάξος,37.8227,15.2726,polity
ethnic,Leontines,4.25,373150PLeo,Leontini (Sicily) 199 Lentini - Λεοντίνη,37.2855,14.9981,polity
demonym,Chalcidian,4.25,385236PCha,Chalkis (Euboea) 435 Chalkida - Χάλκις,38.4597,23.6153,polity
place,Messina,4.25,382156PMes,Zancle/Messana (Sicily) 290 Messina - Ζάγκλη,38.1923,15.5566,polity
place,Pelorus,4.25,383157LPel,Pelorias cape (Sicily) 78 Pelorus - Πελώριας,38.267,15.651,cape
place,Camarina,4.25,369144PCam,Camarina (Sicily) 81 Camarina - Καμάρινα,36.8721,14.4474,polity
place,Naxos,4.25,378153UNax,Naxos (Sicily) 63 Naxos-Giardini - Νάξος,37.8227,15.2726,polity
place,Akesines,4.25,293710WAke,Akesines river (India) 52 Chenab river,29.1513,70.7367,river
ethnic,Athenians,4.26,380237PAth,Athens (Attica) 9448 Athina - Αθήναι,37.9718,23.72793,polity
ethnic,Lacedaemonians,4.26,371224PSpa,Sparta/Lacedaemon (Lakonia) 5559 Sparti - Σπάρτα,37.0821,22.4237,polity
demonym,Peloponnesian,4.26,375222RPel,Peloponnese (Hellas) 1736 Peloponisos - Πελοπόννησος,37.54,22.15,region/people
place,Pylos,4.26,370217UPyl,Pylos/Koryphasion cape (Messenia) 112 Akr. Koryphasiou - Πύλος,36.9517,21.66,polity
ethnic,Athenians,4.27,380237PAth,Athens (Attica) 9448 Athina - Αθήναι,37.9718,23.72793,polity
ethnic,Lacedaemonians,4.27,371224PSpa,Sparta/Lacedaemon (Lakonia) 5559 Sparti - Σπάρτα,37.0821,22.4237,polity
place,Peloponnese,4.27,375222RPel,Peloponnese (Hellas) 1736 Peloponisos - Πελοπόννησος,37.54,22.15,region/people
ethnic,Athenians,4.28,380237PAth,Athens (Attica) 9448 Athina - Αθήναι,37.9718,23.72793,polity
ethnic,Lacedaemonians,4.28,371224PSpa,Sparta/Lacedaemon (Lakonia) 5559 Sparti - Σπάρτα,37.0821,22.4237,polity
ethnic,Lemnians,4.28,399253ILem,Lemnos (Aegean) 341 Lemnos - Λήμνος,39.93,25.21,island
ethnic,Imbrians,4.28,402259PImb,Imbros (Aegean) 77 Kalekoy - Ίμβρος,40.2331,25.903,polity
place,Pylos,4.28,370217UPyl,Pylos/Koryphasion cape (Messenia) 112 Akr. Koryphasiou - Πύλος,36.9517,21.66,polity
place,Aenus,4.28,407261PAin,Ainos (Thrace) 96 Enez - Αίνος,40.7238,26.0812,polity
ethnic,Athenians,4.29,380237PAth,Athens (Attica) 9448 Athina - Αθήναι,37.9718,23.72793,polity
place,Pylos,4.29,370217UPyl,Pylos/Koryphasion cape (Messenia) 112 Akr. Koryphasiou - Πύλος,36.9517,21.66,polity
ethnic,Lacedaemonians,4.3,371224PSpa,Sparta/Lacedaemon (Lakonia) 5559 Sparti - Σπάρτα,37.0821,22.4237,polity
ethnic,Messenians,4.3,372218RMes,Messenia region (Messenia) 700 Messinia - Μεσσηνία,37.2,21.8,region/people
demonym,Peloponnesian,4.3,375222RPel,Peloponnese (Hellas) 1736 Peloponisos - Πελοπόννησος,37.54,22.15,region/people
place,Laconia,4.3,370225RLak,Lakonia region (Peloponnese) 790 Lakonia - Λακωνική,37.001,22.5,region/people
place,Corcyra,4.3,396199PKer,Corcyra (Ionian Islands) 405 Kerkyra/Corfu - Κέρκυρα,39.6063,19.9156,polity
place,Pylos,4.3,370217UPyl,Pylos/Koryphasion cape (Messenia) 112 Akr. Koryphasiou - Πύλος,36.9517,21.66,polity
place,Coryphasium,4.3,370217LKor,Koryphasion cape (Messenia) 65 Akr. Koryphasiou - Κορυφάσιον,36.951,21.658,cape
ethnic,Lacedaemonians,4.30,371224PSpa,Sparta/Lacedaemon (Lakonia) 5559 Sparti - Σπάρτα,37.0821,22.4237,polity
ethnic,Athenians,4.30,380237PAth,Athens (Attica) 9448 Athina - Αθήναι,37.9718,23.72793,polity
demonym,Aetolian,4.30,386215RAit,Aitolia region (Aitolia) 1220 Aitolia - Αιτωλία,38.6,21.5,region/people
place,Pylos,4.30,370217UPyl,Pylos/Koryphasion cape (Messenia) 112 Akr. Koryphasiou - Πύλος,36.9517,21.66,polity
place,Pylos,4.31,370217UPyl,Pylos/Koryphasion cape (Messenia) 112 Akr. Koryphasiou - Πύλος,36.9517,21.66,polity
ethnic,Athenians,4.32,380237PAth,Athens (Attica) 9448 Athina - Αθήναι,37.9718,23.72793,polity
demonym,Messenian,4.32,372218RMes,Messenia region (Messenia) 700 Messinia - Μεσσηνία,37.2,21.8,region/people
place,Pylos,4.32,370217UPyl,Pylos/Koryphasion cape (Messenia) 112 Akr. Koryphasiou - Πύλος,36.9517,21.66,polity
ethnic,Lacedaemonians,4.33,371224PSpa,Sparta/Lacedaemon (Lakonia) 5559 Sparti - Σπάρτα,37.0821,22.4237,polity
demonym,Athenian,4.33,380237PAth,Athens (Attica) 9448 Athina - Αθήναι,37.9718,23.72793,polity
ethnic,Lacedaemonians,4.34,371224PSpa,Sparta/Lacedaemon (Lakonia) 5559 Sparti - Σπάρτα,37.0821,22.4237,polity
ethnic,Athenians,4.35,380237PAth,Athens (Attica) 9448 Athina - Αθήναι,37.9718,23.72793,polity
ethnic,Lacedaemonians,4.35,371224PSpa,Sparta/Lacedaemon (Lakonia) 5559 Sparti - Σπάρτα,37.0821,22.4237,polity
ethnic,Messenians,4.36,372218RMes,Messenia region (Messenia) 700 Messinia - Μεσσηνία,37.2,21.8,region/people
ethnic,Lacedaemonians,4.36,371224PSpa,Sparta/Lacedaemon (Lakonia) 5559 Sparti - Σπάρτα,37.0821,22.4237,polity
ethnic,Persians,4.36,295540RPer,Persia (Asia) 4067 Fars - Περσία ,29.5,54.0,region/people
ethnic,Athenians,4.36,380237PAth,Athens (Attica) 9448 Athina - Αθήναι,37.9718,23.72793,polity
place,Thermopylae,4.36,388225FThe,Thermopylae (Phthiotis) 358 Thermopylai - Θερμοπύλαι,38.795,22.536,fortification
ethnic,Lacedaemonians,4.37,371224PSpa,Sparta/Lacedaemon (Lakonia) 5559 Sparti - Σπάρτα,37.0821,22.4237,polity
ethnic,Athenians,4.37,380237PAth,Athens (Attica) 9448 Athina - Αθήναι,37.9718,23.72793,polity
ethnic,Lacedaemonians,4.38,371224PSpa,Sparta/Lacedaemon (Lakonia) 5559 Sparti - Σπάρτα,37.0821,22.4237,polity
ethnic,Athenians,4.38,380237PAth,Athens (Attica) 9448 Athina - Αθήναι,37.9718,23.72793,polity
ethnic,Athenians,4.39,380237PAth,Athens (Attica) 9448 Athina - Αθήναι,37.9718,23.72793,polity
ethnic,Peloponnesians,4.39,375222RPel,Peloponnese (Hellas) 1736 Peloponisos - Πελοπόννησος,37.54,22.15,region/people
place,Pylos,4.39,370217UPyl,Pylos/Koryphasion cape (Messenia) 112 Akr. Koryphasiou - Πύλος,36.9517,21.66,polity
ethnic,Lacedaemonians,4.4,371224PSpa,Sparta/Lacedaemon (Lakonia) 5559 Sparti - Σπάρτα,37.0821,22.4237,polity
ethnic,Lacedaemonians,4.40,371224PSpa,Sparta/Lacedaemon (Lakonia) 5559 Sparti - Σπάρτα,37.0821,22.4237,polity
demonym,Athenian,4.40,380237PAth,Athens (Attica) 9448 Athina - Αθήναι,37.9718,23.72793,polity
ethnic,Athenians,4.41,380237PAth,Athens (Attica) 9448 Athina - Αθήναι,37.9718,23.72793,polity
ethnic,Peloponnesians,4.41,375222RPel,Peloponnese (Hellas) 1736 Peloponisos - Πελοπόννησος,37.54,22.15,region/people
ethnic,Messenians,4.41,372218RMes,Messenia region (Messenia) 700 Messinia - Μεσσηνία,37.2,21.8,region/people
ethnic,Lacedaemonians,4.41,371224PSpa,Sparta/Lacedaemon (Lakonia) 5559 Sparti - Σπάρτα,37.0821,22.4237,polity
place,Pylos,4.41,370217UPyl,Pylos/Koryphasion cape (Messenia) 112 Akr. Koryphasiou - Πύλος,36.9517,21.66,polity
place,Naupactus,4.41,384218UNau,Naupactus (Aitolia) 190 Navpaktos - Ναύπακτος,38.3997,21.8313,polity
place,Laconia,4.41,370225RLak,Lakonia region (Peloponnese) 790 Lakonia - Λακωνική,37.001,22.5,region/people
ethnic,Athenians,4.42,380237PAth,Athens (Attica) 9448 Athina - Αθήναι,37.9718,23.72793,polity
ethnic,Milesians,4.42,375273PMil,Miletus (Ionia) 729 Milet - Μίλητος,37.5292,27.2775,polity
ethnic,Andrians,4.42,378248PAnd,Andros (Cyclades) 131 Palaiopolis - Άνδρος,37.8186,24.8279,polity
ethnic,Carystians,4.42,380244PKar,Karystos (Euboea) 146 Karystos - Κάρυστος,38.027,24.427,polity
ethnic,Dorians,4.42,387224RDor,Doris tetrapolis (Central Greece) 303 Dorida - Δωρίς,38.7,22.4,region/people
ethnic,Corinthians,4.42,379229PKor,Corinth/Korinthos (Korinthia) 1749 Archaia Korinthos - Κόρινθος,37.9054,22.8802,polity
demonym,Solygian,4.42,378230USol,Solygeia (Korinthia) 10 Galataki - Σολύγεια,37.8464,22.9744,polity
demonym,Aeolian,4.42,390271RAio,Aiolis region (Asia Minor) 293 N of Izmir - Αιολίς,39.0,27.1,region/people
place,Chersonese,4.42,403265LChe,Chersonesus (Thrace) 293 Gallipoli Peninsula - Χερσόνησος,40.3333,26.5,region/people
place,Solygeia,4.42,378230USol,Solygeia (Korinthia) 10 Galataki - Σολύγεια,37.8464,22.9744,polity
place,Isthmus,4.42,379230LIst,Isthmus (Korinthia) 240 Isthmia - Ισθμός,37.928,22.973,sanctuary/temple
place,Argos,4.42,376227PArg,Argos (Argolid) 2457 Argos - Άργος,37.63091,22.72079,polity
place,Ambracia,4.42,392210PAmb,Ambracia (Arta) 195 Arta - Αμβρακία,39.155,20.9899,polity
place,Leucadia,4.42,387207PLeu,Leukas (Ionian Islands) 213 Leukada - Λευκάς,38.81,20.717,polity
place,Cenchreae,4.42,379230HKen,Kenchreai (Korinthia) 68 Kechriai - Κεγχρέαι,37.8824,22.9925,harbor
place,Crommyon,4.42,380231UKro,Krommyon (Korinthia) 37 Ag. Theodori - Κρεμμυών,37.93171,23.13402,polity
ethnic,Corinthians,4.43,379229PKor,Corinth/Korinthos (Korinthia) 1749 Archaia Korinthos - Κόρινθος,37.9054,22.8802,polity
ethnic,Athenians,4.43,380237PAth,Athens (Attica) 9448 Athina - Αθήναι,37.9718,23.72793,polity
ethnic,Carystians,4.43,380244PKar,Karystos (Euboea) 146 Karystos - Κάρυστος,38.027,24.427,polity
place,Solygeia,4.43,378230USol,Solygeia (Korinthia) 10 Galataki - Σολύγεια,37.8464,22.9744,polity
place,Chersonese,4.43,403265LChe,Chersonesus (Thrace) 293 Gallipoli Peninsula - Χερσόνησος,40.3333,26.5,region/people
place,Solygeia,4.43,378230USol,Solygeia (Korinthia) 10 Galataki - Σολύγεια,37.8464,22.9744,polity
ethnic,Athenians,4.44,380237PAth,Athens (Attica) 9448 Athina - Αθήναι,37.9718,23.72793,polity
ethnic,Corinthians,4.44,379229PKor,Corinth/Korinthos (Korinthia) 1749 Archaia Korinthos - Κόρινθος,37.9054,22.8802,polity
ethnic,Peloponnesians,4.44,375222RPel,Peloponnese (Hellas) 1736 Peloponisos - Πελοπόννησος,37.54,22.15,region/people
place,Cenchreae,4.44,379230HKen,Kenchreai (Korinthia) 68 Kechriai - Κεγχρέαι,37.8824,22.9925,harbor
place,Crommyon,4.44,380231UKro,Krommyon (Korinthia) 37 Ag. Theodori - Κρεμμυών,37.93171,23.13402,polity
place,Oneion,4.44,379230LOne,Oneion Mt. (Korinthia) 17 Onia - Ονειον,37.87,22.97,mountain
ethnic,Athenians,4.45,380237PAth,Athens (Attica) 9448 Athina - Αθήναι,37.9718,23.72793,polity
demonym,Corinthian,4.45,379229PKor,Corinth/Korinthos (Korinthia) 1749 Archaia Korinthos - Κόρινθος,37.9054,22.8802,polity
place,Crommyon,4.45,380231UKro,Krommyon (Korinthia) 37 Ag. Theodori - Κρεμμυών,37.93171,23.13402,polity
place,Epidaurus,4.45,376232PEpi,Epidauros (Argolid) 206 Archaia Epidauros - Επίδαυρος,37.6331,23.1617,polity
place,Methana,4.45,376234PMet,Methana (Troizenia) 18 Megalochori - Μέθανα,37.5868,23.3496,polity
place,Troezen,4.45,375234PTro,Troizen (Troizenia) 220 Damala - Τροιζήν,37.5033,23.3484,polity
place,Haliae,4.45,373231PHal,Halieis (Argolid) 33 Porto Cheli - Αλιείς,37.3132,23.1491,polity
ethnic,Athenians,4.46,380237PAth,Athens (Attica) 9448 Athina - Αθήναι,37.9718,23.72793,polity
demonym,Corcyraean,4.46,396199PKer,Corcyra (Ionian Islands) 405 Kerkyra/Corfu - Κέρκυρα,39.6063,19.9156,polity
place,Pylos,4.46,370217UPyl,Pylos/Koryphasion cape (Messenia) 112 Akr. Koryphasiou - Πύλος,36.9517,21.66,polity
place,Sicily,4.46,376145RSic,Sicily region (Italy) 3245 Sicilia - Σικελία,37.6,14.5,region/people
place,Istone,4.46,398198LIst,Istone? Mt. (Kerkyra) 4 Pantokrator (N Kerkyra) - Ιστώνη,39.748,19.872,mountain
place,Ptychia,4.46,398198IPty,Ptychia (Kerkyra) 5 Vido - Πτυχία,39.641,19.925,island
ethnic,Corcyraeans,4.47,396199PKer,Corcyra (Ionian Islands) 405 Kerkyra/Corfu - Κέρκυρα,39.6063,19.9156,polity
demonym,Athenian,4.47,380237PAth,Athens (Attica) 9448 Athina - Αθήναι,37.9718,23.72793,polity
place,Sicily,4.47,376145RSic,Sicily region (Italy) 3245 Sicilia - Σικελία,37.6,14.5,region/people
ethnic,Athenians,4.48,380237PAth,Athens (Attica) 9448 Athina - Αθήναι,37.9718,23.72793,polity
ethnic,Corcyraeans,4.48,396199PKer,Corcyra (Ionian Islands) 405 Kerkyra/Corfu - Κέρκυρα,39.6063,19.9156,polity
place,Sicily,4.48,376145RSic,Sicily region (Italy) 3245 Sicilia - Σικελία,37.6,14.5,region/people
ethnic,Athenians,4.49,380237PAth,Athens (Attica) 9448 Athina - Αθήναι,37.9718,23.72793,polity
ethnic,Acarnanians,4.49,388210RAka,Akarnania region (Akarnania) 435 Akarnania - Ακαρνανία,38.8,21.0,region/people
demonym,Corinthian,4.49,379229PKor,Corinth/Korinthos (Korinthia) 1749 Archaia Korinthos - Κόρινθος,37.9054,22.8802,polity
place,Naupactus,4.49,384218UNau,Naupactus (Aitolia) 190 Navpaktos - Ναύπακτος,38.3997,21.8313,polity
place,Anactorium,4.49,389208PAna,Anaktorion (Akarnania) 41 Ag. Petros - Ανακτόριον,38.9209,20.8435,polity
place,Ambracian Gulf,4.49,390210WAmb,Ambracian Gulf (Aitolia) 77 Ambracian Gulf - Αμβρακικός κόλπος,38.9725,20.9692,sea/strait
ethnic,Lacedaemonians,4.5,371224PSpa,Sparta/Lacedaemon (Lakonia) 5559 Sparti - Σπάρτα,37.0821,22.4237,polity
ethnic,Athenians,4.5,380237PAth,Athens (Attica) 9448 Athina - Αθήναι,37.9718,23.72793,polity
place,Corcyra,4.5,396199PKer,Corcyra (Ionian Islands) 405 Kerkyra/Corfu - Κέρκυρα,39.6063,19.9156,polity
place,Sicily,4.5,376145RSic,Sicily region (Italy) 3245 Sicilia - Σικελία,37.6,14.5,region/people
ethnic,Athenians,4.50,380237PAth,Athens (Attica) 9448 Athina - Αθήναι,37.9718,23.72793,polity
ethnic,Lacedaemonians,4.50,371224PSpa,Sparta/Lacedaemon (Lakonia) 5559 Sparti - Σπάρτα,37.0821,22.4237,polity
demonym,Persian,4.50,295540RPer,Persia (Asia) 4067 Fars - Περσία ,29.5,54.0,region/people
place,Eion,4.50,408239PEio,Eion (Serres) 45  mouth of Strymon - Ηιών,40.781,23.877,polity
place,Strymon,4.50,408238WStr,Strymon R. (Serres) 155 Strymon - Στρυμών,40.7858,23.8489,river
place,Ephesus,4.50,379273PEph,Ephesus (Ionia) 742 Efes/Selcuk - Έφεσος,37.9419,27.3397,polity
ethnic,Chians,4.51,384261PChi,Chios polis (Chios) 602 Khios - Χίος,38.3764,26.1342,polity
ethnic,Athenians,4.51,380237PAth,Athens (Attica) 9448 Athina - Αθήναι,37.9718,23.72793,polity
ethnic,Athenians,4.52,380237PAth,Athens (Attica) 9448 Athina - Αθήναι,37.9718,23.72793,polity
demonym,Mitylenian,4.52,391265PMyt,Mytilene (Lesbos) 323 Mytilini - Μυτιλήνη,39.1114,26.5621,polity
demonym,Lesbian,4.52,392261ILes,Lesbos (Lesbos) 438 Lesbos - Λέσβος,39.2075,26.2,island
demonym,Phocaean,4.52,387268UPho,Phokaia (Ionia) 143 Foca - Φώκαια,38.6704,26.7532,polity
demonym,Aeolian,4.52,390271RAio,Aiolis region (Asia Minor) 293 N of Izmir - Αιολίς,39.0,27.1,region/people
place,Peloponnese,4.52,375222RPel,Peloponnese (Hellas) 1736 Peloponisos - Πελοπόννησος,37.54,22.15,region/people
place,Rhoeteum,4.52,400263URho,Rhoiteion (Troad) 51 Baba Kale - Ροίτειον,40.0093,26.3003,polity
place,Antandrus,4.52,396268UAnt,Antandros (Aiolis) 59 Avcilar - Άντανδρος,39.5716,26.7862,polity
place,Antandrus,4.52,396268UAnt,Antandros (Aiolis) 59 Avcilar - Άντανδρος,39.5716,26.7862,polity
place,Ida,4.52,397268LIda,Ida Mt. (Troad) 335 Kaz daglari - Ίδα,39.6922,26.8423,mountain
ethnic,Athenians,4.53,380237PAth,Athens (Attica) 9448 Athina - Αθήναι,37.9718,23.72793,polity
ethnic,Lacedaemonians,4.53,371224PSpa,Sparta/Lacedaemon (Lakonia) 5559 Sparti - Σπάρτα,37.0821,22.4237,polity
demonym,Sicilian,4.53,376145RSic,Sicily region (Italy) 3245 Sicilia - Σικελία,37.6,14.5,region/people
demonym,Cretan,4.53,352252IKre,Crete (Greece) 1562 Kriti - Κρήτη,35.2052,25.1836,region/people
place,Miletus,4.53,375273PMil,Miletus (Ionia) 729 Milet - Μίλητος,37.5292,27.2775,polity
place,Cythera,4.53,363230PKyt,Cythera (Kythera) 136 Paleokastro - Κύθηρα,36.2295,23.0291,polity
place,Laconia,4.53,370225RLak,Lakonia region (Peloponnese) 790 Lakonia - Λακωνική,37.001,22.5,region/people
place,Malea,4.53,364232LMal,Malea cape (Lakonia) 128 Akr. Maleas - Μαλέα,36.436,23.198,cape
place,Egypt,4.53,271307REgy,Aigyptos (Egypt) 4104 Egypt - Αίγυπτος,27.1,30.7,region/people
place,Libya,4.53,300070RLib,Libya (Africa) 1525 North Africa - Λιβύη,32.01,10.01,region/people
ethnic,Athenians,4.54,380237PAth,Athens (Attica) 9448 Athina - Αθήναι,37.9718,23.72793,polity
ethnic,Cytherians,4.54,363230PKyt,Cythera (Kythera) 136 Paleokastro - Κύθηρα,36.2295,23.0291,polity
ethnic,Lacedaemonians,4.54,371224PSpa,Sparta/Lacedaemon (Lakonia) 5559 Sparti - Σπάρτα,37.0821,22.4237,polity
demonym,Milesian,4.54,375273PMil,Miletus (Ionia) 729 Milet - Μίλητος,37.5292,27.2775,polity
place,Malea,4.54,364232LMal,Malea cape (Lakonia) 128 Akr. Maleas - Μαλέα,36.436,23.198,cape
place,Laconia,4.54,370225RLak,Lakonia region (Peloponnese) 790 Lakonia - Λακωνική,37.001,22.5,region/people
place,Asine,4.54,367222PAsi,Asine? (Messenia) 43 Koroni - Ασίνη,36.794,21.961,polity
place,Helus,4.54,368226UHel,Helos (Lakonia) 59 Ag. Stephanos - Έλος,36.8432,22.6075,polity
ethnic,Lacedaemonians,4.55,371224PSpa,Sparta/Lacedaemon (Lakonia) 5559 Sparti - Σπάρτα,37.0821,22.4237,polity
ethnic,Athenians,4.55,380237PAth,Athens (Attica) 9448 Athina - Αθήναι,37.9718,23.72793,polity
place,Cythera,4.55,363230PKyt,Cythera (Kythera) 136 Paleokastro - Κύθηρα,36.2295,23.0291,polity
place,Pylos,4.55,370217UPyl,Pylos/Koryphasion cape (Messenia) 112 Akr. Koryphasiou - Πύλος,36.9517,21.66,polity
ethnic,Athenians,4.56,380237PAth,Athens (Attica) 9448 Athina - Αθήναι,37.9718,23.72793,polity
ethnic,Aeginetans,4.56,378234PAig,Aigina polis (Aegina) 464 Aigina - Αίγινα,37.75,23.425,polity
demonym,Cynurian,4.56,374227RKyn,Kynouria region (Arkadia) 26  - Κυνουρία,37.424,22.693,region/people
demonym,Argive,4.56,376227PArg,Argos (Argolid) 2457 Argos - Άργος,37.63091,22.72079,polity
demonym,Laconian,4.56,370225RLak,Lakonia region (Peloponnese) 790 Lakonia - Λακωνική,37.001,22.5,region/people
demonym,Lacedaemonian,4.56,371224PSpa,Sparta/Lacedaemon (Lakonia) 5559 Sparti - Σπάρτα,37.0821,22.4237,polity
place,Cotyrta,4.56,367229UKot,Kotyrta (Lakonia) 6 Daimonia - Κοτύρτα,36.649,22.88945,polity
place,Cythera,4.56,363230PKyt,Cythera (Kythera) 136 Paleokastro - Κύθηρα,36.2295,23.0291,polity
place,Limeran Epidaurus,4.56,367230UEpi,Epidauros Limera (Lakonia) 38 Palaia Monemvasia - Επίδαυρος Λιμηρά,36.731,23.026,polity
place,Thyrea,4.56,374227PThy,Thyrea? (Arkadia) 78 Kastraki Meligou - Θυρέαι,37.395,22.733,polity
ethnic,Athenians,4.57,380237PAth,Athens (Attica) 9448 Athina - Αθήναι,37.9718,23.72793,polity
ethnic,Aeginetans,4.57,378234PAig,Aigina polis (Aegina) 464 Aigina - Αίγινα,37.75,23.425,polity
ethnic,Cytherians,4.57,363230PKyt,Cythera (Kythera) 136 Paleokastro - Κύθηρα,36.2295,23.0291,polity
ethnic,Lacedaemonians,4.57,371224PSpa,Sparta/Lacedaemon (Lakonia) 5559 Sparti - Σπάρτα,37.0821,22.4237,polity
place,Thyrea,4.57,374227PThy,Thyrea? (Arkadia) 78 Kastraki Meligou - Θυρέαι,37.395,22.733,polity
demonym,Sicilian,4.58,376145RSic,Sicily region (Italy) 3245 Sicilia - Σικελία,37.6,14.5,region/people
place,Camarina,4.58,369144PCam,Camarina (Sicily) 81 Camarina - Καμάρινα,36.8721,14.4474,polity
place,Gela,4.58,371143PGel,Gela (Sicily) 132 Gela - Γέλα,37.063,14.2587,polity
person,Syracusan,4.58,371153PSyr,Syracuse (Sicily) 1628 Siracusa - Συράκουσαι,37.0639,15.293,polity
ethnic,Sicilians,4.59,376145RSic,Sicily region (Italy) 3245 Sicilia - Σικελία,37.6,14.5,region/people
ethnic,Peloponnesians,4.6,375222RPel,Peloponnese (Hellas) 1736 Peloponisos - Πελοπόννησος,37.54,22.15,region/people
ethnic,Lacedaemonians,4.6,371224PSpa,Sparta/Lacedaemon (Lakonia) 5559 Sparti - Σπάρτα,37.0821,22.4237,polity
place,Attica,4.6,379239RAtt,Attica region (Hellas) 1518 Attiki - Αττική,37.9,23.9,region/people
place,Pylos,4.6,370217UPyl,Pylos/Koryphasion cape (Messenia) 112 Akr. Koryphasiou - Πύλος,36.9517,21.66,polity
demonym,Athenian,4.60,380237PAth,Athens (Attica) 9448 Athina - Αθήναι,37.9718,23.72793,polity
place,Sicily,4.60,376145RSic,Sicily region (Italy) 3245 Sicilia - Σικελία,37.6,14.5,region/people
ethnic,Dorians,4.61,387224RDor,Doris tetrapolis (Central Greece) 303 Dorida - Δωρίς,38.7,22.4,region/people
ethnic,Athenians,4.61,380237PAth,Athens (Attica) 9448 Athina - Αθήναι,37.9718,23.72793,polity
demonym,Chalcidian,4.61,385236PCha,Chalkis (Euboea) 435 Chalkida - Χάλκις,38.4597,23.6153,polity
place,Sicily,4.61,376145RSic,Sicily region (Italy) 3245 Sicilia - Σικελία,37.6,14.5,region/people
ethnic,Athenians,4.62,380237PAth,Athens (Attica) 9448 Athina - Αθήναι,37.9718,23.72793,polity
ethnic,Athenians,4.63,380237PAth,Athens (Attica) 9448 Athina - Αθήναι,37.9718,23.72793,polity
ethnic,Sicilians,4.64,376145RSic,Sicily region (Italy) 3245 Sicilia - Σικελία,37.6,14.5,region/people
ethnic,Athenians,4.64,380237PAth,Athens (Attica) 9448 Athina - Αθήναι,37.9718,23.72793,polity
demonym,Dorian,4.64,387224RDor,Doris tetrapolis (Central Greece) 303 Dorida - Δωρίς,38.7,22.4,region/people
demonym,Chalcidian,4.64,385236PCha,Chalkis (Euboea) 435 Chalkida - Χάλκις,38.4597,23.6153,polity
ethnic,Sicilians,4.65,376145RSic,Sicily region (Italy) 3245 Sicilia - Σικελία,37.6,14.5,region/people
ethnic,Camarinaeans,4.65,369144PCam,Camarina (Sicily) 81 Camarina - Καμάρινα,36.8721,14.4474,polity
ethnic,Syracusans,4.65,371153PSyr,Syracuse (Sicily) 1628 Siracusa - Συράκουσαι,37.0639,15.293,polity
ethnic,Athenians,4.65,380237PAth,Athens (Attica) 9448 Athina - Αθήναι,37.9718,23.72793,polity
place,Morgantina,4.65,374145PMor,Morgantina (Sicily) 20 Aidone - Μοργαντίνα,37.431,14.479,polity
ethnic,Megarians,4.66,380233PMeg,Megara (Megarid) 713 Megara - Μέγαρα,37.997,23.34285,polity
ethnic,Athenians,4.66,380237PAth,Athens (Attica) 9448 Athina - Αθήναι,37.9718,23.72793,polity
ethnic,Peloponnesians,4.66,375222RPel,Peloponnese (Hellas) 1736 Peloponisos - Πελοπόννησος,37.54,22.15,region/people
place,Pegae,4.66,381232PPag,Pagai (Megarid) 58 Alepochori - Πηγαί,38.0834,23.1884,polity
place,Nisaea,4.66,380234UNis,Nisaia (Attica) 79 Pachi - Νισαία,37.9764,23.364,polity
ethnic,Athenians,4.67,380237PAth,Athens (Attica) 9448 Athina - Αθήναι,37.9718,23.72793,polity
ethnic,Plataeans,4.67,382233PPla,Plataea (Boeotia) 337 Plataia - Πλαταιά,38.2213,23.2733,polity
ethnic,Peloponnesians,4.67,375222RPel,Peloponnese (Hellas) 1736 Peloponisos - Πελοπόννησος,37.54,22.15,region/people
demonym,Megarian,4.67,380233PMeg,Megara (Megarid) 713 Megara - Μέγαρα,37.997,23.34285,polity
place,Minoa,4.67,380234IMin,Minoa (Attica) 14 Pachi - Μινώα,37.9786,23.3545,island
place,Minoa,4.67,380234IMin,Minoa (Attica) 14 Pachi - Μινώα,37.9786,23.3545,island
ethnic,Athenians,4.68,380237PAth,Athens (Attica) 9448 Athina - Αθήναι,37.9718,23.72793,polity
ethnic,Megarians,4.68,380233PMeg,Megara (Megarid) 713 Megara - Μέγαρα,37.997,23.34285,polity
demonym,Peloponnesian,4.68,375222RPel,Peloponnese (Hellas) 1736 Peloponisos - Πελοπόννησος,37.54,22.15,region/people
place,Nisaea,4.68,380234UNis,Nisaia (Attica) 79 Pachi - Νισαία,37.9764,23.364,polity
place,Eleusis,4.68,380235PEle,Eleusis (Attica) 227 Elefsina - Ελευσίς,38.0441,23.5415,polity
ethnic,Athenians,4.69,380237PAth,Athens (Attica) 9448 Athina - Αθήναι,37.9718,23.72793,polity
ethnic,Peloponnesians,4.69,375222RPel,Peloponnese (Hellas) 1736 Peloponisos - Πελοπόννησος,37.54,22.15,region/people
demonym,Lacedaemonian,4.69,371224PSpa,Sparta/Lacedaemon (Lakonia) 5559 Sparti - Σπάρτα,37.0821,22.4237,polity
place,Nisaea,4.69,380234UNis,Nisaia (Attica) 79 Pachi - Νισαία,37.9764,23.364,polity
place,Megara,4.69,380233PMeg,Megara (Megarid) 713 Megara - Μέγαρα,37.997,23.34285,polity
place,Nisaea,4.69,380234UNis,Nisaia (Attica) 79 Pachi - Νισαία,37.9764,23.364,polity
place,Nisaea,4.69,380234UNis,Nisaia (Attica) 79 Pachi - Νισαία,37.9764,23.364,polity
place,Nisaea,4.69,380234UNis,Nisaia (Attica) 79 Pachi - Νισαία,37.9764,23.364,polity
ethnic,Athenians,4.7,380237PAth,Athens (Attica) 9448 Athina - Αθήναι,37.9718,23.72793,polity
ethnic,Chalcidians,4.7,405233RCha,Chalcidike region (Chalkidike) 90 Khalkidiki - Χαλκιδική,40.5,23.3,region/people
ethnic,Bottiaeans,4.7,406223RBot,Bottiaia region (Emathia) 55 central Macedonian plain - Βοττιαίοι,40.6,22.3,region/people
demonym,Mendaean,4.7,400234PMen,Mende (Chalkidike) 84 Kalandra - Μένδη,39.964,23.419,polity
place,Eion,4.7,408239PEio,Eion (Serres) 45  mouth of Strymon - Ηιών,40.781,23.877,polity
place,Thrace,4.7,410265RThr,Thrace region (Evros) 1818 Thraki - Θραίκη,41.0,26.5,region/people
ethnic,Peloponnesians,4.70,375222RPel,Peloponnese (Hellas) 1736 Peloponisos - Πελοπόννησος,37.54,22.15,region/people
ethnic,Boeotians,4.70,384233RBoi,Boiotia region (Boeotia) 1673 Viotia - Βοιωτία,38.35,23.25,region/people
ethnic,Phliasians,4.70,378226PPhl,Phlious (Korinthia) 219 Nemea - Φλιούς,37.846,22.648,polity
ethnic,Sicyonians,4.70,380227PSik,Sikyon (Korinthia) 619 Vasiliko - Σικυών,37.9834,22.7145,polity
ethnic,Athenians,4.70,380237PAth,Athens (Attica) 9448 Athina - Αθήναι,37.9718,23.72793,polity
demonym,Corinthian,4.70,379229PKor,Corinth/Korinthos (Korinthia) 1749 Archaia Korinthos - Κόρινθος,37.9054,22.8802,polity
place,Thrace,4.70,410265RThr,Thrace region (Evros) 1818 Thraki - Θραίκη,41.0,26.5,region/people
place,Nisaea,4.70,380234UNis,Nisaia (Attica) 79 Pachi - Νισαία,37.9764,23.364,polity
place,Megara,4.70,380233PMeg,Megara (Megarid) 713 Megara - Μέγαρα,37.997,23.34285,polity
place,Tripodiscus,4.70,380233UTri,Tripodiskoi (Attica) 11 Hani Derveni - Τριποδίσκος,38.02,23.22,polity
place,Geraneia,4.70,380231LGer,Geraneia Mt. (Korinthia) 41 Gerenion - Γεράνεια,38.021,23.134,mountain
place,Nisaea,4.70,380234UNis,Nisaia (Attica) 79 Pachi - Νισαία,37.9764,23.364,polity
place,Tripodiscus,4.70,380233UTri,Tripodiskoi (Attica) 11 Hani Derveni - Τριποδίσκος,38.02,23.22,polity
place,Nisaea,4.70,380234UNis,Nisaia (Attica) 79 Pachi - Νισαία,37.9764,23.364,polity
place,Nisaea,4.70,380234UNis,Nisaia (Attica) 79 Pachi - Νισαία,37.9764,23.364,polity
person,Lacedaemonian,4.70,371224PSpa,Sparta/Lacedaemon (Lakonia) 5559 Sparti - Σπάρτα,37.0821,22.4237,polity
ethnic,Athenians,4.71,380237PAth,Athens (Attica) 9448 Athina - Αθήναι,37.9718,23.72793,polity
demonym,Megarian,4.71,380233PMeg,Megara (Megarid) 713 Megara - Μέγαρα,37.997,23.34285,polity
ethnic,Boeotians,4.72,384233RBoi,Boiotia region (Boeotia) 1673 Viotia - Βοιωτία,38.35,23.25,region/people
ethnic,Megarians,4.72,380233PMeg,Megara (Megarid) 713 Megara - Μέγαρα,37.997,23.34285,polity
ethnic,Athenians,4.72,380237PAth,Athens (Attica) 9448 Athina - Αθήναι,37.9718,23.72793,polity
place,Plataea,4.72,382233PPla,Plataea (Boeotia) 337 Plataia - Πλαταιά,38.2213,23.2733,polity
place,Nisaea,4.72,380234UNis,Nisaia (Attica) 79 Pachi - Νισαία,37.9764,23.364,polity
place,Nisaea,4.72,380234UNis,Nisaia (Attica) 79 Pachi - Νισαία,37.9764,23.364,polity
place,Nisaea,4.72,380234UNis,Nisaia (Attica) 79 Pachi - Νισαία,37.9764,23.364,polity
ethnic,Athenians,4.73,380237PAth,Athens (Attica) 9448 Athina - Αθήναι,37.9718,23.72793,polity
ethnic,Megarians,4.73,380233PMeg,Megara (Megarid) 713 Megara - Μέγαρα,37.997,23.34285,polity
ethnic,Peloponnesians,4.73,375222RPel,Peloponnese (Hellas) 1736 Peloponisos - Πελοπόννησος,37.54,22.15,region/people
place,Nisaea,4.73,380234UNis,Nisaia (Attica) 79 Pachi - Νισαία,37.9764,23.364,polity
ethnic,Athenians,4.74,380237PAth,Athens (Attica) 9448 Athina - Αθήναι,37.9718,23.72793,polity
ethnic,Megarians,4.74,380233PMeg,Megara (Megarid) 713 Megara - Μέγαρα,37.997,23.34285,polity
place,Corinth,4.74,379229PKor,Corinth/Korinthos (Korinthia) 1749 Archaia Korinthos - Κόρινθος,37.9054,22.8802,polity
place,Thrace,4.74,410265RThr,Thrace region (Evros) 1818 Thraki - Θραίκη,41.0,26.5,region/people
place,Pegae,4.74,381232PPag,Pagai (Megarid) 58 Alepochori - Πηγαί,38.0834,23.1884,polity
ethnic,Mitylenians,4.75,391265PMyt,Mytilene (Lesbos) 323 Mytilini - Μυτιλήνη,39.1114,26.5621,polity
ethnic,Peloponnesians,4.75,375222RPel,Peloponnese (Hellas) 1736 Peloponisos - Πελοπόννησος,37.54,22.15,region/people
ethnic,Thracians,4.75,410265RThr,Thrace region (Evros) 1818 Thraki - Θραίκη,41.0,26.5,region/people
demonym,Athenian,4.75,380237PAth,Athens (Attica) 9448 Athina - Αθήναι,37.9718,23.72793,polity
demonym,Samian,4.75,377269PSam,Samos (Aegean) 872 Pythagoreio - Σάμος,37.695,26.935,polity
demonym,Bithynian,4.75,405295RBit,Bithynia region (Asia Minor) 589 Yalova - Βιθυνία,40.5,29.5,region/people
demonym,Megarian,4.75,380233PMeg,Megara (Megarid) 713 Megara - Μέγαρα,37.997,23.34285,polity
place,Antandrus,4.75,396268UAnt,Antandros (Aiolis) 59 Avcilar - Άντανδρος,39.5716,26.7862,polity
place,Hellespont,4.75,402264WHel,Hellespont (Thrace) 730 Dardanelles - Ελλήσποντός,40.2,26.4,sea/strait
place,Pontus,4.75,435335WPon,Pontos (Pontus) 1512 Black Sea - Πόντος,43.5,33.5,sea/strait
place,Anaia,4.75,378273PAna,Anaia (Ionia) 11 Sogucak - Άναια,37.7917,27.271,polity
place,Antandrus,4.75,396268UAnt,Antandros (Aiolis) 59 Avcilar - Άντανδρος,39.5716,26.7862,polity
place,Heraclea,4.75,413314PHer,Heraclea Pontica (Pontus) 281 Eregli - Ηράκλεια,41.287,31.426,polity
place,Chalcedon,4.75,410290PCha,Chalcedon (Bithynia) 273 Kadikoy - Χαλκηδών,40.9834,29.0258,polity
ethnic,Phocians,4.76,386227RPho,Phokis region (Central Greece) 781 Phokida - Φωκίς,38.6,22.7,region/people
ethnic,Athenians,4.76,380237PAth,Athens (Attica) 9448 Athina - Αθήναι,37.9718,23.72793,polity
ethnic,Boeotians,4.76,384233RBoi,Boiotia region (Boeotia) 1673 Viotia - Βοιωτία,38.35,23.25,region/people
demonym,Thespian,4.76,383232PThe,Thespiai (Boeotia) 230 Thespies - Θεσπιαί,38.2935,23.1549,polity
place,Naupactus,4.76,384218UNau,Naupactus (Aitolia) 190 Navpaktos - Ναύπακτος,38.3997,21.8313,polity
place,Megarid,4.76,380233PMeg,Megara (Megarid) 713 Megara - Μέγαρα,37.997,23.34285,polity
place,Siphae,4.76,382230PSip,Siphai (Boeotia) 23 Alyki - Σίφαι,38.1899,23.0515,polity
place,Crisae,4.76,382231UKre,Kreusis (Boeotia) 45 Paralia Livadostras - Κρεύσις,38.20802,23.11031,polity
place,Chaeronea,4.76,385228PCha,Chaironea (Boeotia) 204 Kapraina - Χαιρώνεα,38.4944,22.8416,polity
place,Orchomenus,4.76,385230POrc,Orchomenos (Boeotia) 161 Orchomenos - Ορχομενός,38.4956,22.9641,polity
place,Peloponnese,4.76,375222RPel,Peloponnese (Hellas) 1736 Peloponisos - Πελοπόννησος,37.54,22.15,region/people
place,Phanotis,4.76,385228UPan,Panopeos/Phanotis (Boeotia) 68 Ag. Vlasios - Πανόπη,38.495,22.795,polity
place,Delium,4.76,383237UDel,Delion sanct. (Boeotia) 95 Dilesi? - Δήλιον,38.34248,23.67398,sanctuary/temple
place,Tanagra,4.76,383236PTan,Tanagra (Boeotia) 108 SE Kerykeion - Τάναγρα,38.3074,23.5841,polity
place,Euboea,4.76,385239IEub,Euboia (Euboea) 740 Evia - Εύβοια,38.53,23.87,island
place,Delium,4.76,383237UDel,Delion sanct. (Boeotia) 95 Dilesi? - Δήλιον,38.34248,23.67398,sanctuary/temple
place,Delium,4.76,383237UDel,Delion sanct. (Boeotia) 95 Dilesi? - Δήλιον,38.34248,23.67398,sanctuary/temple
person,Theban,4.76,383233PThe,Thebes (Boeotia) 2611 Thiva - Θήβαι,38.3191,23.3178,polity
ethnic,Boeotians,4.77,384233RBoi,Boiotia region (Boeotia) 1673 Viotia - Βοιωτία,38.35,23.25,region/people
ethnic,Acarnanians,4.77,388210RAka,Akarnania region (Akarnania) 435 Akarnania - Ακαρνανία,38.8,21.0,region/people
ethnic,Agraeans,4.77,389213RAgr,Agraiis tribe (Aitolia) 16 Sardinia - Αγραίοι,38.875,21.28,region/people
demonym,Athenian,4.77,380237PAth,Athens (Attica) 9448 Athina - Αθήναι,37.9718,23.72793,polity
place,Naupactus,4.77,384218UNau,Naupactus (Aitolia) 190 Navpaktos - Ναύπακτος,38.3997,21.8313,polity
place,Siphae,4.77,382230PSip,Siphai (Boeotia) 23 Alyki - Σίφαι,38.1899,23.0515,polity
place,Oeniadae,4.77,384212POin,Oiniadai (Aitolia) 89 Trikardo - Οινιάδαι,38.4118,21.1948,polity
place,Siphae,4.77,382230PSip,Siphai (Boeotia) 23 Alyki - Σίφαι,38.1899,23.0515,polity
ethnic,Thessalians,4.78,394223RThs,Thessaly region (Hellas) 1628 Thessalia - Θεσσαλία,39.4,22.3,region/people
ethnic,Athenians,4.78,380237PAth,Athens (Attica) 9448 Athina - Αθήναι,37.9718,23.72793,polity
ethnic,Lacedaemonians,4.78,371224PSpa,Sparta/Lacedaemon (Lakonia) 5559 Sparti - Σπάρτα,37.0821,22.4237,polity
ethnic,Perrhaebians,4.78,398232RPer,Perraibia region (Thessaly) 128 northern Thessaly - Περραιβός,39.85,22.0,region/people
demonym,Macedonian,4.78,408225RMak,Macedonia region (Greece) 3609 Makedonia - Μακεδονία,40.81,22.5,region/people
place,Heraclea,4.78,388224PHer,Herakleia Trachinia (Malis) 112 Iraklia - Ηράκλεια,38.794,22.4313,polity
place,Trachis,4.78,388224RTra,Trachis region (Phthiotis) 112  - Τραχίς,38.75,22.4,region/people
place,Pharsalus,4.78,393224UPha,Pharsalos (Thessaly) 250 Pharsala - Φάρσαλος,39.2883,22.3869,polity
place,Melitia,4.78,390225UMel,Melitaia (Phthiotis) 23 Melitea - Μελιταία,39.0385,22.4565,polity
place,Achaia,4.78,393223RPht,Achaea Phthiotis region (Phthiotis) 199 Phthiotida - Φθιώτας Αχαιούς,39.2,22.5,region/people
place,Larissa,4.78,396224PLar,Larissa (Thessaly) 312 Larisa - Λαρίσσα,39.6349,22.421,polity
place,Enipeus,4.78,393223WEni,Enipeus R. (Thessaly) 23 river - Ενιπεύς,39.492,22.15,river
place,Melitia,4.78,390225UMel,Melitaia (Phthiotis) 23 Melitea - Μελιταία,39.0385,22.4565,polity
place,Apidanus,4.78,393223WApi,Apidanos R. (Thessaly) 42 Pharsalitis - Απιδανός ,39.43,22.104,river
place,Phacium,4.78,394223PPha,Phakion? (Thessaly) 11 Metamorfosi? - Φάκιον,39.5151,22.033,polity
place,Dium,4.78,402225PDio,Dion (Pieria) 60 Dion - Δίον,40.1749,22.4887,polity
place,Olympus,4.78,401224LOly,Olympus Mt. (Pieria) 811 Mt. Olympos - Ολυμπος,40.0856,22.3586,mountain
person,Chalcidian,4.78,405233RCha,Chalcidike region (Chalkidike) 90 Khalkidiki - Χαλκιδική,40.5,23.3,region/people
ethnic,Athenians,4.79,380237PAth,Athens (Attica) 9448 Athina - Αθήναι,37.9718,23.72793,polity
ethnic,Chalcidians,4.79,405233RCha,Chalcidike region (Chalkidike) 90 Khalkidiki - Χαλκιδική,40.5,23.3,region/people
ethnic,Lyncestians,4.79,410214RLyn,Lynkos region (Macedonia) 63 upper Crna valley - Λύγκος,40.97,21.36,region/people
ethnic,Lacedaemonians,4.79,371224PSpa,Sparta/Lacedaemon (Lakonia) 5559 Sparti - Σπάρτα,37.0821,22.4237,polity
place,Thessaly,4.79,394223RThs,Thessaly region (Hellas) 1628 Thessalia - Θεσσαλία,39.4,22.3,region/people
place,Chalcidice,4.79,405233RCha,Chalcidike region (Chalkidike) 90 Khalkidiki - Χαλκιδική,40.5,23.3,region/people
place,Peloponnese,4.79,375222RPel,Peloponnese (Hellas) 1736 Peloponisos - Πελοπόννησος,37.54,22.15,region/people
ethnic,Peloponnesians,4.8,375222RPel,Peloponnese (Hellas) 1736 Peloponisos - Πελοπόννησος,37.54,22.15,region/people
ethnic,Spartans,4.8,371224PSpa,Sparta/Lacedaemon (Lakonia) 5559 Sparti - Σπάρτα,37.0821,22.4237,polity
ethnic,Athenians,4.8,380237PAth,Athens (Attica) 9448 Athina - Αθήναι,37.9718,23.72793,polity
place,Attica,4.8,379239RAtt,Attica region (Hellas) 1518 Attiki - Αττική,37.9,23.9,region/people
place,Pylos,4.8,370217UPyl,Pylos/Koryphasion cape (Messenia) 112 Akr. Koryphasiou - Πύλος,36.9517,21.66,polity
place,Corcyra,4.8,396199PKer,Corcyra (Ionian Islands) 405 Kerkyra/Corfu - Κέρκυρα,39.6063,19.9156,polity
place,Leucas,4.8,387207PLeu,Leukas (Ionian Islands) 213 Leukada - Λευκάς,38.81,20.717,polity
place,Zacynthus,4.8,378209PZak,Zacynthus (Ionian Islands) 123 Zakynthos - Ζάκυνθος,37.7872,20.8921,polity
place,Sphacteria,4.8,369217ISph,Sphakteria (Messenia) 58 Sphakteria - Σφακτήρια,36.9301,21.6657,island
ethnic,Athenians,4.80,380237PAth,Athens (Attica) 9448 Athina - Αθήναι,37.9718,23.72793,polity
ethnic,Lacedaemonians,4.80,371224PSpa,Sparta/Lacedaemon (Lakonia) 5559 Sparti - Σπάρτα,37.0821,22.4237,polity
place,Peloponnese,4.80,375222RPel,Peloponnese (Hellas) 1736 Peloponisos - Πελοπόννησος,37.54,22.15,region/people
place,Laconia,4.80,370225RLak,Lakonia region (Peloponnese) 790 Lakonia - Λακωνική,37.001,22.5,region/people
place,Pylos,4.80,370217UPyl,Pylos/Koryphasion cape (Messenia) 112 Akr. Koryphasiou - Πύλος,36.9517,21.66,polity
ethnic,Lacedaemonians,4.81,371224PSpa,Sparta/Lacedaemon (Lakonia) 5559 Sparti - Σπάρτα,37.0821,22.4237,polity
ethnic,Chalcidians,4.81,405233RCha,Chalcidike region (Chalkidike) 90 Khalkidiki - Χαλκιδική,40.5,23.3,region/people
place,Peloponnese,4.81,375222RPel,Peloponnese (Hellas) 1736 Peloponisos - Πελοπόννησος,37.54,22.15,region/people
place,Sicily,4.81,376145RSic,Sicily region (Italy) 3245 Sicilia - Σικελία,37.6,14.5,region/people
place,Athens,4.81,380237PAth,Athens (Attica) 9448 Athina - Αθήναι,37.9718,23.72793,polity
ethnic,Athenians,4.82,380237PAth,Athens (Attica) 9448 Athina - Αθήναι,37.9718,23.72793,polity
ethnic,Macedonians,4.83,408225RMak,Macedonia region (Greece) 3609 Makedonia - Μακεδονία,40.81,22.5,region/people
demonym,Chalcidian,4.83,405233RCha,Chalcidike region (Chalkidike) 90 Khalkidiki - Χαλκιδική,40.5,23.3,region/people
place,Lyncus,4.83,410214RLyn,Lynkos region (Macedonia) 63 upper Crna valley - Λύγκος,40.97,21.36,region/people
place,Lacedaemon,4.83,371224PSpa,Sparta/Lacedaemon (Lakonia) 5559 Sparti - Σπάρτα,37.0821,22.4237,polity
ethnic,Chalcidians,4.84,405233RCha,Chalcidike region (Chalkidike) 90 Khalkidiki - Χαλκιδική,40.5,23.3,region/people
ethnic,Andrians,4.84,378248PAnd,Andros (Cyclades) 131 Palaiopolis - Άνδρος,37.8186,24.8279,polity
ethnic,Chalcidians,4.84,405233RCha,Chalcidike region (Chalkidike) 90 Khalkidiki - Χαλκιδική,40.5,23.3,region/people
place,Acanthus,4.84,404239PAka,Akanthos (Chalkidike) 69 Ierissos - Άκανθος,40.392,23.888,polity
person,Lacedaemonian,4.84,371224PSpa,Sparta/Lacedaemon (Lakonia) 5559 Sparti - Σπάρτα,37.0821,22.4237,polity
ethnic,Acanthians,4.85,404239PAka,Akanthos (Chalkidike) 69 Ierissos - Άκανθος,40.392,23.888,polity
ethnic,Lacedaemonians,4.85,371224PSpa,Sparta/Lacedaemon (Lakonia) 5559 Sparti - Σπάρτα,37.0821,22.4237,polity
ethnic,Athenians,4.85,380237PAth,Athens (Attica) 9448 Athina - Αθήναι,37.9718,23.72793,polity
ethnic,Acanthians,4.85,404239PAka,Akanthos (Chalkidike) 69 Ierissos - Άκανθος,40.392,23.888,polity
place,Acanthus,4.85,404239PAka,Akanthos (Chalkidike) 69 Ierissos - Άκανθος,40.392,23.888,polity
place,Nisaea,4.85,380234UNis,Nisaia (Attica) 79 Pachi - Νισαία,37.9764,23.364,polity
place,Nisaea,4.85,380234UNis,Nisaia (Attica) 79 Pachi - Νισαία,37.9764,23.364,polity
ethnic,Lacedaemonians,4.86,371224PSpa,Sparta/Lacedaemon (Lakonia) 5559 Sparti - Σπάρτα,37.0821,22.4237,polity
ethnic,Athenians,4.86,380237PAth,Athens (Attica) 9448 Athina - Αθήναι,37.9718,23.72793,polity
ethnic,Lacedaemonians,4.87,371224PSpa,Sparta/Lacedaemon (Lakonia) 5559 Sparti - Σπάρτα,37.0821,22.4237,polity
ethnic,Athenians,4.87,380237PAth,Athens (Attica) 9448 Athina - Αθήναι,37.9718,23.72793,polity
ethnic,Acanthians,4.88,404239PAka,Akanthos (Chalkidike) 69 Ierissos - Άκανθος,40.392,23.888,polity
ethnic,Andrians,4.88,378248PAnd,Andros (Cyclades) 131 Palaiopolis - Άνδρος,37.8186,24.8279,polity
place,Athens,4.88,380237PAth,Athens (Attica) 9448 Athina - Αθήναι,37.9718,23.72793,polity
place,Stagirus,4.88,406238PSta,Stageira (Chalkidike) 70 Olympiada - Στάγειρα,40.5918,23.7946,polity
ethnic,Acarnanians,4.89,388210RAka,Akarnania region (Akarnania) 435 Akarnania - Ακαρνανία,38.8,21.0,region/people
ethnic,Lacedaemonians,4.89,371224PSpa,Sparta/Lacedaemon (Lakonia) 5559 Sparti - Σπάρτα,37.0821,22.4237,polity
ethnic,Boeotians,4.89,384233RBoi,Boiotia region (Boeotia) 1673 Viotia - Βοιωτία,38.35,23.25,region/people
demonym,Athenian,4.89,380237PAth,Athens (Attica) 9448 Athina - Αθήναι,37.9718,23.72793,polity
place,Siphae,4.89,382230PSip,Siphai (Boeotia) 23 Alyki - Σίφαι,38.1899,23.0515,polity
place,Delium,4.89,383237UDel,Delion sanct. (Boeotia) 95 Dilesi? - Δήλιον,38.34248,23.67398,sanctuary/temple
place,Siphae,4.89,382230PSip,Siphai (Boeotia) 23 Alyki - Σίφαι,38.1899,23.0515,polity
place,Phanotis,4.89,385228UPan,Panopeos/Phanotis (Boeotia) 68 Ag. Vlasios - Πανόπη,38.495,22.795,polity
place,Siphae,4.89,382230PSip,Siphai (Boeotia) 23 Alyki - Σίφαι,38.1899,23.0515,polity
place,Chaeronea,4.89,385228PCha,Chaironea (Boeotia) 204 Kapraina - Χαιρώνεα,38.4944,22.8416,polity
person,Phocian,4.89,386227RPho,Phokis region (Central Greece) 781 Phokida - Φωκίς,38.6,22.7,region/people
ethnic,Lacedaemonians,4.9,371224PSpa,Sparta/Lacedaemon (Lakonia) 5559 Sparti - Σπάρτα,37.0821,22.4237,polity
ethnic,Messenians,4.9,372218RMes,Messenia region (Messenia) 700 Messinia - Μεσσηνία,37.2,21.8,region/people
ethnic,Athenians,4.9,380237PAth,Athens (Attica) 9448 Athina - Αθήναι,37.9718,23.72793,polity
ethnic,Boeotians,4.90,384233RBoi,Boiotia region (Boeotia) 1673 Viotia - Βοιωτία,38.35,23.25,region/people
place,Athens,4.90,380237PAth,Athens (Attica) 9448 Athina - Αθήναι,37.9718,23.72793,polity
place,Siphae,4.90,382230PSip,Siphai (Boeotia) 23 Alyki - Σίφαι,38.1899,23.0515,polity
place,Delium,4.90,383237UDel,Delion sanct. (Boeotia) 95 Dilesi? - Δήλιον,38.34248,23.67398,sanctuary/temple
place,Delium,4.90,383237UDel,Delion sanct. (Boeotia) 95 Dilesi? - Δήλιον,38.34248,23.67398,sanctuary/temple
place,Delium,4.90,383237UDel,Delion sanct. (Boeotia) 95 Dilesi? - Δήλιον,38.34248,23.67398,sanctuary/temple
ethnic,Boeotians,4.91,384233RBoi,Boiotia region (Boeotia) 1673 Viotia - Βοιωτία,38.35,23.25,region/people
ethnic,Athenians,4.91,380237PAth,Athens (Attica) 9448 Athina - Αθήναι,37.9718,23.72793,polity
demonym,Oropian,4.91,383238POro,Oropos (Attica) 113 Skala Oropou - Ωρωπός,38.3195,23.79,polity
place,Tanagra,4.91,383236PTan,Tanagra (Boeotia) 108 SE Kerykeion - Τάναγρα,38.3074,23.5841,polity
person,Thebes,4.91,383233PThe,Thebes (Boeotia) 2611 Thiva - Θήβαι,38.3191,23.3178,polity
ethnic,Boeotians,4.92,384233RBoi,Boiotia region (Boeotia) 1673 Viotia - Βοιωτία,38.35,23.25,region/people
ethnic,Athenians,4.92,380237PAth,Athens (Attica) 9448 Athina - Αθήναι,37.9718,23.72793,polity
ethnic,Euboeans,4.92,385239IEub,Euboia (Euboea) 740 Evia - Εύβοια,38.53,23.87,island
place,Coronea,4.92,384230PKor,Koroneia (Boeotia) 112 Palaia Koroneia - Κορώνεα,38.3912,22.9571,polity
ethnic,Boeotians,4.93,384233RBoi,Boiotia region (Boeotia) 1673 Viotia - Βοιωτία,38.35,23.25,region/people
ethnic,Athenians,4.93,380237PAth,Athens (Attica) 9448 Athina - Αθήναι,37.9718,23.72793,polity
ethnic,Thebans,4.93,383233PThe,Thebes (Boeotia) 2611 Thiva - Θήβαι,38.3191,23.3178,polity
ethnic,Haliartians,4.93,384231PHal,Haliartos (Boeotia) 145 Aliartos - Αλίαρτος,38.3787,23.088,polity
ethnic,Coronaeans,4.93,384230PKor,Koroneia (Boeotia) 112 Palaia Koroneia - Κορώνεα,38.3912,22.9571,polity
ethnic,Copaeans,4.93,385232PKop,Kopai (Boeotia) 35 Kastro - Κώπαι,38.494,23.161,polity
ethnic,Thespians,4.93,383232PThe,Thespiai (Boeotia) 230 Thespies - Θεσπιαί,38.2935,23.1549,polity
ethnic,Tanagraeans,4.93,383236PTan,Tanagra (Boeotia) 108 SE Kerykeion - Τάναγρα,38.3074,23.5841,polity
ethnic,Orchomenians,4.93,385230POrc,Orchomenos (Boeotia) 161 Orchomenos - Ορχομενός,38.4956,22.9641,polity
place,Delium,4.93,383237UDel,Delion sanct. (Boeotia) 95 Dilesi? - Δήλιον,38.34248,23.67398,sanctuary/temple
place,Delium,4.93,383237UDel,Delion sanct. (Boeotia) 95 Dilesi? - Δήλιον,38.34248,23.67398,sanctuary/temple
ethnic,Athenians,4.94,380237PAth,Athens (Attica) 9448 Athina - Αθήναι,37.9718,23.72793,polity
ethnic,Athenians,4.95,380237PAth,Athens (Attica) 9448 Athina - Αθήναι,37.9718,23.72793,polity
ethnic,Peloponnesians,4.95,375222RPel,Peloponnese (Hellas) 1736 Peloponisos - Πελοπόννησος,37.54,22.15,region/people
demonym,Boeotian,4.95,384233RBoi,Boiotia region (Boeotia) 1673 Viotia - Βοιωτία,38.35,23.25,region/people
place,Attica,4.95,379239RAtt,Attica region (Hellas) 1518 Attiki - Αττική,37.9,23.9,region/people
place,Oenophyta,4.95,383236UOin,Oinophyta (Boeotia) 7 Oinofyta/Staniates - Οινόφυτα,38.3048,23.6309,polity
ethnic,Boeotians,4.96,384233RBoi,Boiotia region (Boeotia) 1673 Viotia - Βοιωτία,38.35,23.25,region/people
ethnic,Athenians,4.96,380237PAth,Athens (Attica) 9448 Athina - Αθήναι,37.9718,23.72793,polity
ethnic,Thespians,4.96,383232PThe,Thespiai (Boeotia) 230 Thespies - Θεσπιαί,38.2935,23.1549,polity
ethnic,Thebans,4.96,383233PThe,Thebes (Boeotia) 2611 Thiva - Θήβαι,38.3191,23.3178,polity
ethnic,Locrians,4.96,386231ROpu,Lokris Opuntia region (Phthiotis) 288 Atalandi - Λοκροί  Οπούντιοι,38.65,23.04,region/people
place,Delium,4.96,383237UDel,Delion sanct. (Boeotia) 95 Dilesi? - Δήλιον,38.34248,23.67398,sanctuary/temple
place,Oropus,4.96,383238POro,Oropos (Attica) 113 Skala Oropou - Ωρωπός,38.3195,23.79,polity
place,Parnes,4.96,382237LPar,Parnes Mt. (Attica) 78 Parnitha - Πάρνης,38.174,23.716,mountain
place,Delium,4.96,383237UDel,Delion sanct. (Boeotia) 95 Dilesi? - Δήλιον,38.34248,23.67398,sanctuary/temple
ethnic,Boeotians,4.97,384233RBoi,Boiotia region (Boeotia) 1673 Viotia - Βοιωτία,38.35,23.25,region/people
ethnic,Athenians,4.97,380237PAth,Athens (Attica) 9448 Athina - Αθήναι,37.9718,23.72793,polity
place,Tanagra,4.97,383236PTan,Tanagra (Boeotia) 108 SE Kerykeion - Τάναγρα,38.3074,23.5841,polity
place,Delium,4.97,383237UDel,Delion sanct. (Boeotia) 95 Dilesi? - Δήλιον,38.34248,23.67398,sanctuary/temple
place,Delium,4.97,383237UDel,Delion sanct. (Boeotia) 95 Dilesi? - Δήλιον,38.34248,23.67398,sanctuary/temple
ethnic,Athenians,4.98,380237PAth,Athens (Attica) 9448 Athina - Αθήναι,37.9718,23.72793,polity
ethnic,Boeotians,4.98,384233RBoi,Boiotia region (Boeotia) 1673 Viotia - Βοιωτία,38.35,23.25,region/people
place,Attica,4.98,379239RAtt,Attica region (Hellas) 1518 Attiki - Αττική,37.9,23.9,region/people
ethnic,Boeotians,4.99,384233RBoi,Boiotia region (Boeotia) 1673 Viotia - Βοιωτία,38.35,23.25,region/people
ethnic,Athenians,4.99,380237PAth,Athens (Attica) 9448 Athina - Αθήναι,37.9718,23.72793,polity
ethnic,Athenians,5.1,380237PAth,Athens (Attica) 9448 Athina - Αθήναι,37.9718,23.72793,polity
ethnic,Delians,5.1,374253PDel,Delos (Cyclades) 404 Dilos - Δήλος,37.398,25.267,polity
place,Adramytteion,5.1,395269Uadr,Adramyttium (Aiolis) 70 Edremit - Αδραμύτειον,39.504,26.9346,polity
ethnic,Athenians,5.10,380237PAth,Athens (Attica) 9448 Athina - Αθήναι,37.9718,23.72793,polity
demonym,Chalcidian,5.10,405233RCha,Chalcidike region (Chalkidike) 90 Khalkidiki - Χαλκιδική,40.5,23.3,region/people
demonym,Chalcidian,5.10,405233RCha,Chalcidike region (Chalkidike) 90 Khalkidiki - Χαλκιδική,40.5,23.3,region/people
place,Cerdylium,5.10,408238UKer,Kerdylion (Serres) 6 Kato Kerdylia - Κερδύλιον,40.8064,23.7989,polity
place,Eion,5.10,408239PEio,Eion (Serres) 45  mouth of Strymon - Ηιών,40.781,23.877,polity
place,Eion,5.10,408239PEio,Eion (Serres) 45  mouth of Strymon - Ηιών,40.781,23.877,polity
place,Eion,5.10,408239PEio,Eion (Serres) 45  mouth of Strymon - Ηιών,40.781,23.877,polity
ethnic,Lacedaemonians,5.104,371224PSpa,Sparta/Lacedaemon (Lakonia) 5559 Sparti - Σπάρτα,37.0821,22.4237,polity
ethnic,Lacedaemonians,5.105,371224PSpa,Sparta/Lacedaemon (Lakonia) 5559 Sparti - Σπάρτα,37.0821,22.4237,polity
ethnic,Melians,5.106,367244PMel,Melos (Cyclades) 128 Klima - Μήλος,36.7389,24.4199,polity
ethnic,Lacedaemonians,5.107,371224PSpa,Sparta/Lacedaemon (Lakonia) 5559 Sparti - Σπάρτα,37.0821,22.4237,polity
place,Peloponnese,5.108,375222RPel,Peloponnese (Hellas) 1736 Peloponisos - Πελοπόννησος,37.54,22.15,region/people
ethnic,Lacedaemonians,5.109,371224PSpa,Sparta/Lacedaemon (Lakonia) 5559 Sparti - Σπάρτα,37.0821,22.4237,polity
ethnic,Amphipolitans,5.11,408238PAmp,Amphipolis (Serres) 247 Amphipolis - Αμφίπολις,40.822,23.847,polity
ethnic,Athenians,5.11,380237PAth,Athens (Attica) 9448 Athina - Αθήναι,37.9718,23.72793,polity
place,Lacedaemon,5.11,371224PSpa,Sparta/Lacedaemon (Lakonia) 5559 Sparti - Σπάρτα,37.0821,22.4237,polity
ethnic,Lacedaemonians,5.110,371224PSpa,Sparta/Lacedaemon (Lakonia) 5559 Sparti - Σπάρτα,37.0821,22.4237,polity
demonym,Cretan,5.110,352252IKre,Crete (Greece) 1562 Kriti - Κρήτη,35.2052,25.1836,region/people
ethnic,Athenians,5.111,380237PAth,Athens (Attica) 9448 Athina - Αθήναι,37.9718,23.72793,polity
ethnic,Melians,5.112,367244PMel,Melos (Cyclades) 128 Klima - Μήλος,36.7389,24.4199,polity
ethnic,Lacedaemonians,5.112,371224PSpa,Sparta/Lacedaemon (Lakonia) 5559 Sparti - Σπάρτα,37.0821,22.4237,polity
ethnic,Melians,5.113,367244PMel,Melos (Cyclades) 128 Klima - Μήλος,36.7389,24.4199,polity
ethnic,Athenians,5.113,380237PAth,Athens (Attica) 9448 Athina - Αθήναι,37.9718,23.72793,polity
ethnic,Lacedaemonians,5.113,371224PSpa,Sparta/Lacedaemon (Lakonia) 5559 Sparti - Σπάρτα,37.0821,22.4237,polity
ethnic,Melians,5.114,367244PMel,Melos (Cyclades) 128 Klima - Μήλος,36.7389,24.4199,polity
ethnic,Athenians,5.114,380237PAth,Athens (Attica) 9448 Athina - Αθήναι,37.9718,23.72793,polity
ethnic,Argives,5.115,376227PArg,Argos (Argolid) 2457 Argos - Άργος,37.63091,22.72079,polity
ethnic,Phliasians,5.115,378226PPhl,Phlious (Korinthia) 219 Nemea - Φλιούς,37.846,22.648,polity
ethnic,Athenians,5.115,380237PAth,Athens (Attica) 9448 Athina - Αθήναι,37.9718,23.72793,polity
ethnic,Lacedaemonians,5.115,371224PSpa,Sparta/Lacedaemon (Lakonia) 5559 Sparti - Σπάρτα,37.0821,22.4237,polity
ethnic,Corinthians,5.115,379229PKor,Corinth/Korinthos (Korinthia) 1749 Archaia Korinthos - Κόρινθος,37.9054,22.8802,polity
ethnic,Peloponnesians,5.115,375222RPel,Peloponnese (Hellas) 1736 Peloponisos - Πελοπόννησος,37.54,22.15,region/people
ethnic,Melians,5.115,367244PMel,Melos (Cyclades) 128 Klima - Μήλος,36.7389,24.4199,polity
place,Pylos,5.115,370217UPyl,Pylos/Koryphasion cape (Messenia) 112 Akr. Koryphasiou - Πύλος,36.9517,21.66,polity
ethnic,Lacedaemonians,5.116,371224PSpa,Sparta/Lacedaemon (Lakonia) 5559 Sparti - Σπάρτα,37.0821,22.4237,polity
ethnic,Argives,5.116,376227PArg,Argos (Argolid) 2457 Argos - Άργος,37.63091,22.72079,polity
ethnic,Melians,5.116,367244PMel,Melos (Cyclades) 128 Klima - Μήλος,36.7389,24.4199,polity
ethnic,Athenians,5.116,380237PAth,Athens (Attica) 9448 Athina - Αθήναι,37.9718,23.72793,polity
ethnic,Lacedaemonians,5.12,371224PSpa,Sparta/Lacedaemon (Lakonia) 5559 Sparti - Σπάρτα,37.0821,22.4237,polity
place,Thrace,5.12,410265RThr,Thrace region (Evros) 1818 Thraki - Θραίκη,41.0,26.5,region/people
place,Heraclea,5.12,388224PHer,Herakleia Trachinia (Malis) 112 Iraklia - Ηράκλεια,38.794,22.4313,polity
place,Trachis,5.12,388224RTra,Trachis region (Phthiotis) 112  - Τραχίς,38.75,22.4,region/people
ethnic,Thessalians,5.13,394223RThs,Thessaly region (Hellas) 1628 Thessalia - Θεσσαλία,39.4,22.3,region/people
ethnic,Athenians,5.13,380237PAth,Athens (Attica) 9448 Athina - Αθήναι,37.9718,23.72793,polity
demonym,Lacedaemonian,5.13,371224PSpa,Sparta/Lacedaemon (Lakonia) 5559 Sparti - Σπάρτα,37.0821,22.4237,polity
ethnic,Athenians,5.14,380237PAth,Athens (Attica) 9448 Athina - Αθήναι,37.9718,23.72793,polity
ethnic,Argives,5.14,376227PArg,Argos (Argolid) 2457 Argos - Άργος,37.63091,22.72079,polity
place,Amphipolis,5.14,408238PAmp,Amphipolis (Serres) 247 Amphipolis - Αμφίπολις,40.822,23.847,polity
place,Thessaly,5.14,394223RThs,Thessaly region (Hellas) 1628 Thessalia - Θεσσαλία,39.4,22.3,region/people
place,Delium,5.14,383237UDel,Delion sanct. (Boeotia) 95 Dilesi? - Δήλιον,38.34248,23.67398,sanctuary/temple
place,Pylos,5.14,370217UPyl,Pylos/Koryphasion cape (Messenia) 112 Akr. Koryphasiou - Πύλος,36.9517,21.66,polity
place,Lacedaemon,5.14,371224PSpa,Sparta/Lacedaemon (Lakonia) 5559 Sparti - Σπάρτα,37.0821,22.4237,polity
place,Cythera,5.14,363230PKyt,Cythera (Kythera) 136 Paleokastro - Κύθηρα,36.2295,23.0291,polity
place,Peloponnese,5.14,375222RPel,Peloponnese (Hellas) 1736 Peloponisos - Πελοπόννησος,37.54,22.15,region/people
place,Cynuria,5.14,374227RKyn,Kynouria region (Arkadia) 26  - Κυνουρία,37.424,22.693,region/people
ethnic,Lacedaemonians,5.15,371224PSpa,Sparta/Lacedaemon (Lakonia) 5559 Sparti - Σπάρτα,37.0821,22.4237,polity
ethnic,Athenians,5.15,380237PAth,Athens (Attica) 9448 Athina - Αθήναι,37.9718,23.72793,polity
place,Delium,5.15,383237UDel,Delion sanct. (Boeotia) 95 Dilesi? - Δήλιον,38.34248,23.67398,sanctuary/temple
ethnic,Lacedaemonians,5.16,371224PSpa,Sparta/Lacedaemon (Lakonia) 5559 Sparti - Σπάρτα,37.0821,22.4237,polity
demonym,Athenian,5.16,380237PAth,Athens (Attica) 9448 Athina - Αθήναι,37.9718,23.72793,polity
place,Amphipolis,5.16,408238PAmp,Amphipolis (Serres) 247 Amphipolis - Αμφίπολις,40.822,23.847,polity
place,Delphi,5.16,385225SDel,"Delphic Oracle, Pytho (Delphi) 1539 Delphous - Δελφοί",38.48264,22.50108,sanctuary/temple
place,Lycaeum,5.16,375220SLyk,Zeus Lykaios sanctuary (Mt. Lykaion) 50 Lykaio - Ζεύς Λύκαιος,37.4484,21.9954,sanctuary/temple
place,Attica,5.16,379239RAtt,Attica region (Hellas) 1518 Attiki - Αττική,37.9,23.9,region/people
ethnic,Lacedaemonians,5.17,371224PSpa,Sparta/Lacedaemon (Lakonia) 5559 Sparti - Σπάρτα,37.0821,22.4237,polity
ethnic,Athenians,5.17,380237PAth,Athens (Attica) 9448 Athina - Αθήναι,37.9718,23.72793,polity
ethnic,Thebans,5.17,383233PThe,Thebes (Boeotia) 2611 Thiva - Θήβαι,38.3191,23.3178,polity
ethnic,Boeotians,5.17,384233RBoi,Boiotia region (Boeotia) 1673 Viotia - Βοιωτία,38.35,23.25,region/people
ethnic,Corinthians,5.17,379229PKor,Corinth/Korinthos (Korinthia) 1749 Archaia Korinthos - Κόρινθος,37.9054,22.8802,polity
ethnic,Eleans,5.17,378215REle,Eleia or Elis region (Eleia) 617 Ileia - Ήλις,37.8,21.5,region/people
ethnic,Megarians,5.17,380233PMeg,Megara (Megarid) 713 Megara - Μέγαρα,37.997,23.34285,polity
place,Attica,5.17,379239RAtt,Attica region (Hellas) 1518 Attiki - Αττική,37.9,23.9,region/people
place,Nisaea,5.17,380234UNis,Nisaia (Attica) 79 Pachi - Νισαία,37.9764,23.364,polity
place,Plataea,5.17,382233PPla,Plataea (Boeotia) 337 Plataia - Πλαταιά,38.2213,23.2733,polity
place,Nisaea,5.17,380234UNis,Nisaia (Attica) 79 Pachi - Νισαία,37.9764,23.364,polity
ethnic,Athenians,5.18,380237PAth,Athens (Attica) 9448 Athina - Αθήναι,37.9718,23.72793,polity
ethnic,Lacedaemonians,5.18,371224PSpa,Sparta/Lacedaemon (Lakonia) 5559 Sparti - Σπάρτα,37.0821,22.4237,polity
ethnic,Delphians,5.18,385225PDel,Delphi polis (Phokis) 154 Delphi - Δελφοί,38.4806,22.5056,polity
ethnic,Mecybernaeans,5.18,403234PMek,Mekyberna (Chalkidike) 21 Kalyves - Μηκύβερνα,40.28,23.4067,polity
ethnic,Sanaeans,5.18,401233PSan,Sane (Chalkidike) 9 Cape Pirgos - Σάνη,40.1008,23.307,polity
ethnic,Singaeans,5.18,402237PSin,Singos (Chalkidike) 10 Myrtari - Σίγγος,40.2519,23.7219,polity
ethnic,Olynthians,5.18,403234POly,Olynthos (Chalkidike) 226 Nea Olynthos - Ολυνθος,40.2963,23.354,polity
ethnic,Acanthians,5.18,404239PAka,Akanthos (Chalkidike) 69 Ierissos - Άκανθος,40.392,23.888,polity
ethnic,Peloponnesians,5.18,375222RPel,Peloponnese (Hellas) 1736 Peloponisos - Πελοπόννησος,37.54,22.15,region/people
place,temple,5.18,385225SApo,Apollo temple (Delphi) 67 Delphi,38.48225,22.5011,sanctuary/temple
place,Delphi,5.18,385225SDel,"Delphic Oracle, Pytho (Delphi) 1539 Delphous - Δελφοί",38.48264,22.50108,sanctuary/temple
place,Amphipolis,5.18,408238PAmp,Amphipolis (Serres) 247 Amphipolis - Αμφίπολις,40.822,23.847,polity
place,Argilus,5.18,408238PArg,Argilos (Serres) 20 SW Nea Kerdylia - Άργιλος,40.7801,23.8168,polity
place,Stagirus,5.18,406238PSta,Stageira (Chalkidike) 70 Olympiada - Στάγειρα,40.5918,23.7946,polity
place,Acanthus,5.18,404239PAka,Akanthos (Chalkidike) 69 Ierissos - Άκανθος,40.392,23.888,polity
place,Scolus,5.18,404237PSto,Stolos (Chalkidike) 7 near Plana - Στώλος,40.3692,23.6648,polity
place,Spartolus,5.18,403232PSpa,Spartolos (Chalkidike) 19 W Khalkidiki - Σπάρτωλος,40.3163,23.1598,polity
place,Panactum,5.18,382235FPan,Panakton (Attica) 29 Panakto - Πάνακτον,38.1841,23.5059,fortification
place,Coryphasium,5.18,370217LKor,Koryphasion cape (Messenia) 65 Akr. Koryphasiou - Κορυφάσιον,36.951,21.658,cape
place,Cythera,5.18,363230PKyt,Cythera (Kythera) 136 Paleokastro - Κύθηρα,36.2295,23.0291,polity
place,Methana,5.18,376234PMet,Methana (Troizenia) 18 Megalochori - Μέθανα,37.5868,23.3496,polity
place,Pteleum,5.18,390230UPte,Pteleon (Magnesia) 17 Gritsa - Πτελεόν,39.0222,22.9505,polity
place,Atalanta,5.18,388233IAta,Atalante island (Phthiotis) 19 Talandonisi - Αταλάντη,38.674,23.095,island
place,Scione,5.18,399236PSki,Skione (Chalkidike) 79 Nea Skioni - Σκιώνη,39.93675,23.56402,polity
place,Scione,5.18,399236PSki,Skione (Chalkidike) 79 Nea Skioni - Σκιώνη,39.93675,23.56402,polity
place,Scione,5.18,399236PSki,Skione (Chalkidike) 79 Nea Skioni - Σκιώνη,39.93675,23.56402,polity
place,Torone,5.18,400239PTor,Torone (Chalkidike) 82 Toroni - Τορώνη,39.9764,23.9013,polity
place,Sermylium,5.18,403235PSer,Sermylia (Chalkidike) 11 Ormylia? - Σερμυλία,40.2601,23.518,polity
place,Olympia,5.18,376216SOly,Olympian Zeus sanctuary (Eleia) 856 Archaia Olympia - Ολυμπία,37.6378,21.63,sanctuary/temple
place,Isthmus,5.18,379230SIst,Isthmian Poseidon sanct. (Korinthia) 184 Isthmia - Ισθμία,37.9159,22.9932,sanctuary/temple
place,Acropolis,5.18,380237SAkr,Athenian Acropolis (Athens) 284 Akropoli - Ακρόπολις,37.9717,23.7257,sanctuary/temple
place,Amyclae,5.18,370224UAmy,Amyklai (Lakonia) 130 Amykles - Αμύκλαι,37.0363,22.4502,sanctuary/temple
ethnic,Lacedaemonians,5.19,371224PSpa,Sparta/Lacedaemon (Lakonia) 5559 Sparti - Σπάρτα,37.0821,22.4237,polity
ethnic,Athenians,5.19,380237PAth,Athens (Attica) 9448 Athina - Αθήναι,37.9718,23.72793,polity
place,Acanthus,5.19,404239PAka,Akanthos (Chalkidike) 69 Ierissos - Άκανθος,40.392,23.888,polity
ethnic,Athenians,5.2,380237PAth,Athens (Attica) 9448 Athina - Αθήναι,37.9718,23.72793,polity
place,Thrace,5.2,410265RThr,Thrace region (Evros) 1818 Thraki - Θραίκη,41.0,26.5,region/people
place,Scione,5.2,399236PSki,Skione (Chalkidike) 79 Nea Skioni - Σκιώνη,39.93675,23.56402,polity
place,Torone,5.2,400239PTor,Torone (Chalkidike) 82 Toroni - Τορώνη,39.9764,23.9013,polity
place,Torone,5.2,400239PTor,Torone (Chalkidike) 82 Toroni - Τορώνη,39.9764,23.9013,polity
place,Attica,5.20,379239RAtt,Attica region (Hellas) 1518 Attiki - Αττική,37.9,23.9,region/people
ethnic,Lacedaemonians,5.21,371224PSpa,Sparta/Lacedaemon (Lakonia) 5559 Sparti - Σπάρτα,37.0821,22.4237,polity
ethnic,Athenians,5.21,380237PAth,Athens (Attica) 9448 Athina - Αθήναι,37.9718,23.72793,polity
ethnic,Chalcidians,5.21,405233RCha,Chalcidike region (Chalkidike) 90 Khalkidiki - Χαλκιδική,40.5,23.3,region/people
ethnic,Peloponnesians,5.21,375222RPel,Peloponnese (Hellas) 1736 Peloponisos - Πελοπόννησος,37.54,22.15,region/people
place,Thrace,5.21,410265RThr,Thrace region (Evros) 1818 Thraki - Θραίκη,41.0,26.5,region/people
place,Amphipolis,5.21,408238PAmp,Amphipolis (Serres) 247 Amphipolis - Αμφίπολις,40.822,23.847,polity
ethnic,Lacedaemonians,5.22,371224PSpa,Sparta/Lacedaemon (Lakonia) 5559 Sparti - Σπάρτα,37.0821,22.4237,polity
ethnic,Athenians,5.22,380237PAth,Athens (Attica) 9448 Athina - Αθήναι,37.9718,23.72793,polity
place,Argos,5.22,376227PArg,Argos (Argolid) 2457 Argos - Άργος,37.63091,22.72079,polity
place,Peloponnese,5.22,375222RPel,Peloponnese (Hellas) 1736 Peloponisos - Πελοπόννησος,37.54,22.15,region/people
ethnic,Lacedaemonians,5.23,371224PSpa,Sparta/Lacedaemon (Lakonia) 5559 Sparti - Σπάρτα,37.0821,22.4237,polity
ethnic,Athenians,5.23,380237PAth,Athens (Attica) 9448 Athina - Αθήναι,37.9718,23.72793,polity
place,Amyclae,5.23,370224UAmy,Amyklai (Lakonia) 130 Amykles - Αμύκλαι,37.0363,22.4502,sanctuary/temple
place,Acropolis,5.23,380237SAkr,Athenian Acropolis (Athens) 284 Akropoli - Ακρόπολις,37.9717,23.7257,sanctuary/temple
ethnic,Lacedaemonians,5.24,371224PSpa,Sparta/Lacedaemon (Lakonia) 5559 Sparti - Σπάρτα,37.0821,22.4237,polity
ethnic,Athenians,5.24,380237PAth,Athens (Attica) 9448 Athina - Αθήναι,37.9718,23.72793,polity
place,Acanthus,5.24,404239PAka,Akanthos (Chalkidike) 69 Ierissos - Άκανθος,40.392,23.888,polity
ethnic,Lacedaemonians,5.25,371224PSpa,Sparta/Lacedaemon (Lakonia) 5559 Sparti - Σπάρτα,37.0821,22.4237,polity
ethnic,Athenians,5.25,380237PAth,Athens (Attica) 9448 Athina - Αθήναι,37.9718,23.72793,polity
ethnic,Corinthians,5.25,379229PKor,Corinth/Korinthos (Korinthia) 1749 Archaia Korinthos - Κόρινθος,37.9054,22.8802,polity
place,Peloponnese,5.25,375222RPel,Peloponnese (Hellas) 1736 Peloponisos - Πελοπόννησος,37.54,22.15,region/people
ethnic,Lacedaemonians,5.26,371224PSpa,Sparta/Lacedaemon (Lakonia) 5559 Sparti - Σπάρτα,37.0821,22.4237,polity
ethnic,Boeotians,5.26,384233RBoi,Boiotia region (Boeotia) 1673 Viotia - Βοιωτία,38.35,23.25,region/people
ethnic,Peloponnesians,5.26,375222RPel,Peloponnese (Hellas) 1736 Peloponisos - Πελοπόννησος,37.54,22.15,region/people
demonym,Athenian,5.26,380237PAth,Athens (Attica) 9448 Athina - Αθήναι,37.9718,23.72793,polity
demonym,Mantinean,5.26,376224UMan,Mantineia (Arkadia) 400 Mantineia - Μαντίνεια,37.6181,22.3933,polity
demonym,Epidaurian,5.26,376232PEpi,Epidauros (Argolid) 206 Archaia Epidauros - Επίδαυρος,37.6331,23.1617,polity
place,Long Walls,5.26,380237FLW1,S Long Wall 1 (Athens) 41 Tauros - Μακρά Τείχη,37.96235,23.7026,fortification
place,Piraeus,5.26,379236HPei,Piraeus (Attica) 498 Piraeus - Πειραιεύς,37.9394,23.6448,deme
place,Thrace,5.26,410265RThr,Thrace region (Evros) 1818 Thraki - Θραίκη,41.0,26.5,region/people
place,Amphipolis,5.26,408238PAmp,Amphipolis (Serres) 247 Amphipolis - Αμφίπολις,40.822,23.847,polity
ethnic,Corinthians,5.27,379229PKor,Corinth/Korinthos (Korinthia) 1749 Archaia Korinthos - Κόρινθος,37.9054,22.8802,polity
ethnic,Athenians,5.27,380237PAth,Athens (Attica) 9448 Athina - Αθήναι,37.9718,23.72793,polity
ethnic,Argives,5.27,376227PArg,Argos (Argolid) 2457 Argos - Άργος,37.63091,22.72079,polity
ethnic,Lacedaemonians,5.27,371224PSpa,Sparta/Lacedaemon (Lakonia) 5559 Sparti - Σπάρτα,37.0821,22.4237,polity
place,Peloponnese,5.27,375222RPel,Peloponnese (Hellas) 1736 Peloponisos - Πελοπόννησος,37.54,22.15,region/people
ethnic,Argives,5.28,376227PArg,Argos (Argolid) 2457 Argos - Άργος,37.63091,22.72079,polity
demonym,Attic,5.28,379239RAtt,Attica region (Hellas) 1518 Attiki - Αττική,37.9,23.9,region/people
place,Athens,5.28,380237PAth,Athens (Attica) 9448 Athina - Αθήναι,37.9718,23.72793,polity
place,Lacedaemon,5.28,371224PSpa,Sparta/Lacedaemon (Lakonia) 5559 Sparti - Σπάρτα,37.0821,22.4237,polity
place,Peloponnese,5.28,375222RPel,Peloponnese (Hellas) 1736 Peloponisos - Πελοπόννησος,37.54,22.15,region/people
ethnic,Mantineans,5.29,376224UMan,Mantineia (Arkadia) 400 Mantineia - Μαντίνεια,37.6181,22.3933,polity
ethnic,Lacedaemonians,5.29,371224PSpa,Sparta/Lacedaemon (Lakonia) 5559 Sparti - Σπάρτα,37.0821,22.4237,polity
ethnic,Athenians,5.29,380237PAth,Athens (Attica) 9448 Athina - Αθήναι,37.9718,23.72793,polity
place,Arcadia,5.29,375223RArk,Arkadia region (Arkadia) 1437 Arkadia - Αρκαδία,37.5,22.3,region/people
place,Argos,5.29,376227PArg,Argos (Argolid) 2457 Argos - Άργος,37.63091,22.72079,polity
place,Peloponnese,5.29,375222RPel,Peloponnese (Hellas) 1736 Peloponisos - Πελοπόννησος,37.54,22.15,region/people
ethnic,Athenians,5.3,380237PAth,Athens (Attica) 9448 Athina - Αθήναι,37.9718,23.72793,polity
ethnic,Peloponnesians,5.3,375222RPel,Peloponnese (Hellas) 1736 Peloponisos - Πελοπόννησος,37.54,22.15,region/people
ethnic,Toronaeans,5.3,400239PTor,Torone (Chalkidike) 82 Toroni - Τορώνη,39.9764,23.9013,polity
ethnic,Toronaeans,5.3,400239PTor,Torone (Chalkidike) 82 Toroni - Τορώνη,39.9764,23.9013,polity
ethnic,Chalcidians,5.3,405233RCha,Chalcidike region (Chalkidike) 90 Khalkidiki - Χαλκιδική,40.5,23.3,region/people
ethnic,Olynthians,5.3,403234POly,Olynthos (Chalkidike) 226 Nea Olynthos - Ολυνθος,40.2963,23.354,polity
ethnic,Boeotians,5.3,384233RBoi,Boiotia region (Boeotia) 1673 Viotia - Βοιωτία,38.35,23.25,region/people
place,Torone,5.3,400239PTor,Torone (Chalkidike) 82 Toroni - Τορώνη,39.9764,23.9013,polity
place,Torone,5.3,400239PTor,Torone (Chalkidike) 82 Toroni - Τορώνη,39.9764,23.9013,polity
place,Panactum,5.3,382235FPan,Panakton (Attica) 29 Panakto - Πάνακτον,38.1841,23.5059,fortification
place,Torone,5.3,400239PTor,Torone (Chalkidike) 82 Toroni - Τορώνη,39.9764,23.9013,polity
place,Athos,5.3,402243LAth,Athos (Chalkidike) 150 Athos - Άθως,40.158,24.327,region/people
place,Amphipolis,5.3,408238PAmp,Amphipolis (Serres) 247 Amphipolis - Αμφίπολις,40.822,23.847,polity
person,Lacedaemonian,5.3,371224PSpa,Sparta/Lacedaemon (Lakonia) 5559 Sparti - Σπάρτα,37.0821,22.4237,polity
ethnic,Lacedaemonians,5.30,371224PSpa,Sparta/Lacedaemon (Lakonia) 5559 Sparti - Σπάρτα,37.0821,22.4237,polity
ethnic,Argives,5.30,376227PArg,Argos (Argolid) 2457 Argos - Άργος,37.63091,22.72079,polity
ethnic,Athenians,5.30,380237PAth,Athens (Attica) 9448 Athina - Αθήναι,37.9718,23.72793,polity
place,Peloponnese,5.30,375222RPel,Peloponnese (Hellas) 1736 Peloponisos - Πελοπόννησος,37.54,22.15,region/people
place,Corinth,5.30,379229PKor,Corinth/Korinthos (Korinthia) 1749 Archaia Korinthos - Κόρινθος,37.9054,22.8802,polity
place,Sollium,5.30,388207FSol,Sollion? (Akarnania) 9 Pogonia - Σόλλιον,38.795,20.835,polity
place,Anactorium,5.30,389208PAna,Anaktorion (Akarnania) 41 Ag. Petros - Ανακτόριον,38.9209,20.8435,polity
place,Potidaea,5.30,402233UPot,Poteidaia/Kassandreia (Chalkidike) 167 Nea Potidaia - Κασάνδρεια,40.1937,23.3278,polity
ethnic,Argives,5.31,376227PArg,Argos (Argolid) 2457 Argos - Άργος,37.63091,22.72079,polity
ethnic,Lepreans,5.31,374217PLep,Lepreon (Triphylia) 113 Lepreo - Λέπρεον,37.4406,21.7248,polity
ethnic,Arcadians,5.31,375223RArk,Arkadia region (Arkadia) 1437 Arkadia - Αρκαδία,37.5,22.3,region/people
ethnic,Eleans,5.31,378215REle,Eleia or Elis region (Eleia) 617 Ileia - Ήλις,37.8,21.5,region/people
ethnic,Lacedaemonians,5.31,371224PSpa,Sparta/Lacedaemon (Lakonia) 5559 Sparti - Σπάρτα,37.0821,22.4237,polity
ethnic,Corinthians,5.31,379229PKor,Corinth/Korinthos (Korinthia) 1749 Archaia Korinthos - Κόρινθος,37.9054,22.8802,polity
ethnic,Chalcidians,5.31,405233RCha,Chalcidike region (Chalkidike) 90 Khalkidiki - Χαλκιδική,40.5,23.3,region/people
ethnic,Boeotians,5.31,384233RBoi,Boiotia region (Boeotia) 1673 Viotia - Βοιωτία,38.35,23.25,region/people
ethnic,Megarians,5.31,380233PMeg,Megara (Megarid) 713 Megara - Μέγαρα,37.997,23.34285,polity
demonym,Attic,5.31,379239RAtt,Attica region (Hellas) 1518 Attiki - Αττική,37.9,23.9,region/people
person,Olympian,5.31,376216SOly,Olympian Zeus sanctuary (Eleia) 856 Archaia Olympia - Ολυμπία,37.6378,21.63,sanctuary/temple
ethnic,Plataeans,5.32,382233PPla,Plataea (Boeotia) 337 Plataia - Πλαταιά,38.2213,23.2733,polity
ethnic,Delians,5.32,374253PDel,Delos (Cyclades) 404 Dilos - Δήλος,37.398,25.267,polity
ethnic,Phocians,5.32,386227RPho,Phokis region (Central Greece) 781 Phokida - Φωκίς,38.6,22.7,region/people
ethnic,Locrians,5.32,386231ROpu,Lokris Opuntia region (Phthiotis) 288 Atalandi - Λοκροί  Οπούντιοι,38.65,23.04,region/people
ethnic,Corinthians,5.32,379229PKor,Corinth/Korinthos (Korinthia) 1749 Archaia Korinthos - Κόρινθος,37.9054,22.8802,polity
ethnic,Argives,5.32,376227PArg,Argos (Argolid) 2457 Argos - Άργος,37.63091,22.72079,polity
ethnic,Tegeans,5.32,375224PTeg,Tegea (Arkadia) 363 Piali/Episkopi - Τεγέα,37.464,22.429,polity
ethnic,Boeotians,5.32,384233RBoi,Boiotia region (Boeotia) 1673 Viotia - Βοιωτία,38.35,23.25,region/people
ethnic,Athenians,5.32,380237PAth,Athens (Attica) 9448 Athina - Αθήναι,37.9718,23.72793,polity
place,Scione,5.32,399236PSki,Skione (Chalkidike) 79 Nea Skioni - Σκιώνη,39.93675,23.56402,polity
place,Delphi,5.32,385225SDel,"Delphic Oracle, Pytho (Delphi) 1539 Delphous - Δελφοί",38.48264,22.50108,sanctuary/temple
place,Lacedaemon,5.32,371224PSpa,Sparta/Lacedaemon (Lakonia) 5559 Sparti - Σπάρτα,37.0821,22.4237,polity
place,Peloponnese,5.32,375222RPel,Peloponnese (Hellas) 1736 Peloponisos - Πελοπόννησος,37.54,22.15,region/people
ethnic,Lacedaemonians,5.33,371224PSpa,Sparta/Lacedaemon (Lakonia) 5559 Sparti - Σπάρτα,37.0821,22.4237,polity
ethnic,Parrhasians,5.33,375222RPar,Parrhasia region (Arkadia) 69  - Παρρασία,37.45,22.15,region/people
ethnic,Mantineans,5.33,376224UMan,Mantineia (Arkadia) 400 Mantineia - Μαντίνεια,37.6181,22.3933,polity
ethnic,Parrhasians,5.33,375222RPar,Parrhasia region (Arkadia) 69  - Παρρασία,37.45,22.15,region/people
demonym,Parrhasian,5.33,375222RPar,Parrhasia region (Arkadia) 69  - Παρρασία,37.45,22.15,region/people
demonym,Parrhasian,5.33,375222RPar,Parrhasia region (Arkadia) 69  - Παρρασία,37.45,22.15,region/people
demonym,Argive,5.33,376227PArg,Argos (Argolid) 2457 Argos - Άργος,37.63091,22.72079,polity
demonym,Parrhasian,5.33,375222RPar,Parrhasia region (Arkadia) 69  - Παρρασία,37.45,22.15,region/people
place,Arcadia,5.33,375223RArk,Arkadia region (Arkadia) 1437 Arkadia - Αρκαδία,37.5,22.3,region/people
place,Laconia,5.33,370225RLak,Lakonia region (Peloponnese) 790 Lakonia - Λακωνική,37.001,22.5,region/people
ethnic,Lacedaemonians,5.34,371224PSpa,Sparta/Lacedaemon (Lakonia) 5559 Sparti - Σπάρτα,37.0821,22.4237,polity
demonym,Laconian,5.34,370225RLak,Lakonia region (Peloponnese) 790 Lakonia - Λακωνική,37.001,22.5,region/people
demonym,Elean,5.34,378215REle,Eleia or Elis region (Eleia) 617 Ileia - Ήλις,37.8,21.5,region/people
place,Thrace,5.34,410265RThr,Thrace region (Evros) 1818 Thraki - Θραίκη,41.0,26.5,region/people
place,Lepreum,5.34,374217PLep,Lepreon (Triphylia) 113 Lepreo - Λέπρεον,37.4406,21.7248,polity
place,Elis,5.34,378214PEli,Elis (Eleia) 521 Elis - Ήλις,37.89,21.374,polity
ethnic,Athenians,5.35,380237PAth,Athens (Attica) 9448 Athina - Αθήναι,37.9718,23.72793,polity
ethnic,Peloponnesians,5.35,375222RPel,Peloponnese (Hellas) 1736 Peloponisos - Πελοπόννησος,37.54,22.15,region/people
ethnic,Boeotians,5.35,384233RBoi,Boiotia region (Boeotia) 1673 Viotia - Βοιωτία,38.35,23.25,region/people
ethnic,Corinthians,5.35,379229PKor,Corinth/Korinthos (Korinthia) 1749 Archaia Korinthos - Κόρινθος,37.9054,22.8802,polity
ethnic,Messenians,5.35,372218RMes,Messenia region (Messenia) 700 Messinia - Μεσσηνία,37.2,21.8,region/people
place,Thyssus,5.35,403242PThy,Thyssos (Chalkidike) 10 Skala Zographou - Θυσσός,40.288,24.1587,polity
place,Athos,5.35,402243LAth,Athos (Chalkidike) 150 Athos - Άθως,40.158,24.327,region/people
place,Lacedaemon,5.35,371224PSpa,Sparta/Lacedaemon (Lakonia) 5559 Sparti - Σπάρτα,37.0821,22.4237,polity
place,Amphipolis,5.35,408238PAmp,Amphipolis (Serres) 247 Amphipolis - Αμφίπολις,40.822,23.847,polity
place,Pylos,5.35,370217UPyl,Pylos/Koryphasion cape (Messenia) 112 Akr. Koryphasiou - Πύλος,36.9517,21.66,polity
place,Thrace,5.35,410265RThr,Thrace region (Evros) 1818 Thraki - Θραίκη,41.0,26.5,region/people
place,Panactum,5.35,382235FPan,Panakton (Attica) 29 Panakto - Πάνακτον,38.1841,23.5059,fortification
place,Laconia,5.35,370225RLak,Lakonia region (Peloponnese) 790 Lakonia - Λακωνική,37.001,22.5,region/people
place,Cranii,5.35,382205UKra,Krane (Kefallenia) 12 Razata - Κράνιοι,38.1712,20.5222,polity
place,Cephallenia,5.35,382206IKep,Kephallania (Kefallenia) 163 Kephallenia - Κεφαλληνία,38.2,20.59,island
ethnic,Athenians,5.36,380237PAth,Athens (Attica) 9448 Athina - Αθήναι,37.9718,23.72793,polity
ethnic,Boeotians,5.36,384233RBoi,Boiotia region (Boeotia) 1673 Viotia - Βοιωτία,38.35,23.25,region/people
ethnic,Corinthians,5.36,379229PKor,Corinth/Korinthos (Korinthia) 1749 Archaia Korinthos - Κόρινθος,37.9054,22.8802,polity
ethnic,Argives,5.36,376227PArg,Argos (Argolid) 2457 Argos - Άργος,37.63091,22.72079,polity
ethnic,Lacedaemonians,5.36,371224PSpa,Sparta/Lacedaemon (Lakonia) 5559 Sparti - Σπάρτα,37.0821,22.4237,polity
demonym,Attic,5.36,379239RAtt,Attica region (Hellas) 1518 Attiki - Αττική,37.9,23.9,region/people
place,Peloponnese,5.36,375222RPel,Peloponnese (Hellas) 1736 Peloponisos - Πελοπόννησος,37.54,22.15,region/people
place,Panactum,5.36,382235FPan,Panakton (Attica) 29 Panakto - Πάνακτον,38.1841,23.5059,fortification
place,Pylos,5.36,370217UPyl,Pylos/Koryphasion cape (Messenia) 112 Akr. Koryphasiou - Πύλος,36.9517,21.66,polity
ethnic,Boeotians,5.37,384233RBoi,Boiotia region (Boeotia) 1673 Viotia - Βοιωτία,38.35,23.25,region/people
ethnic,Corinthians,5.37,379229PKor,Corinth/Korinthos (Korinthia) 1749 Archaia Korinthos - Κόρινθος,37.9054,22.8802,polity
ethnic,Eleans,5.37,378215REle,Eleia or Elis region (Eleia) 617 Ileia - Ήλις,37.8,21.5,region/people
ethnic,Mantineans,5.37,376224UMan,Mantineia (Arkadia) 400 Mantineia - Μαντίνεια,37.6181,22.3933,polity
ethnic,Argives,5.37,376227PArg,Argos (Argolid) 2457 Argos - Άργος,37.63091,22.72079,polity
place,Lacedaemon,5.37,371224PSpa,Sparta/Lacedaemon (Lakonia) 5559 Sparti - Σπάρτα,37.0821,22.4237,polity
ethnic,Corinthians,5.38,379229PKor,Corinth/Korinthos (Korinthia) 1749 Archaia Korinthos - Κόρινθος,37.9054,22.8802,polity
ethnic,Megarians,5.38,380233PMeg,Megara (Megarid) 713 Megara - Μέγαρα,37.997,23.34285,polity
ethnic,Boeotians,5.38,384233RBoi,Boiotia region (Boeotia) 1673 Viotia - Βοιωτία,38.35,23.25,region/people
demonym,Argive,5.38,376227PArg,Argos (Argolid) 2457 Argos - Άργος,37.63091,22.72079,polity
place,Thrace,5.38,410265RThr,Thrace region (Evros) 1818 Thraki - Θραίκη,41.0,26.5,region/people
place,Lacedaemon,5.38,371224PSpa,Sparta/Lacedaemon (Lakonia) 5559 Sparti - Σπάρτα,37.0821,22.4237,polity
ethnic,Olynthians,5.39,403234POly,Olynthos (Chalkidike) 226 Nea Olynthos - Ολυνθος,40.2963,23.354,polity
ethnic,Athenians,5.39,380237PAth,Athens (Attica) 9448 Athina - Αθήναι,37.9718,23.72793,polity
ethnic,Lacedaemonians,5.39,371224PSpa,Sparta/Lacedaemon (Lakonia) 5559 Sparti - Σπάρτα,37.0821,22.4237,polity
ethnic,Boeotians,5.39,384233RBoi,Boiotia region (Boeotia) 1673 Viotia - Βοιωτία,38.35,23.25,region/people
place,Mecyberna,5.39,403234PMek,Mekyberna (Chalkidike) 21 Kalyves - Μηκύβερνα,40.28,23.4067,polity
place,Panactum,5.39,382235FPan,Panakton (Attica) 29 Panakto - Πάνακτον,38.1841,23.5059,fortification
place,Pylos,5.39,370217UPyl,Pylos/Koryphasion cape (Messenia) 112 Akr. Koryphasiou - Πύλος,36.9517,21.66,polity
place,Panactum,5.39,382235FPan,Panakton (Attica) 29 Panakto - Πάνακτον,38.1841,23.5059,fortification
place,Panactum,5.39,382235FPan,Panakton (Attica) 29 Panakto - Πάνακτον,38.1841,23.5059,fortification
place,Panactum,5.39,382235FPan,Panakton (Attica) 29 Panakto - Πάνακτον,38.1841,23.5059,fortification
ethnic,Leontines,5.4,373150PLeo,Leontini (Sicily) 199 Lentini - Λεοντίνη,37.2855,14.9981,polity
ethnic,Athenians,5.4,380237PAth,Athens (Attica) 9448 Athina - Αθήναι,37.9718,23.72793,polity
ethnic,Syracusans,5.4,371153PSyr,Syracuse (Sicily) 1628 Siracusa - Συράκουσαι,37.0639,15.293,polity
ethnic,Sicilians,5.4,376145RSic,Sicily region (Italy) 3245 Sicilia - Σικελία,37.6,14.5,region/people
place,Italy,5.4,406163RIta,Italia region (Italy) 4036 Italy - Ιταλία,40.6,16.3,region/people
place,Bricinniae,5.4,373149UBri,Brikinniai? (Sicily) 3 Monte Casale di San Basilio,37.3387,14.8558,polity
place,Camarina,5.4,369144PCam,Camarina (Sicily) 81 Camarina - Καμάρινα,36.8721,14.4474,polity
place,Agrigentum,5.4,373136PAkr,Akragas (Sicily) 276 Agrigento - Ακράγας,37.2906,13.5855,polity
place,Gela,5.4,371143PGel,Gela (Sicily) 132 Gela - Γέλα,37.063,14.2587,polity
place,Catana,5.4,375151PCat,Katane/Catina (Sicily) 164 Catania - Κατάνη,37.503,15.0881,polity
place,Bricinniae,5.4,373149UBri,Brikinniai? (Sicily) 3 Monte Casale di San Basilio,37.3387,14.8558,polity
ethnic,Argives,5.40,376227PArg,Argos (Argolid) 2457 Argos - Άργος,37.63091,22.72079,polity
ethnic,Boeotians,5.40,384233RBoi,Boiotia region (Boeotia) 1673 Viotia - Βοιωτία,38.35,23.25,region/people
ethnic,Lacedaemonians,5.40,371224PSpa,Sparta/Lacedaemon (Lakonia) 5559 Sparti - Σπάρτα,37.0821,22.4237,polity
ethnic,Athenians,5.40,380237PAth,Athens (Attica) 9448 Athina - Αθήναι,37.9718,23.72793,polity
ethnic,Tegeans,5.40,375224PTeg,Tegea (Arkadia) 363 Piali/Episkopi - Τεγέα,37.464,22.429,polity
place,Panactum,5.40,382235FPan,Panakton (Attica) 29 Panakto - Πάνακτον,38.1841,23.5059,fortification
place,Panactum,5.40,382235FPan,Panakton (Attica) 29 Panakto - Πάνακτον,38.1841,23.5059,fortification
place,Peloponnese,5.40,375222RPel,Peloponnese (Hellas) 1736 Peloponisos - Πελοπόννησος,37.54,22.15,region/people
ethnic,Argives,5.41,376227PArg,Argos (Argolid) 2457 Argos - Άργος,37.63091,22.72079,polity
ethnic,Lacedaemonians,5.41,371224PSpa,Sparta/Lacedaemon (Lakonia) 5559 Sparti - Σπάρτα,37.0821,22.4237,polity
demonym,Cynurian,5.41,374227RKyn,Kynouria region (Arkadia) 26  - Κυνουρία,37.424,22.693,region/people
place,Thyrea,5.41,374227PThy,Thyrea? (Arkadia) 78 Kastraki Meligou - Θυρέαι,37.395,22.733,polity
place,Anthene,5.41,375227UAnt,Anthene (Tsiorovo) (Arkadia) 11 Kato Doliana? - Ανθήνη,37.4529,22.6764,polity
ethnic,Argives,5.42,376227PArg,Argos (Argolid) 2457 Argos - Άργος,37.63091,22.72079,polity
ethnic,Boeotians,5.42,384233RBoi,Boiotia region (Boeotia) 1673 Viotia - Βοιωτία,38.35,23.25,region/people
ethnic,Athenians,5.42,380237PAth,Athens (Attica) 9448 Athina - Αθήναι,37.9718,23.72793,polity
ethnic,Lacedaemonians,5.42,371224PSpa,Sparta/Lacedaemon (Lakonia) 5559 Sparti - Σπάρτα,37.0821,22.4237,polity
place,Panactum,5.42,382235FPan,Panakton (Attica) 29 Panakto - Πάνακτον,38.1841,23.5059,fortification
place,Panactum,5.42,382235FPan,Panakton (Attica) 29 Panakto - Πάνακτον,38.1841,23.5059,fortification
place,Panactum,5.42,382235FPan,Panakton (Attica) 29 Panakto - Πάνακτον,38.1841,23.5059,fortification
place,Panactum,5.42,382235FPan,Panakton (Attica) 29 Panakto - Πάνακτον,38.1841,23.5059,fortification
ethnic,Lacedaemonians,5.43,371224PSpa,Sparta/Lacedaemon (Lakonia) 5559 Sparti - Σπάρτα,37.0821,22.4237,polity
ethnic,Athenians,5.43,380237PAth,Athens (Attica) 9448 Athina - Αθήναι,37.9718,23.72793,polity
ethnic,Argives,5.43,376227PArg,Argos (Argolid) 2457 Argos - Άργος,37.63091,22.72079,polity
ethnic,Mantineans,5.43,376224UMan,Mantineia (Arkadia) 400 Mantineia - Μαντίνεια,37.6181,22.3933,polity
ethnic,Eleans,5.43,378215REle,Eleia or Elis region (Eleia) 617 Ileia - Ήλις,37.8,21.5,region/people
ethnic,Athenians,5.44,380237PAth,Athens (Attica) 9448 Athina - Αθήναι,37.9718,23.72793,polity
ethnic,Lacedaemonians,5.44,371224PSpa,Sparta/Lacedaemon (Lakonia) 5559 Sparti - Σπάρτα,37.0821,22.4237,polity
ethnic,Argives,5.44,376227PArg,Argos (Argolid) 2457 Argos - Άργος,37.63091,22.72079,polity
ethnic,Boeotians,5.44,384233RBoi,Boiotia region (Boeotia) 1673 Viotia - Βοιωτία,38.35,23.25,region/people
place,Elis,5.44,378214PEli,Elis (Eleia) 521 Elis - Ήλις,37.89,21.374,polity
place,Mantinea,5.44,376224UMan,Mantineia (Arkadia) 400 Mantineia - Μαντίνεια,37.6181,22.3933,polity
place,Pylos,5.44,370217UPyl,Pylos/Koryphasion cape (Messenia) 112 Akr. Koryphasiou - Πύλος,36.9517,21.66,polity
place,Panactum,5.44,382235FPan,Panakton (Attica) 29 Panakto - Πάνακτον,38.1841,23.5059,fortification
ethnic,Lacedaemonians,5.45,371224PSpa,Sparta/Lacedaemon (Lakonia) 5559 Sparti - Σπάρτα,37.0821,22.4237,polity
ethnic,Athenians,5.45,380237PAth,Athens (Attica) 9448 Athina - Αθήναι,37.9718,23.72793,polity
ethnic,Argives,5.45,376227PArg,Argos (Argolid) 2457 Argos - Άργος,37.63091,22.72079,polity
ethnic,Eleans,5.45,378215REle,Eleia or Elis region (Eleia) 617 Ileia - Ήλις,37.8,21.5,region/people
ethnic,Mantineans,5.45,376224UMan,Mantineia (Arkadia) 400 Mantineia - Μαντίνεια,37.6181,22.3933,polity
place,Pylos,5.45,370217UPyl,Pylos/Koryphasion cape (Messenia) 112 Akr. Koryphasiou - Πύλος,36.9517,21.66,polity
ethnic,Lacedaemonians,5.46,371224PSpa,Sparta/Lacedaemon (Lakonia) 5559 Sparti - Σπάρτα,37.0821,22.4237,polity
ethnic,Boeotians,5.46,384233RBoi,Boiotia region (Boeotia) 1673 Viotia - Βοιωτία,38.35,23.25,region/people
ethnic,Athenians,5.46,380237PAth,Athens (Attica) 9448 Athina - Αθήναι,37.9718,23.72793,polity
ethnic,Argives,5.46,376227PArg,Argos (Argolid) 2457 Argos - Άργος,37.63091,22.72079,polity
place,Panactum,5.46,382235FPan,Panakton (Attica) 29 Panakto - Πάνακτον,38.1841,23.5059,fortification
place,Amphipolis,5.46,408238PAmp,Amphipolis (Serres) 247 Amphipolis - Αμφίπολις,40.822,23.847,polity
ethnic,Athenians,5.47,380237PAth,Athens (Attica) 9448 Athina - Αθήναι,37.9718,23.72793,polity
ethnic,Argives,5.47,376227PArg,Argos (Argolid) 2457 Argos - Άργος,37.63091,22.72079,polity
ethnic,Mantineans,5.47,376224UMan,Mantineia (Arkadia) 400 Mantineia - Μαντίνεια,37.6181,22.3933,polity
ethnic,Eleans,5.47,378215REle,Eleia or Elis region (Eleia) 617 Ileia - Ήλις,37.8,21.5,region/people
demonym,Aeginetan,5.47,378234PAig,Aigina polis (Aegina) 464 Aigina - Αίγινα,37.75,23.425,polity
place,Elis,5.47,378214PEli,Elis (Eleia) 521 Elis - Ήλις,37.89,21.374,polity
place,Citadel,5.47,380237SAkr,Athenian Acropolis (Athens) 284 Akropoli - Ακρόπολις,37.9717,23.7257,sanctuary/temple
place,agora,5.47,376227XAgA,Agora of Argos (Argos 5 Argos,37.6305,22.7214,site/excavation
ethnic,Lacedaemonians,5.48,371224PSpa,Sparta/Lacedaemon (Lakonia) 5559 Sparti - Σπάρτα,37.0821,22.4237,polity
ethnic,Athenians,5.48,380237PAth,Athens (Attica) 9448 Athina - Αθήναι,37.9718,23.72793,polity
ethnic,Argives,5.48,376227PArg,Argos (Argolid) 2457 Argos - Άργος,37.63091,22.72079,polity
ethnic,Eleans,5.48,378215REle,Eleia or Elis region (Eleia) 617 Ileia - Ήλις,37.8,21.5,region/people
ethnic,Mantineans,5.48,376224UMan,Mantineia (Arkadia) 400 Mantineia - Μαντίνεια,37.6181,22.3933,polity
ethnic,Corinthians,5.48,379229PKor,Corinth/Korinthos (Korinthia) 1749 Archaia Korinthos - Κόρινθος,37.9054,22.8802,polity
ethnic,Lacedaemonians,5.49,371224PSpa,Sparta/Lacedaemon (Lakonia) 5559 Sparti - Σπάρτα,37.0821,22.4237,polity
ethnic,Eleans,5.49,378215REle,Eleia or Elis region (Eleia) 617 Ileia - Ήλις,37.8,21.5,region/people
demonym,Olympic,5.49,376216SOly,Olympian Zeus sanctuary (Eleia) 856 Archaia Olympia - Ολυμπία,37.6378,21.63,sanctuary/temple
place,Lepreum,5.49,374217PLep,Lepreon (Triphylia) 113 Lepreo - Λέπρεον,37.4406,21.7248,polity
person,Arcadian,5.49,375223RArk,Arkadia region (Arkadia) 1437 Arkadia - Αρκαδία,37.5,22.3,region/people
ethnic,Locrians,5.5,382162PLoc,Locris (Italy) 225 Locri - Λοκροί Επιζεφύριοι,38.216,16.229,polity
ethnic,Sicilians,5.5,376145RSic,Sicily region (Italy) 3245 Sicilia - Σικελία,37.6,14.5,region/people
ethnic,Hipponians,5.5,387161PHip,Hipponion/Vibo Valentia (Magna Graecia) 33 Vibo Valentia - Ιππώνιον,38.6711,16.1079,polity
ethnic,Medmaeans,5.5,385160UEmp,Medma/Emporion (Magna Graecia) 11 Rosarno - Εμπόριον,38.4873,15.9764,polity
place,Italy,5.5,406163RIta,Italia region (Italy) 4036 Italy - Ιταλία,40.6,16.3,region/people
place,Athens,5.5,380237PAth,Athens (Attica) 9448 Athina - Αθήναι,37.9718,23.72793,polity
place,Messina,5.5,382156PMes,Zancle/Messana (Sicily) 290 Messina - Ζάγκλη,38.1923,15.5566,polity
ethnic,Eleans,5.50,378215REle,Eleia or Elis region (Eleia) 617 Ileia - Ήλις,37.8,21.5,region/people
ethnic,Lacedaemonians,5.50,371224PSpa,Sparta/Lacedaemon (Lakonia) 5559 Sparti - Σπάρτα,37.0821,22.4237,polity
ethnic,Lepreans,5.50,374217PLep,Lepreon (Triphylia) 113 Lepreo - Λέπρεον,37.4406,21.7248,polity
ethnic,Argives,5.50,376227PArg,Argos (Argolid) 2457 Argos - Άργος,37.63091,22.72079,polity
ethnic,Mantineans,5.50,376224UMan,Mantineia (Arkadia) 400 Mantineia - Μαντίνεια,37.6181,22.3933,polity
demonym,Athenian,5.50,380237PAth,Athens (Attica) 9448 Athina - Αθήναι,37.9718,23.72793,polity
demonym,Boeotian,5.50,384233RBoi,Boiotia region (Boeotia) 1673 Viotia - Βοιωτία,38.35,23.25,region/people
place,Harpina,5.50,376217UHar,Harpina (Eleia) 20 near Miraka - Άρπινα,37.6488,21.6747,polity
place,Corinth,5.50,379229PKor,Corinth/Korinthos (Korinthia) 1749 Archaia Korinthos - Κόρινθος,37.9054,22.8802,polity
person,Olympian,5.50,376216SOly,Olympian Zeus sanctuary (Eleia) 856 Archaia Olympia - Ολυμπία,37.6378,21.63,sanctuary/temple
ethnic,Aenianians,5.51,389221RAin,Ainianes (Phthiotis) 59 Perivoli - Αινιάνες,38.8374,22.0945,polity
ethnic,Dolopians,5.51,392217RDol,Dolopia region (Thessaly) 106  - Δόλοπες,39.2,21.7,region/people
ethnic,Malians,5.51,388224RMal,Malis region (Phthiotis) 97 Lamia - Μαλιεύς,38.8,22.4,region/people
ethnic,Thessalians,5.51,394223RThs,Thessaly region (Hellas) 1628 Thessalia - Θεσσαλία,39.4,22.3,region/people
demonym,Lacedaemonian,5.51,371224PSpa,Sparta/Lacedaemon (Lakonia) 5559 Sparti - Σπάρτα,37.0821,22.4237,polity
place,Heracleots,5.51,388224PHer,Herakleia Trachinia (Malis) 112 Iraklia - Ηράκλεια,38.794,22.4313,polity
place,Trachinia,5.51,388224RTra,Trachis region (Phthiotis) 112  - Τραχίς,38.75,22.4,region/people
ethnic,Boeotians,5.52,384233RBoi,Boiotia region (Boeotia) 1673 Viotia - Βοιωτία,38.35,23.25,region/people
ethnic,Athenians,5.52,380237PAth,Athens (Attica) 9448 Athina - Αθήναι,37.9718,23.72793,polity
ethnic,Lacedaemonians,5.52,371224PSpa,Sparta/Lacedaemon (Lakonia) 5559 Sparti - Σπάρτα,37.0821,22.4237,polity
ethnic,Argives,5.52,376227PArg,Argos (Argolid) 2457 Argos - Άργος,37.63091,22.72079,polity
ethnic,Corinthians,5.52,379229PKor,Corinth/Korinthos (Korinthia) 1749 Archaia Korinthos - Κόρινθος,37.9054,22.8802,polity
ethnic,Sicyonians,5.52,380227PSik,Sikyon (Korinthia) 619 Vasiliko - Σικυών,37.9834,22.7145,polity
demonym,Achaean,5.52,382219RAch,Achaea region (Achaia) 1800 Achaia - Αχαΐα,38.2,21.9,region/people
place,Heraclea,5.52,388224PHer,Herakleia Trachinia (Malis) 112 Iraklia - Ηράκλεια,38.794,22.4313,polity
place,Peloponnese,5.52,375222RPel,Peloponnese (Hellas) 1736 Peloponisos - Πελοπόννησος,37.54,22.15,region/people
place,Rhium,5.52,383218LRhi,Rhion cape (Achaia) 76 Rio - Ρίον,38.31,21.782,cape
ethnic,Epidaurians,5.53,376232PEpi,Epidauros (Argolid) 206 Archaia Epidauros - Επίδαυρος,37.6331,23.1617,polity
ethnic,Argives,5.53,376227PArg,Argos (Argolid) 2457 Argos - Άργος,37.63091,22.72079,polity
ethnic,Athenians,5.53,380237PAth,Athens (Attica) 9448 Athina - Αθήναι,37.9718,23.72793,polity
place,Corinth,5.53,379229PKor,Corinth/Korinthos (Korinthia) 1749 Archaia Korinthos - Κόρινθος,37.9054,22.8802,polity
place,Aegina,5.53,378234PAig,Aigina polis (Aegina) 464 Aigina - Αίγινα,37.75,23.425,polity
place,Scyllaeum,5.53,374235LSky,Skyllaion cape (Attica) 30 Cape Spathi - Σκύλλαιον,37.43785,23.5297,cape
ethnic,Lacedaemonians,5.54,371224PSpa,Sparta/Lacedaemon (Lakonia) 5559 Sparti - Σπάρτα,37.0821,22.4237,polity
ethnic,Dorians,5.54,387224RDor,Doris tetrapolis (Central Greece) 303 Dorida - Δωρίς,38.7,22.4,region/people
ethnic,Argives,5.54,376227PArg,Argos (Argolid) 2457 Argos - Άργος,37.63091,22.72079,polity
ethnic,Epidaurians,5.54,376232PEpi,Epidauros (Argolid) 206 Archaia Epidauros - Επίδαυρος,37.6331,23.1617,polity
place,Leuctra,5.54,373221ULeu,Leuktron (Arkadia) 5 Leontari - Λεύκτρον,37.322,22.143,polity
place,Lycaeum,5.54,375220LLyk,Lykaion Mt. (Arkadia) 77 Lykaion - Λύκαιον,37.4569,21.975,mountain
ethnic,Argives,5.55,376227PArg,Argos (Argolid) 2457 Argos - Άργος,37.63091,22.72079,polity
ethnic,Athenians,5.55,380237PAth,Athens (Attica) 9448 Athina - Αθήναι,37.9718,23.72793,polity
ethnic,Epidaurians,5.55,376232PEpi,Epidauros (Argolid) 206 Archaia Epidauros - Επίδαυρος,37.6331,23.1617,polity
ethnic,Lacedaemonians,5.55,371224PSpa,Sparta/Lacedaemon (Lakonia) 5559 Sparti - Σπάρτα,37.0821,22.4237,polity
place,Mantinea,5.55,376224UMan,Mantineia (Arkadia) 400 Mantineia - Μαντίνεια,37.6181,22.3933,polity
place,Caryae,5.55,373225UKar,Karyai? (Arkadia) 40 Analipsi/Pigadakia - Καρύα,37.3308,22.444,polity
person,Corinthian,5.55,379229PKor,Corinth/Korinthos (Korinthia) 1749 Archaia Korinthos - Κόρινθος,37.9054,22.8802,polity
ethnic,Lacedaemonians,5.56,371224PSpa,Sparta/Lacedaemon (Lakonia) 5559 Sparti - Σπάρτα,37.0821,22.4237,polity
ethnic,Athenians,5.56,380237PAth,Athens (Attica) 9448 Athina - Αθήναι,37.9718,23.72793,polity
ethnic,Argives,5.56,376227PArg,Argos (Argolid) 2457 Argos - Άργος,37.63091,22.72079,polity
ethnic,Messenians,5.56,372218RMes,Messenia region (Messenia) 700 Messinia - Μεσσηνία,37.2,21.8,region/people
ethnic,Epidaurians,5.56,376232PEpi,Epidauros (Argolid) 206 Archaia Epidauros - Επίδαυρος,37.6331,23.1617,polity
demonym,Laconian,5.56,370225RLak,Lakonia region (Peloponnese) 790 Lakonia - Λακωνική,37.001,22.5,region/people
place,Pylos,5.56,370217UPyl,Pylos/Koryphasion cape (Messenia) 112 Akr. Koryphasiou - Πύλος,36.9517,21.66,polity
place,Cranii,5.56,382205UKra,Krane (Kefallenia) 12 Razata - Κράνιοι,38.1712,20.5222,polity
ethnic,Lacedaemonians,5.57,371224PSpa,Sparta/Lacedaemon (Lakonia) 5559 Sparti - Σπάρτα,37.0821,22.4237,polity
ethnic,Epidaurians,5.57,376232PEpi,Epidauros (Argolid) 206 Archaia Epidauros - Επίδαυρος,37.6331,23.1617,polity
ethnic,Tegeans,5.57,375224PTeg,Tegea (Arkadia) 363 Piali/Episkopi - Τεγέα,37.464,22.429,polity
ethnic,Boeotians,5.57,384233RBoi,Boiotia region (Boeotia) 1673 Viotia - Βοιωτία,38.35,23.25,region/people
ethnic,Corinthians,5.57,379229PKor,Corinth/Korinthos (Korinthia) 1749 Archaia Korinthos - Κόρινθος,37.9054,22.8802,polity
ethnic,Phliasians,5.57,378226PPhl,Phlious (Korinthia) 219 Nemea - Φλιούς,37.846,22.648,polity
demonym,Arcadian,5.57,375223RArk,Arkadia region (Arkadia) 1437 Arkadia - Αρκαδία,37.5,22.3,region/people
place,Peloponnese,5.57,375222RPel,Peloponnese (Hellas) 1736 Peloponisos - Πελοπόννησος,37.54,22.15,region/people
place,Argos,5.57,376227PArg,Argos (Argolid) 2457 Argos - Άργος,37.63091,22.72079,polity
ethnic,Lacedaemonians,5.58,371224PSpa,Sparta/Lacedaemon (Lakonia) 5559 Sparti - Σπάρτα,37.0821,22.4237,polity
ethnic,Argives,5.58,376227PArg,Argos (Argolid) 2457 Argos - Άργος,37.63091,22.72079,polity
ethnic,Mantineans,5.58,376224UMan,Mantineia (Arkadia) 400 Mantineia - Μαντίνεια,37.6181,22.3933,polity
ethnic,Arcadians,5.58,375223RArk,Arkadia region (Arkadia) 1437 Arkadia - Αρκαδία,37.5,22.3,region/people
ethnic,Epidaurians,5.58,376232PEpi,Epidauros (Argolid) 206 Archaia Epidauros - Επίδαυρος,37.6331,23.1617,polity
ethnic,Corinthians,5.58,379229PKor,Corinth/Korinthos (Korinthia) 1749 Archaia Korinthos - Κόρινθος,37.9054,22.8802,polity
ethnic,Pellenians,5.58,380225PPel,Pellene (Korinthia) 135 Pellini - Πελλήνη,38.0446,22.5384,polity
ethnic,Phliasians,5.58,378226PPhl,Phlious (Korinthia) 219 Nemea - Φλιούς,37.846,22.648,polity
ethnic,Boeotians,5.58,384233RBoi,Boiotia region (Boeotia) 1673 Viotia - Βοιωτία,38.35,23.25,region/people
ethnic,Megarians,5.58,380233PMeg,Megara (Megarid) 713 Megara - Μέγαρα,37.997,23.34285,polity
ethnic,Sicyonians,5.58,380227PSik,Sikyon (Korinthia) 619 Vasiliko - Σικυών,37.9834,22.7145,polity
demonym,Elean,5.58,378215REle,Eleia or Elis region (Eleia) 617 Ileia - Ήλις,37.8,21.5,region/people
demonym,Nemean,5.58,378227SNem,Nemean Zeus sanct. (Korinthia) 215 Archaia Nemea - Νεμέα,37.8085,22.7108,sanctuary/temple
place,Methydrium,5.58,376222PMet,Methydrion (Arkadia) 64 Nemnitsa/Methydrion - Μεθύδριον,37.642,22.171,polity
place,Saminthus,5.58,377227USam,Saminthos (Argolid) 2 Borsa? - Σάμινθος,37.73,22.685,polity
ethnic,Argives,5.59,376227PArg,Argos (Argolid) 2457 Argos - Άργος,37.63091,22.72079,polity
ethnic,Phliasians,5.59,378226PPhl,Phlious (Korinthia) 219 Nemea - Φλιούς,37.846,22.648,polity
ethnic,Corinthians,5.59,379229PKor,Corinth/Korinthos (Korinthia) 1749 Archaia Korinthos - Κόρινθος,37.9054,22.8802,polity
ethnic,Boeotians,5.59,384233RBoi,Boiotia region (Boeotia) 1673 Viotia - Βοιωτία,38.35,23.25,region/people
ethnic,Megarians,5.59,380233PMeg,Megara (Megarid) 713 Megara - Μέγαρα,37.997,23.34285,polity
ethnic,Sicyonians,5.59,380227PSik,Sikyon (Korinthia) 619 Vasiliko - Σικυών,37.9834,22.7145,polity
ethnic,Lacedaemonians,5.59,371224PSpa,Sparta/Lacedaemon (Lakonia) 5559 Sparti - Σπάρτα,37.0821,22.4237,polity
ethnic,Pellenians,5.59,380225PPel,Pellene (Korinthia) 135 Pellini - Πελλήνη,38.0446,22.5384,polity
ethnic,Athenians,5.59,380237PAth,Athens (Attica) 9448 Athina - Αθήναι,37.9718,23.72793,polity
place,Nemea,5.59,378227SNem,Nemean Zeus sanct. (Korinthia) 215 Archaia Nemea - Νεμέα,37.8085,22.7108,sanctuary/temple
ethnic,Odomantians,5.6,410236ROdo,Odomantes tribe (Serres) 15 lower R. Strymon valley - Οδόμαντοι,41.0,23.6,region/people
ethnic,Edonians,5.6,408238UEdo,Edones tribe (Serres) 56 lower R. Strymon basin - Ηδώνες,40.9,23.9,region/people
demonym,Andrian,5.6,378248PAnd,Andros (Cyclades) 131 Palaiopolis - Άνδρος,37.8186,24.8279,polity
demonym,Argilian,5.6,408238PArg,Argilos (Serres) 20 SW Nea Kerdylia - Άργιλος,40.7801,23.8168,polity
demonym,Chalcidian,5.6,405233RCha,Chalcidike region (Chalkidike) 90 Khalkidiki - Χαλκιδική,40.5,23.3,region/people
place,Torone,5.6,400239PTor,Torone (Chalkidike) 82 Toroni - Τορώνη,39.9764,23.9013,polity
place,Amphipolis,5.6,408238PAmp,Amphipolis (Serres) 247 Amphipolis - Αμφίπολις,40.822,23.847,polity
place,Eion,5.6,408239PEio,Eion (Serres) 45  mouth of Strymon - Ηιών,40.781,23.877,polity
place,Stagirus,5.6,406238PSta,Stageira (Chalkidike) 70 Olympiada - Στάγειρα,40.5918,23.7946,polity
place,Galepsus,5.6,407240PGal,Galepsos (Kavala) 20 near Karyani - Γάληψος,40.7404,23.986,polity
place,Thasos,5.6,408247PTha,Thasos (Macedonia) 260 Thasos - Θάσος,40.7799,24.7138,polity
place,Thrace,5.6,410265RThr,Thrace region (Evros) 1818 Thraki - Θραίκη,41.0,26.5,region/people
place,Eion,5.6,408239PEio,Eion (Serres) 45  mouth of Strymon - Ηιών,40.781,23.877,polity
place,Cerdylium,5.6,408238UKer,Kerdylion (Serres) 6 Kato Kerdylia - Κερδύλιον,40.8064,23.7989,polity
place,Cerdylium,5.6,408238UKer,Kerdylion (Serres) 6 Kato Kerdylia - Κερδύλιον,40.8064,23.7989,polity
ethnic,Argives,5.60,376227PArg,Argos (Argolid) 2457 Argos - Άργος,37.63091,22.72079,polity
ethnic,Lacedaemonians,5.60,371224PSpa,Sparta/Lacedaemon (Lakonia) 5559 Sparti - Σπάρτα,37.0821,22.4237,polity
ethnic,Arcadians,5.60,375223RArk,Arkadia region (Arkadia) 1437 Arkadia - Αρκαδία,37.5,22.3,region/people
ethnic,Boeotians,5.60,384233RBoi,Boiotia region (Boeotia) 1673 Viotia - Βοιωτία,38.35,23.25,region/people
ethnic,Corinthians,5.60,379229PKor,Corinth/Korinthos (Korinthia) 1749 Archaia Korinthos - Κόρινθος,37.9054,22.8802,polity
ethnic,Sicyonians,5.60,380227PSik,Sikyon (Korinthia) 619 Vasiliko - Σικυών,37.9834,22.7145,polity
ethnic,Pellenians,5.60,380225PPel,Pellene (Korinthia) 135 Pellini - Πελλήνη,38.0446,22.5384,polity
ethnic,Phliasians,5.60,378226PPhl,Phlious (Korinthia) 219 Nemea - Φλιούς,37.846,22.648,polity
ethnic,Megarians,5.60,380233PMeg,Megara (Megarid) 713 Megara - Μέγαρα,37.997,23.34285,polity
place,Nemea,5.60,378227SNem,Nemean Zeus sanct. (Korinthia) 215 Archaia Nemea - Νεμέα,37.8085,22.7108,sanctuary/temple
place,Charadrus,5.60,378228WCha,Charadros R. (Argolid) 11 Xeria - Χάραδρος,37.645,22.677,river
ethnic,Argives,5.61,376227PArg,Argos (Argolid) 2457 Argos - Άργος,37.63091,22.72079,polity
ethnic,Lacedaemonians,5.61,371224PSpa,Sparta/Lacedaemon (Lakonia) 5559 Sparti - Σπάρτα,37.0821,22.4237,polity
ethnic,Mantineans,5.61,376224UMan,Mantineia (Arkadia) 400 Mantineia - Μαντίνεια,37.6181,22.3933,polity
ethnic,Eleans,5.61,378215REle,Eleia or Elis region (Eleia) 617 Ileia - Ήλις,37.8,21.5,region/people
ethnic,Athenians,5.61,380237PAth,Athens (Attica) 9448 Athina - Αθήναι,37.9718,23.72793,polity
ethnic,Orchomenians,5.61,377223POrc,Orchomenos (Arkadia) 150 Orchomenos - Ορχομενός,37.7247,22.3154,polity
place,Arcadia,5.61,375223RArk,Arkadia region (Arkadia) 1437 Arkadia - Αρκαδία,37.5,22.3,region/people
ethnic,Eleans,5.62,378215REle,Eleia or Elis region (Eleia) 617 Ileia - Ήλις,37.8,21.5,region/people
ethnic,Mantineans,5.62,376224UMan,Mantineia (Arkadia) 400 Mantineia - Μαντίνεια,37.6181,22.3933,polity
ethnic,Argives,5.62,376227PArg,Argos (Argolid) 2457 Argos - Άργος,37.63091,22.72079,polity
ethnic,Athenians,5.62,380237PAth,Athens (Attica) 9448 Athina - Αθήναι,37.9718,23.72793,polity
place,Orchomenos,5.62,377223POrc,Orchomenos (Arkadia) 150 Orchomenos - Ορχομενός,37.7247,22.3154,polity
place,Lepreum,5.62,374217PLep,Lepreon (Triphylia) 113 Lepreo - Λέπρεον,37.4406,21.7248,polity
place,Tegea,5.62,375224PTeg,Tegea (Arkadia) 363 Piali/Episkopi - Τεγέα,37.464,22.429,polity
ethnic,Lacedaemonians,5.63,371224PSpa,Sparta/Lacedaemon (Lakonia) 5559 Sparti - Σπάρτα,37.0821,22.4237,polity
place,Argos,5.63,376227PArg,Argos (Argolid) 2457 Argos - Άργος,37.63091,22.72079,polity
place,Orchomenos,5.63,377223POrc,Orchomenos (Arkadia) 150 Orchomenos - Ορχομενός,37.7247,22.3154,polity
ethnic,Argives,5.64,376227PArg,Argos (Argolid) 2457 Argos - Άργος,37.63091,22.72079,polity
ethnic,Spartans,5.64,371224PSpa,Sparta/Lacedaemon (Lakonia) 5559 Sparti - Σπάρτα,37.0821,22.4237,polity
ethnic,Arcadians,5.64,375223RArk,Arkadia region (Arkadia) 1437 Arkadia - Αρκαδία,37.5,22.3,region/people
ethnic,Boeotians,5.64,384233RBoi,Boiotia region (Boeotia) 1673 Viotia - Βοιωτία,38.35,23.25,region/people
ethnic,Phocians,5.64,386227RPho,Phokis region (Central Greece) 781 Phokida - Φωκίς,38.6,22.7,region/people
ethnic,Locrians,5.64,386231ROpu,Lokris Opuntia region (Phthiotis) 288 Atalandi - Λοκροί  Οπούντιοι,38.65,23.04,region/people
place,Tegea,5.64,375224PTeg,Tegea (Arkadia) 363 Piali/Episkopi - Τεγέα,37.464,22.429,polity
place,Orestheum,5.64,373222POre,Oresthasion (Arkadia) 27 Anemodouri - Ορεσθάσιον,37.3524,22.2181,polity
place,Maenalia,5.64,377223LMai,Mainalion Mt. (Arkadia) 80 Mainalo - Μαίναλος,37.4845,22.2693,mountain
place,Orestheum,5.64,373222POre,Oresthasion (Arkadia) 27 Anemodouri - Ορεσθάσιον,37.3524,22.2181,polity
place,Corinth,5.64,379229PKor,Corinth/Korinthos (Korinthia) 1749 Archaia Korinthos - Κόρινθος,37.9054,22.8802,polity
place,Mantinea,5.64,376224UMan,Mantineia (Arkadia) 400 Mantineia - Μαντίνεια,37.6181,22.3933,polity
ethnic,Argives,5.65,376227PArg,Argos (Argolid) 2457 Argos - Άργος,37.63091,22.72079,polity
ethnic,Lacedaemonians,5.65,371224PSpa,Sparta/Lacedaemon (Lakonia) 5559 Sparti - Σπάρτα,37.0821,22.4237,polity
ethnic,Mantineans,5.65,376224UMan,Mantineia (Arkadia) 400 Mantineia - Μαντίνεια,37.6181,22.3933,polity
ethnic,Tegeans,5.65,375224PTeg,Tegea (Arkadia) 363 Piali/Episkopi - Τεγέα,37.464,22.429,polity
ethnic,Argives,5.66,376227PArg,Argos (Argolid) 2457 Argos - Άργος,37.63091,22.72079,polity
ethnic,Lacedaemonians,5.66,371224PSpa,Sparta/Lacedaemon (Lakonia) 5559 Sparti - Σπάρτα,37.0821,22.4237,polity
ethnic,Lacedaemonians,5.67,371224PSpa,Sparta/Lacedaemon (Lakonia) 5559 Sparti - Σπάρτα,37.0821,22.4237,polity
ethnic,Arcadians,5.67,375223RArk,Arkadia region (Arkadia) 1437 Arkadia - Αρκαδία,37.5,22.3,region/people
ethnic,Maenalians,5.67,377223LMai,Mainalion Mt. (Arkadia) 80 Mainalo - Μαίναλος,37.4845,22.2693,mountain
ethnic,Tegeans,5.67,375224PTeg,Tegea (Arkadia) 363 Piali/Episkopi - Τεγέα,37.464,22.429,polity
ethnic,Mantineans,5.67,376224UMan,Mantineia (Arkadia) 400 Mantineia - Μαντίνεια,37.6181,22.3933,polity
ethnic,Argives,5.67,376227PArg,Argos (Argolid) 2457 Argos - Άργος,37.63091,22.72079,polity
ethnic,Cleonaeans,5.67,378228PKle,Cleonae (Korinthia) 109 Archaia Kleonai - Κλεωναί,37.825,22.776,polity
ethnic,Orneans,5.67,377225POrn,Orneai? (Argolid) 58 Palaiokastraki - Ορνειαί,37.71428,22.55716,polity
ethnic,Athenians,5.67,380237PAth,Athens (Attica) 9448 Athina - Αθήναι,37.9718,23.72793,polity
place,Thrace,5.67,410265RThr,Thrace region (Evros) 1818 Thraki - Θραίκη,41.0,26.5,region/people
place,Heraea,5.67,376219PHer,Heraia (Eleia) 95 Ag. Ioannis Archaias Iraias - Ηραία,37.6118,21.8585,polity
ethnic,Lacedaemonians,5.68,371224PSpa,Sparta/Lacedaemon (Lakonia) 5559 Sparti - Σπάρτα,37.0821,22.4237,polity
ethnic,Mantineans,5.69,376224UMan,Mantineia (Arkadia) 400 Mantineia - Μαντίνεια,37.6181,22.3933,polity
ethnic,Argives,5.69,376227PArg,Argos (Argolid) 2457 Argos - Άργος,37.63091,22.72079,polity
ethnic,Athenians,5.69,380237PAth,Athens (Attica) 9448 Athina - Αθήναι,37.9718,23.72793,polity
ethnic,Lacedaemonians,5.69,371224PSpa,Sparta/Lacedaemon (Lakonia) 5559 Sparti - Σπάρτα,37.0821,22.4237,polity
place,Peloponnese,5.69,375222RPel,Peloponnese (Hellas) 1736 Peloponisos - Πελοπόννησος,37.54,22.15,region/people
place,Attica,5.69,379239RAtt,Attica region (Hellas) 1518 Attiki - Αττική,37.9,23.9,region/people
place,Pylos,5.7,370217UPyl,Pylos/Koryphasion cape (Messenia) 112 Akr. Koryphasiou - Πύλος,36.9517,21.66,polity
place,Amphipolis,5.7,408238PAmp,Amphipolis (Serres) 247 Amphipolis - Αμφίπολις,40.822,23.847,polity
place,Strymon,5.7,408238WStr,Strymon R. (Serres) 155 Strymon - Στρυμών,40.7858,23.8489,river
place,Thrace,5.7,410265RThr,Thrace region (Evros) 1818 Thraki - Θραίκη,41.0,26.5,region/people
ethnic,Argives,5.70,376227PArg,Argos (Argolid) 2457 Argos - Άργος,37.63091,22.72079,polity
ethnic,Lacedaemonians,5.70,371224PSpa,Sparta/Lacedaemon (Lakonia) 5559 Sparti - Σπάρτα,37.0821,22.4237,polity
ethnic,Mantineans,5.71,376224UMan,Mantineia (Arkadia) 400 Mantineia - Μαντίνεια,37.6181,22.3933,polity
ethnic,Lacedaemonians,5.71,371224PSpa,Sparta/Lacedaemon (Lakonia) 5559 Sparti - Σπάρτα,37.0821,22.4237,polity
ethnic,Tegeans,5.71,375224PTeg,Tegea (Arkadia) 363 Piali/Episkopi - Τεγέα,37.464,22.429,polity
ethnic,Athenians,5.71,380237PAth,Athens (Attica) 9448 Athina - Αθήναι,37.9718,23.72793,polity
ethnic,Lacedaemonians,5.72,371224PSpa,Sparta/Lacedaemon (Lakonia) 5559 Sparti - Σπάρτα,37.0821,22.4237,polity
ethnic,Argives,5.72,376227PArg,Argos (Argolid) 2457 Argos - Άργος,37.63091,22.72079,polity
ethnic,Cleonaeans,5.72,378228PKle,Cleonae (Korinthia) 109 Archaia Kleonai - Κλεωναί,37.825,22.776,polity
ethnic,Orneans,5.72,377225POrn,Orneai? (Argolid) 58 Palaiokastraki - Ορνειαί,37.71428,22.55716,polity
ethnic,Athenians,5.72,380237PAth,Athens (Attica) 9448 Athina - Αθήναι,37.9718,23.72793,polity
demonym,Mantinean,5.72,376224UMan,Mantineia (Arkadia) 400 Mantineia - Μαντίνεια,37.6181,22.3933,polity
ethnic,Argives,5.73,376227PArg,Argos (Argolid) 2457 Argos - Άργος,37.63091,22.72079,polity
ethnic,Athenians,5.73,380237PAth,Athens (Attica) 9448 Athina - Αθήναι,37.9718,23.72793,polity
ethnic,Mantineans,5.73,376224UMan,Mantineia (Arkadia) 400 Mantineia - Μαντίνεια,37.6181,22.3933,polity
ethnic,Lacedaemonians,5.73,371224PSpa,Sparta/Lacedaemon (Lakonia) 5559 Sparti - Σπάρτα,37.0821,22.4237,polity
demonym,Tegean,5.73,375224PTeg,Tegea (Arkadia) 363 Piali/Episkopi - Τεγέα,37.464,22.429,polity
ethnic,Lacedaemonians,5.74,371224PSpa,Sparta/Lacedaemon (Lakonia) 5559 Sparti - Σπάρτα,37.0821,22.4237,polity
ethnic,Argives,5.74,376227PArg,Argos (Argolid) 2457 Argos - Άργος,37.63091,22.72079,polity
ethnic,Orneans,5.74,377225POrn,Orneai? (Argolid) 58 Palaiokastraki - Ορνειαί,37.71428,22.55716,polity
ethnic,Cleonaeans,5.74,378228PKle,Cleonae (Korinthia) 109 Archaia Kleonai - Κλεωναί,37.825,22.776,polity
ethnic,Mantineans,5.74,376224UMan,Mantineia (Arkadia) 400 Mantineia - Μαντίνεια,37.6181,22.3933,polity
ethnic,Athenians,5.74,380237PAth,Athens (Attica) 9448 Athina - Αθήναι,37.9718,23.72793,polity
ethnic,Aeginetans,5.74,378234PAig,Aigina polis (Aegina) 464 Aigina - Αίγινα,37.75,23.425,polity
place,Tegea,5.74,375224PTeg,Tegea (Arkadia) 363 Piali/Episkopi - Τεγέα,37.464,22.429,polity
ethnic,Lacedaemonians,5.75,371224PSpa,Sparta/Lacedaemon (Lakonia) 5559 Sparti - Σπάρτα,37.0821,22.4237,polity
ethnic,Epidaurians,5.75,376232PEpi,Epidauros (Argolid) 206 Archaia Epidauros - Επίδαυρος,37.6331,23.1617,polity
ethnic,Mantineans,5.75,376224UMan,Mantineia (Arkadia) 400 Mantineia - Μαντίνεια,37.6181,22.3933,polity
ethnic,Athenians,5.75,380237PAth,Athens (Attica) 9448 Athina - Αθήναι,37.9718,23.72793,polity
demonym,Argive,5.75,376227PArg,Argos (Argolid) 2457 Argos - Άργος,37.63091,22.72079,polity
demonym,Elean,5.75,378215REle,Eleia or Elis region (Eleia) 617 Ileia - Ήλις,37.8,21.5,region/people
place,Tegea,5.75,375224PTeg,Tegea (Arkadia) 363 Piali/Episkopi - Τεγέα,37.464,22.429,polity
place,Corinth,5.75,379229PKor,Corinth/Korinthos (Korinthia) 1749 Archaia Korinthos - Κόρινθος,37.9054,22.8802,polity
place,Isthmus,5.75,379230LIst,Isthmus (Korinthia) 240 Isthmia - Ισθμός,37.928,22.973,sanctuary/temple
ethnic,Lacedaemonians,5.76,371224PSpa,Sparta/Lacedaemon (Lakonia) 5559 Sparti - Σπάρτα,37.0821,22.4237,polity
ethnic,Argives,5.76,376227PArg,Argos (Argolid) 2457 Argos - Άργος,37.63091,22.72079,polity
place,Tegea,5.76,375224PTeg,Tegea (Arkadia) 363 Piali/Episkopi - Τεγέα,37.464,22.429,polity
ethnic,Lacedaemonians,5.77,371224PSpa,Sparta/Lacedaemon (Lakonia) 5559 Sparti - Σπάρτα,37.0821,22.4237,polity
ethnic,Argives,5.77,376227PArg,Argos (Argolid) 2457 Argos - Άργος,37.63091,22.72079,polity
ethnic,Orchomenians,5.77,377223POrc,Orchomenos (Arkadia) 150 Orchomenos - Ορχομενός,37.7247,22.3154,polity
ethnic,Maenalians,5.77,377223LMai,Mainalion Mt. (Arkadia) 80 Mainalo - Μαίναλος,37.4845,22.2693,mountain
ethnic,Athenians,5.77,380237PAth,Athens (Attica) 9448 Athina - Αθήναι,37.9718,23.72793,polity
ethnic,Epidaurians,5.77,376232PEpi,Epidauros (Argolid) 206 Archaia Epidauros - Επίδαυρος,37.6331,23.1617,polity
ethnic,Peloponnesians,5.77,375222RPel,Peloponnese (Hellas) 1736 Peloponisos - Πελοπόννησος,37.54,22.15,region/people
place,Mantinea,5.77,376224UMan,Mantineia (Arkadia) 400 Mantineia - Μαντίνεια,37.6181,22.3933,polity
ethnic,Argives,5.78,376227PArg,Argos (Argolid) 2457 Argos - Άργος,37.63091,22.72079,polity
ethnic,Mantineans,5.78,376224UMan,Mantineia (Arkadia) 400 Mantineia - Μαντίνεια,37.6181,22.3933,polity
ethnic,Eleans,5.78,378215REle,Eleia or Elis region (Eleia) 617 Ileia - Ήλις,37.8,21.5,region/people
ethnic,Athenians,5.78,380237PAth,Athens (Attica) 9448 Athina - Αθήναι,37.9718,23.72793,polity
ethnic,Lacedaemonians,5.78,371224PSpa,Sparta/Lacedaemon (Lakonia) 5559 Sparti - Σπάρτα,37.0821,22.4237,polity
place,Tegea,5.78,375224PTeg,Tegea (Arkadia) 363 Piali/Episkopi - Τεγέα,37.464,22.429,polity
ethnic,Lacedaemonians,5.79,371224PSpa,Sparta/Lacedaemon (Lakonia) 5559 Sparti - Σπάρτα,37.0821,22.4237,polity
ethnic,Argives,5.79,376227PArg,Argos (Argolid) 2457 Argos - Άργος,37.63091,22.72079,polity
place,Peloponnese,5.79,375222RPel,Peloponnese (Hellas) 1736 Peloponisos - Πελοπόννησος,37.54,22.15,region/people
ethnic,Athenians,5.8,380237PAth,Athens (Attica) 9448 Athina - Αθήναι,37.9718,23.72793,polity
ethnic,Lemnians,5.8,399253ILem,Lemnos (Aegean) 341 Lemnos - Λήμνος,39.93,25.21,island
ethnic,Imbrians,5.8,402259PImb,Imbros (Aegean) 77 Kalekoy - Ίμβρος,40.2331,25.903,polity
place,Cerdylium,5.8,408238UKer,Kerdylion (Serres) 6 Kato Kerdylia - Κερδύλιον,40.8064,23.7989,polity
place,Amphipolis,5.8,408238PAmp,Amphipolis (Serres) 247 Amphipolis - Αμφίπολις,40.822,23.847,polity
ethnic,Athenians,5.80,380237PAth,Athens (Attica) 9448 Athina - Αθήναι,37.9718,23.72793,polity
ethnic,Chalcidians,5.80,385236PCha,Chalkis (Euboea) 435 Chalkida - Χάλκις,38.4597,23.6153,polity
ethnic,Argives,5.80,376227PArg,Argos (Argolid) 2457 Argos - Άργος,37.63091,22.72079,polity
ethnic,Epidaurians,5.80,376232PEpi,Epidauros (Argolid) 206 Archaia Epidauros - Επίδαυρος,37.6331,23.1617,polity
place,Peloponnese,5.80,375222RPel,Peloponnese (Hellas) 1736 Peloponisos - Πελοπόννησος,37.54,22.15,region/people
ethnic,Mantineans,5.81,376224UMan,Mantineia (Arkadia) 400 Mantineia - Μαντίνεια,37.6181,22.3933,polity
ethnic,Argives,5.81,376227PArg,Argos (Argolid) 2457 Argos - Άργος,37.63091,22.72079,polity
ethnic,Lacedaemonians,5.81,371224PSpa,Sparta/Lacedaemon (Lakonia) 5559 Sparti - Σπάρτα,37.0821,22.4237,polity
place,Sicyon,5.81,380227PSik,Sikyon (Korinthia) 619 Vasiliko - Σικυών,37.9834,22.7145,polity
ethnic,Athenians,5.82,380237PAth,Athens (Attica) 9448 Athina - Αθήναι,37.9718,23.72793,polity
ethnic,Chalcidians,5.82,405233RCha,Chalcidike region (Chalkidike) 90 Khalkidiki - Χαλκιδική,40.5,23.3,region/people
ethnic,Lacedaemonians,5.82,371224PSpa,Sparta/Lacedaemon (Lakonia) 5559 Sparti - Σπάρτα,37.0821,22.4237,polity
ethnic,Argives,5.82,376227PArg,Argos (Argolid) 2457 Argos - Άργος,37.63091,22.72079,polity
place,Dium,5.82,404242PDio,Dion (Chalkidike) 18 Esfigmenou monastery? - Δίον,40.3559,24.1564,polity
place,Athos,5.82,402243LAth,Athos (Chalkidike) 150 Athos - Άθως,40.158,24.327,region/people
place,Achaea,5.82,382219RAch,Achaea region (Achaia) 1800 Achaia - Αχαΐα,38.2,21.9,region/people
place,Tegea,5.82,375224PTeg,Tegea (Arkadia) 363 Piali/Episkopi - Τεγέα,37.464,22.429,polity
place,Peloponnese,5.82,375222RPel,Peloponnese (Hellas) 1736 Peloponisos - Πελοπόννησος,37.54,22.15,region/people
ethnic,Lacedaemonians,5.83,371224PSpa,Sparta/Lacedaemon (Lakonia) 5559 Sparti - Σπάρτα,37.0821,22.4237,polity
ethnic,Corinthians,5.83,379229PKor,Corinth/Korinthos (Korinthia) 1749 Archaia Korinthos - Κόρινθος,37.9054,22.8802,polity
ethnic,Argives,5.83,376227PArg,Argos (Argolid) 2457 Argos - Άργος,37.63091,22.72079,polity
ethnic,Athenians,5.83,380237PAth,Athens (Attica) 9448 Athina - Αθήναι,37.9718,23.72793,polity
ethnic,Chalcidians,5.83,405233RCha,Chalcidike region (Chalkidike) 90 Khalkidiki - Χαλκιδική,40.5,23.3,region/people
place,Hysiae,5.83,375226UHys,Hysiai (Argolid) 22 Akhladokampos - Υσίαι,37.513,22.583,polity
place,Phlius,5.83,378226PPhl,Phlious (Korinthia) 219 Nemea - Φλιούς,37.846,22.648,polity
place,Macedonia,5.83,408225RMak,Macedonia region (Greece) 3609 Makedonia - Μακεδονία,40.81,22.5,region/people
place,Thrace,5.83,410265RThr,Thrace region (Evros) 1818 Thraki - Θραίκη,41.0,26.5,region/people
place,Amphipolis,5.83,408238PAmp,Amphipolis (Serres) 247 Amphipolis - Αμφίπολις,40.822,23.847,polity
ethnic,Athenians,5.84,380237PAth,Athens (Attica) 9448 Athina - Αθήναι,37.9718,23.72793,polity
ethnic,Melians,5.84,367244PMel,Melos (Cyclades) 128 Klima - Μήλος,36.7389,24.4199,polity
demonym,Lacedaemonian,5.84,371224PSpa,Sparta/Lacedaemon (Lakonia) 5559 Sparti - Σπάρτα,37.0821,22.4237,polity
demonym,Chian,5.84,384261PChi,Chios polis (Chios) 602 Khios - Χίος,38.3764,26.1342,polity
demonym,Lesbian,5.84,392261ILes,Lesbos (Lesbos) 438 Lesbos - Λέσβος,39.2075,26.2,island
place,Argos,5.84,376227PArg,Argos (Argolid) 2457 Argos - Άργος,37.63091,22.72079,polity
demonym,Athenian,5.85,380237PAth,Athens (Attica) 9448 Athina - Αθήναι,37.9718,23.72793,polity
demonym,Melian,5.86,367244PMel,Melos (Cyclades) 128 Klima - Μήλος,36.7389,24.4199,polity
ethnic,Lacedaemonians,5.89,371224PSpa,Sparta/Lacedaemon (Lakonia) 5559 Sparti - Σπάρτα,37.0821,22.4237,polity
ethnic,Peloponnesians,5.9,375222RPel,Peloponnese (Hellas) 1736 Peloponisos - Πελοπόννησος,37.54,22.15,region/people
ethnic,Dorians,5.9,387224RDor,Doris tetrapolis (Central Greece) 303 Dorida - Δωρίς,38.7,22.4,region/people
ethnic,Ionians,5.9,375275RIon,Ionia region (Asia Minor) 884 Izmir - Ιωνία,38.0,27.3,region/people
ethnic,Amphipolitans,5.9,408238PAmp,Amphipolis (Serres) 247 Amphipolis - Αμφίπολις,40.822,23.847,polity
demonym,Spartan,5.9,371224PSpa,Sparta/Lacedaemon (Lakonia) 5559 Sparti - Σπάρτα,37.0821,22.4237,polity
place,Athens,5.9,380237PAth,Athens (Attica) 9448 Athina - Αθήναι,37.9718,23.72793,polity
place,Lacedaemon,5.91,371224PSpa,Sparta/Lacedaemon (Lakonia) 5559 Sparti - Σπάρτα,37.0821,22.4237,polity
ethnic,Athenians,6.1,380237PAth,Athens (Attica) 9448 Athina - Αθήναι,37.9718,23.72793,polity
ethnic,Peloponnesians,6.1,375222RPel,Peloponnese (Hellas) 1736 Peloponisos - Πελοπόννησος,37.54,22.15,region/people
place,Sicily,6.1,376145RSic,Sicily region (Italy) 3245 Sicilia - Σικελία,37.6,14.5,region/people
ethnic,Lacedaemonians,6.10,371224PSpa,Sparta/Lacedaemon (Lakonia) 5559 Sparti - Σπάρτα,37.0821,22.4237,polity
ethnic,Siceliots,6.10,376145RSic,Sicily region (Italy) 3245 Sicilia - Σικελία,37.6,14.5,region/people
ethnic,Chalcidians,6.10,405233RCha,Chalcidike region (Chalkidike) 90 Khalkidiki - Χαλκιδική,40.5,23.3,region/people
ethnic,Egestaeans,6.10,379128PAig,Segesta (Sicily) 121 Segesta - Σέγεστα,37.9392,12.8399,polity
ethnic,Syracusans,6.100,371153PSyr,Syracuse (Sicily) 1628 Siracusa - Συράκουσαι,37.0639,15.293,polity
ethnic,Athenians,6.100,380237PAth,Athens (Attica) 9448 Athina - Αθήναι,37.9718,23.72793,polity
ethnic,Argives,6.100,376227PArg,Argos (Argolid) 2457 Argos - Άργος,37.63091,22.72079,polity
ethnic,Athenians,6.101,380237PAth,Athens (Attica) 9448 Athina - Αθήναι,37.9718,23.72793,polity
ethnic,Syracusans,6.101,371153PSyr,Syracuse (Sicily) 1628 Siracusa - Συράκουσαι,37.0639,15.293,polity
ethnic,Argives,6.101,376227PArg,Argos (Argolid) 2457 Argos - Άργος,37.63091,22.72079,polity
place,Epipolae,6.101,371152FEpi,Epipolai fort (Sicily) 49 Belvedere - Επιπολαί,37.0912,15.222,fortification
place,Thapsus,6.101,372152UTha,Thapsos (Sicily) 16 Magnisi peninsula - Θάψος,37.1531,15.2356,polity
place,Epipolae,6.101,371152FEpi,Epipolai fort (Sicily) 49 Belvedere - Επιπολαί,37.0912,15.222,fortification
ethnic,Athenians,6.102,380237PAth,Athens (Attica) 9448 Athina - Αθήναι,37.9718,23.72793,polity
ethnic,Syracusans,6.102,371153PSyr,Syracuse (Sicily) 1628 Siracusa - Συράκουσαι,37.0639,15.293,polity
place,Epipolae,6.102,371152FEpi,Epipolai fort (Sicily) 49 Belvedere - Επιπολαί,37.0912,15.222,fortification
place,Thapsus,6.102,372152UTha,Thapsos (Sicily) 16 Magnisi peninsula - Θάψος,37.1531,15.2356,polity
ethnic,Athenians,6.103,380237PAth,Athens (Attica) 9448 Athina - Αθήναι,37.9718,23.72793,polity
ethnic,Syracusans,6.103,371153PSyr,Syracuse (Sicily) 1628 Siracusa - Συράκουσαι,37.0639,15.293,polity
ethnic,Sicels,6.103,376145RSic,Sicily region (Italy) 3245 Sicilia - Σικελία,37.6,14.5,region/people
place,Epipolae,6.103,371152FEpi,Epipolai fort (Sicily) 49 Belvedere - Επιπολαί,37.0912,15.222,fortification
place,Italy,6.103,406163RIta,Italia region (Italy) 4036 Italy - Ιταλία,40.6,16.3,region/people
place,Tyrrhenia,6.103,430105RTyr,Tyrrhenians/Etruria (Italy) 1288 Toscana - Τυρρηνία,43.0,10.5,region/people
place,Peloponnese,6.103,375222RPel,Peloponnese (Hellas) 1736 Peloponisos - Πελοπόννησος,37.54,22.15,region/people
ethnic,Corinthians,6.104,379229PKor,Corinth/Korinthos (Korinthia) 1749 Archaia Korinthos - Κόρινθος,37.9054,22.8802,polity
ethnic,Thurians,6.104,397164PTho,Thourioi (Magna Graecia) 170 Sibari - Θούριοι,39.716,16.49,polity
demonym,Laconian,6.104,370225RLak,Lakonia region (Peloponnese) 790 Lakonia - Λακωνική,37.001,22.5,region/people
demonym,Leucadian,6.104,387207PLeu,Leukas (Ionian Islands) 213 Leukada - Λευκάς,38.81,20.717,polity
demonym,Ambraciot,6.104,390209UAmb,Ambracus (Arta) 92 Phidokastro - Άμβρακος,39.0419,20.9538,harbor
demonym,Terinaean,6.104,389162UTer,Terina (Magna Graecia) 26 Santa Eufemia - Τερίνα,38.9394,16.2339,polity
place,Sicily,6.104,376145RSic,Sicily region (Italy) 3245 Sicilia - Σικελία,37.6,14.5,region/people
place,Syracuse,6.104,371153PSyr,Syracuse (Sicily) 1628 Siracusa - Συράκουσαι,37.0639,15.293,polity
place,Italy,6.104,406163RIta,Italia region (Italy) 4036 Italy - Ιταλία,40.6,16.3,region/people
place,Ionian Sea,6.104,408187WIon,Ionian Sea (Greece/Italy) 284 Mar Ionio - Ιόνιος,39.2,18.7,sea/strait
place,Tarentum,6.104,405172PTar,Taras or Tarentum (Italy) 564 Taranto - Τάρας,40.476,17.228,polity
person,Lacedaemonian,6.104,371224PSpa,Sparta/Lacedaemon (Lakonia) 5559 Sparti - Σπάρτα,37.0821,22.4237,polity
ethnic,Lacedaemonians,6.105,371224PSpa,Sparta/Lacedaemon (Lakonia) 5559 Sparti - Σπάρτα,37.0821,22.4237,polity
ethnic,Athenians,6.105,380237PAth,Athens (Attica) 9448 Athina - Αθήναι,37.9718,23.72793,polity
ethnic,Argives,6.105,376227PArg,Argos (Argolid) 2457 Argos - Άργος,37.63091,22.72079,polity
ethnic,Mantineans,6.105,376224UMan,Mantineia (Arkadia) 400 Mantineia - Μαντίνεια,37.6181,22.3933,polity
demonym,Laconian,6.105,370225RLak,Lakonia region (Peloponnese) 790 Lakonia - Λακωνική,37.001,22.5,region/people
place,Pylos,6.105,370217UPyl,Pylos/Koryphasion cape (Messenia) 112 Akr. Koryphasiou - Πύλος,36.9517,21.66,polity
place,Peloponnese,6.105,375222RPel,Peloponnese (Hellas) 1736 Peloponisos - Πελοπόννησος,37.54,22.15,region/people
place,Epidaurus,6.105,367230UEpi,Epidauros Limera (Lakonia) 38 Palaia Monemvasia - Επίδαυρος Λιμηρά,36.731,23.026,polity
place,Prasiae,6.105,371229PPra,Prasiai (Arkadia) 30 Plaka - Πρασίαι,37.145,22.8882,polity
ethnic,Sicilians,6.11,376145RSic,Sicily region (Italy) 3245 Sicilia - Σικελία,37.6,14.5,region/people
ethnic,Egestaeans,6.11,379128PAig,Segesta (Sicily) 121 Segesta - Σέγεστα,37.9392,12.8399,polity
ethnic,Peloponnesians,6.11,375222RPel,Peloponnese (Hellas) 1736 Peloponisos - Πελοπόννησος,37.54,22.15,region/people
ethnic,Lacedaemonians,6.11,371224PSpa,Sparta/Lacedaemon (Lakonia) 5559 Sparti - Σπάρτα,37.0821,22.4237,polity
demonym,Syracusan,6.11,371153PSyr,Syracuse (Sicily) 1628 Siracusa - Συράκουσαι,37.0639,15.293,polity
ethnic,Siceliots,6.13,376145RSic,Sicily region (Italy) 3245 Sicilia - Σικελία,37.6,14.5,region/people
ethnic,Egestaeans,6.13,379128PAig,Segesta (Sicily) 121 Segesta - Σέγεστα,37.9392,12.8399,polity
ethnic,Selinuntines,6.13,376128PSel,Selinus (Sicily) 106 Selinunte - Σελινούς,37.5828,12.8251,polity
ethnic,Athenians,6.13,380237PAth,Athens (Attica) 9448 Athina - Αθήναι,37.9718,23.72793,polity
place,Ionian Sea,6.13,408187WIon,Ionian Sea (Greece/Italy) 284 Mar Ionio - Ιόνιος,39.2,18.7,sea/strait
ethnic,Athenians,6.14,380237PAth,Athens (Attica) 9448 Athina - Αθήναι,37.9718,23.72793,polity
ethnic,Athenians,6.15,380237PAth,Athens (Attica) 9448 Athina - Αθήναι,37.9718,23.72793,polity
place,Sicily,6.15,376145RSic,Sicily region (Italy) 3245 Sicilia - Σικελία,37.6,14.5,region/people
place,Carthage,6.15,369103PCar,Carthage (Tunisia) 2507 Tunis - Καρχηδών,36.85,10.32,polity
ethnic,Athenians,6.16,380237PAth,Athens (Attica) 9448 Athina - Αθήναι,37.9718,23.72793,polity
ethnic,Lacedaemonians,6.16,371224PSpa,Sparta/Lacedaemon (Lakonia) 5559 Sparti - Σπάρτα,37.0821,22.4237,polity
place,Peloponnese,6.16,375222RPel,Peloponnese (Hellas) 1736 Peloponisos - Πελοπόννησος,37.54,22.15,region/people
place,Mantinea,6.16,376224UMan,Mantineia (Arkadia) 400 Mantineia - Μαντίνεια,37.6181,22.3933,polity
ethnic,Peloponnesians,6.17,375222RPel,Peloponnese (Hellas) 1736 Peloponisos - Πελοπόννησος,37.54,22.15,region/people
ethnic,Siceliots,6.17,376145RSic,Sicily region (Italy) 3245 Sicilia - Σικελία,37.6,14.5,region/people
ethnic,Syracusans,6.17,371153PSyr,Syracuse (Sicily) 1628 Siracusa - Συράκουσαι,37.0639,15.293,polity
ethnic,Peloponnesians,6.18,375222RPel,Peloponnese (Hellas) 1736 Peloponisos - Πελοπόννησος,37.54,22.15,region/people
ethnic,Syracusans,6.18,371153PSyr,Syracuse (Sicily) 1628 Siracusa - Συράκουσαι,37.0639,15.293,polity
ethnic,Siceliots,6.18,376145RSic,Sicily region (Italy) 3245 Sicilia - Σικελία,37.6,14.5,region/people
ethnic,Egestaeans,6.19,379128PAig,Segesta (Sicily) 121 Segesta - Σέγεστα,37.9392,12.8399,polity
ethnic,Athenians,6.19,380237PAth,Athens (Attica) 9448 Athina - Αθήναι,37.9718,23.72793,polity
demonym,Leontine,6.19,373150PLeo,Leontini (Sicily) 199 Lentini - Λεοντίνη,37.2855,14.9981,polity
ethnic,Iberians,6.2,390000RIbe,Iberia/Hispania (Iberia) 520 Spain - Ιβηρία,39.0,-4.0,region/people
ethnic,Ligurians,6.2,443083RLig,Liguria (Italy) 349 Liguria - Λιγυρία/Λίγυες,44.3,8.3,region/people
ethnic,Trojans,6.2,400262UIli,Troy/Ilion (Troad) 3316 Truva - Τροίη,39.9575,26.2389,polity
ethnic,Achaeans,6.2,382219RAch,Achaea region (Achaia) 1800 Achaia - Αχαΐα,38.2,21.9,region/people
ethnic,Phocians,6.2,386227RPho,Phokis region (Central Greece) 781 Phokida - Φωκίς,38.6,22.7,region/people
ethnic,Sicels,6.2,376145RSic,Sicily region (Italy) 3245 Sicilia - Σικελία,37.6,14.5,region/people
ethnic,Phoenicians,6.2,335354RPho,Phoenicia (Lebanon) 1083 Lebanon - Φοινική,33.5,35.4,region/people
place,Sicanus,6.2,392-03USuc,Sucro (Iberia) 32 Albalat de la Ribera - Σούκρων,39.1994,-0.3868,polity
place,Eryx,6.2,380126UEry,Eryx (Sicily) 87 Erice - Έρυξ,38.04,12.588,polity
place,Egesta,6.2,379128PAig,Segesta (Sicily) 121 Segesta - Σέγεστα,37.9392,12.8399,polity
place,Libya,6.2,300070RLib,Libya (Africa) 1525 North Africa - Λιβύη,32.01,10.01,region/people
place,Italy,6.2,406163RIta,Italia region (Italy) 4036 Italy - Ιταλία,40.6,16.3,region/people
place,Motye,6.2,379125PMot,Motya (Sicily) 33 Mozia - Μοτύλαι,37.8698,12.4701,polity
place,Soloeis,6.2,381135USol,Solous/Soluntum (Sicily) 15 Solanto - Σολούς,38.09286,13.53176,polity
place,Panormus,6.2,381134UPan,Panormus (Sicily) 75 Palermo - Πάνορμος,38.118,13.363,polity
place,Carthage,6.2,369103PCar,Carthage (Tunisia) 2507 Tunis - Καρχηδών,36.85,10.32,polity
place,Naxos,6.20,378153UNax,Naxos (Sicily) 63 Naxos-Giardini - Νάξος,37.8227,15.2726,polity
place,Catana,6.20,375151PCat,Katane/Catina (Sicily) 164 Catania - Κατάνη,37.503,15.0881,polity
place,Leontini,6.20,373150PLeo,Leontini (Sicily) 199 Lentini - Λεοντίνη,37.2855,14.9981,polity
place,Selinus,6.20,376128PSel,Selinus (Sicily) 106 Selinunte - Σελινούς,37.5828,12.8251,polity
place,Syracuse,6.20,371153PSyr,Syracuse (Sicily) 1628 Siracusa - Συράκουσαι,37.0639,15.293,polity
ethnic,Egestaeans,6.21,379128PAig,Segesta (Sicily) 121 Segesta - Σέγεστα,37.9392,12.8399,polity
place,Athens,6.21,380237PAth,Athens (Attica) 9448 Athina - Αθήναι,37.9718,23.72793,polity
demonym,Sicilian,6.22,376145RSic,Sicily region (Italy) 3245 Sicilia - Σικελία,37.6,14.5,region/people
place,Athens,6.22,380237PAth,Athens (Attica) 9448 Athina - Αθήναι,37.9718,23.72793,polity
place,Peloponnese,6.22,375222RPel,Peloponnese (Hellas) 1736 Peloponisos - Πελοπόννησος,37.54,22.15,region/people
place,Egesta,6.22,379128PAig,Segesta (Sicily) 121 Segesta - Σέγεστα,37.9392,12.8399,polity
place,Athens,6.23,380237PAth,Athens (Attica) 9448 Athina - Αθήναι,37.9718,23.72793,polity
place,Sicily,6.23,376145RSic,Sicily region (Italy) 3245 Sicilia - Σικελία,37.6,14.5,region/people
ethnic,Athenians,6.24,380237PAth,Athens (Attica) 9448 Athina - Αθήναι,37.9718,23.72793,polity
ethnic,Athenians,6.25,380237PAth,Athens (Attica) 9448 Athina - Αθήναι,37.9718,23.72793,polity
place,Crete,6.25,352252IKre,Crete (Greece) 1562 Kriti - Κρήτη,35.2052,25.1836,region/people
ethnic,Athenians,6.26,380237PAth,Athens (Attica) 9448 Athina - Αθήναι,37.9718,23.72793,polity
place,Athens,6.27,380237PAth,Athens (Attica) 9448 Athina - Αθήναι,37.9718,23.72793,polity
place,the Hermae,6.28,380237AHms,the Herms/Hermai (Athens) 29 Agora,37.97611,23.72255,monument
place,the Hermae,6.28,380237AHms,the Herms/Hermai (Athens) 29 Agora,37.97611,23.72255,monument
ethnic,Argives,6.29,376227PArg,Argos (Argolid) 2457 Argos - Άργος,37.63091,22.72079,polity
ethnic,Mantineans,6.29,376224UMan,Mantineia (Arkadia) 400 Mantineia - Μαντίνεια,37.6181,22.3933,polity
ethnic,Chalcidians,6.3,385236PCha,Chalkis (Euboea) 435 Chalkida - Χάλκις,38.4597,23.6153,polity
ethnic,Sicels,6.3,376145RSic,Sicily region (Italy) 3245 Sicilia - Σικελία,37.6,14.5,region/people
ethnic,Catanians,6.3,375151PCat,Katane/Catina (Sicily) 164 Catania - Κατάνη,37.503,15.0881,polity
place,Euboea,6.3,385239IEub,Euboia (Euboea) 740 Evia - Εύβοια,38.53,23.87,island
place,Naxos,6.3,378153UNax,Naxos (Sicily) 63 Naxos-Giardini - Νάξος,37.8227,15.2726,polity
place,Syracuse,6.3,371153PSyr,Syracuse (Sicily) 1628 Siracusa - Συράκουσαι,37.0639,15.293,polity
place,Corinth,6.3,379229PKor,Corinth/Korinthos (Korinthia) 1749 Archaia Korinthos - Κόρινθος,37.9054,22.8802,polity
place,Naxos,6.3,378153UNax,Naxos (Sicily) 63 Naxos-Giardini - Νάξος,37.8227,15.2726,polity
place,Leontini,6.3,373150PLeo,Leontini (Sicily) 199 Lentini - Λεοντίνη,37.2855,14.9981,polity
ethnic,Athenians,6.30,380237PAth,Athens (Attica) 9448 Athina - Αθήναι,37.9718,23.72793,polity
place,Sicily,6.30,376145RSic,Sicily region (Italy) 3245 Sicilia - Σικελία,37.6,14.5,region/people
place,Corcyra,6.30,396199PKer,Corcyra (Ionian Islands) 405 Kerkyra/Corfu - Κέρκυρα,39.6063,19.9156,polity
place,Ionian Sea,6.30,408187WIon,Ionian Sea (Greece/Italy) 284 Mar Ionio - Ιόνιος,39.2,18.7,sea/strait
place,Iapygian promontory,6.30,398183LIap,Iapygian cape (Magna Graecia) 15 Leuca - άκρα Ιαπυγία,39.791,18.3455,cape
place,Piraeus,6.30,379236HPei,Piraeus (Attica) 498 Piraeus - Πειραιεύς,37.9394,23.6448,deme
demonym,Athenian,6.31,380237PAth,Athens (Attica) 9448 Athina - Αθήναι,37.9718,23.72793,polity
demonym,Lesbian,6.31,392261ILes,Lesbos (Lesbos) 438 Lesbos - Λέσβος,39.2075,26.2,island
demonym,Chian,6.31,384261PChi,Chios polis (Chios) 602 Khios - Χίος,38.3764,26.1342,polity
place,Epidaurus,6.31,376232PEpi,Epidauros (Argolid) 206 Archaia Epidauros - Επίδαυρος,37.6331,23.1617,polity
place,Potidaea,6.31,402233UPot,Poteidaia/Kassandreia (Chalkidike) 167 Nea Potidaia - Κασάνδρεια,40.1937,23.3278,polity
demonym,Athenian,6.32,380237PAth,Athens (Attica) 9448 Athina - Αθήναι,37.9718,23.72793,polity
place,Aegina,6.32,378234PAig,Aigina polis (Aegina) 464 Aigina - Αίγινα,37.75,23.425,polity
place,Corcyra,6.32,396199PKer,Corcyra (Ionian Islands) 405 Kerkyra/Corfu - Κέρκυρα,39.6063,19.9156,polity
place,Syracuse,6.32,371153PSyr,Syracuse (Sicily) 1628 Siracusa - Συράκουσαι,37.0639,15.293,polity
ethnic,Athenians,6.33,380237PAth,Athens (Attica) 9448 Athina - Αθήναι,37.9718,23.72793,polity
ethnic,Egestaeans,6.33,379128PAig,Segesta (Sicily) 121 Segesta - Σέγεστα,37.9392,12.8399,polity
ethnic,Siceliots,6.33,376145RSic,Sicily region (Italy) 3245 Sicilia - Σικελία,37.6,14.5,region/people
place,Leontini,6.33,373150PLeo,Leontini (Sicily) 199 Lentini - Λεοντίνη,37.2855,14.9981,polity
ethnic,Sicels,6.34,376145RSic,Sicily region (Italy) 3245 Sicilia - Σικελία,37.6,14.5,region/people
ethnic,Athenians,6.34,380237PAth,Athens (Attica) 9448 Athina - Αθήναι,37.9718,23.72793,polity
ethnic,Lacedaemonians,6.34,371224PSpa,Sparta/Lacedaemon (Lakonia) 5559 Sparti - Σπάρτα,37.0821,22.4237,polity
place,Italy,6.34,406163RIta,Italia region (Italy) 4036 Italy - Ιταλία,40.6,16.3,region/people
place,Carthage,6.34,369103PCar,Carthage (Tunisia) 2507 Tunis - Καρχηδών,36.85,10.32,polity
place,Corinth,6.34,379229PKor,Corinth/Korinthos (Korinthia) 1749 Archaia Korinthos - Κόρινθος,37.9054,22.8802,polity
place,Tarentum,6.34,405172PTar,Taras or Tarentum (Italy) 564 Taranto - Τάρας,40.476,17.228,polity
place,Iapygian promontory,6.34,398183LIap,Iapygian cape (Magna Graecia) 15 Leuca - άκρα Ιαπυγία,39.791,18.3455,cape
place,Ionian Sea,6.34,408187WIon,Ionian Sea (Greece/Italy) 284 Mar Ionio - Ιόνιος,39.2,18.7,sea/strait
place,Corcyra,6.34,396199PKer,Corcyra (Ionian Islands) 405 Kerkyra/Corfu - Κέρκυρα,39.6063,19.9156,polity
ethnic,Athenians,6.35,380237PAth,Athens (Attica) 9448 Athina - Αθήναι,37.9718,23.72793,polity
place,Syracuse,6.35,371153PSyr,Syracuse (Sicily) 1628 Siracusa - Συράκουσαι,37.0639,15.293,polity
ethnic,Athenians,6.36,380237PAth,Athens (Attica) 9448 Athina - Αθήναι,37.9718,23.72793,polity
ethnic,Peloponnesians,6.36,375222RPel,Peloponnese (Hellas) 1736 Peloponisos - Πελοπόννησος,37.54,22.15,region/people
place,Sicily,6.36,376145RSic,Sicily region (Italy) 3245 Sicilia - Σικελία,37.6,14.5,region/people
ethnic,Egestaeans,6.37,379128PAig,Segesta (Sicily) 121 Segesta - Σέγεστα,37.9392,12.8399,polity
place,Sicily,6.37,376145RSic,Sicily region (Italy) 3245 Sicilia - Σικελία,37.6,14.5,region/people
place,Peloponnese,6.37,375222RPel,Peloponnese (Hellas) 1736 Peloponisos - Πελοπόννησος,37.54,22.15,region/people
place,Syracuse,6.37,371153PSyr,Syracuse (Sicily) 1628 Siracusa - Συράκουσαι,37.0639,15.293,polity
ethnic,Athenians,6.38,380237PAth,Athens (Attica) 9448 Athina - Αθήναι,37.9718,23.72793,polity
ethnic,Chalcidians,6.4,385236PCha,Chalkis (Euboea) 435 Chalkida - Χάλκις,38.4597,23.6153,polity
ethnic,Geloans,6.4,371143PGel,Gela (Sicily) 132 Gela - Γέλα,37.063,14.2587,polity
ethnic,Sicels,6.4,376145RSic,Sicily region (Italy) 3245 Sicilia - Σικελία,37.6,14.5,region/people
ethnic,Samians,6.4,377269PSam,Samos (Aegean) 872 Pythagoreio - Σάμος,37.695,26.935,polity
ethnic,Ionians,6.4,375275RIon,Ionia region (Asia Minor) 884 Izmir - Ιωνία,38.0,27.3,region/people
ethnic,Medes,6.4,355480RMed,Media (Asia) 945 Hamedan - Μηδία,35.5,48.0,region/people
demonym,Hyblaean,6.4,376149UHyb,Hybla Gereatis (Sicily) 37 Paterna - Ύβλαι,37.5673,14.9009,polity
demonym,Syracusan,6.4,371153PSyr,Syracuse (Sicily) 1628 Siracusa - Συράκουσαι,37.0639,15.293,polity
demonym,Dorian,6.4,387224RDor,Doris tetrapolis (Central Greece) 303 Dorida - Δωρίς,38.7,22.4,region/people
place,Megara,6.4,380233PMeg,Megara (Megarid) 713 Megara - Μέγαρα,37.997,23.34285,polity
place,Leontini,6.4,373150PLeo,Leontini (Sicily) 199 Lentini - Λεοντίνη,37.2855,14.9981,polity
place,Thapsus,6.4,372152UTha,Thapsos (Sicily) 16 Magnisi peninsula - Θάψος,37.1531,15.2356,polity
place,Thapsus,6.4,372152UTha,Thapsos (Sicily) 16 Magnisi peninsula - Θάψος,37.1531,15.2356,polity
place,Megara,6.4,372152PMeg,Megara Hyblaia (Sicily) 49 Megara Hyblaea - Μέγαρα / Ύβλα,37.2037,15.1818,polity
place,Selinus,6.4,376128PSel,Selinus (Sicily) 106 Selinunte - Σελινούς,37.5828,12.8251,polity
place,Rhodes,6.4,364282IRho,Rhodes (Dodecanese) 1346 Rodos - Ρόδος,36.4408,28.2244,polity
place,Crete,6.4,352252IKre,Crete (Greece) 1562 Kriti - Κρήτη,35.2052,25.1836,region/people
place,Acragas,6.4,373136PAkr,Akragas (Sicily) 276 Agrigento - Ακράγας,37.2906,13.5855,polity
place,Zancle,6.4,382156PMes,Zancle/Messana (Sicily) 290 Messina - Ζάγκλη,38.1923,15.5566,polity
place,Cuma,6.4,408141PCum,Cumae (Italy) 253 Cuma - Κύμη,40.848,14.058,polity
place,Euboea,6.4,385239IEub,Euboia (Euboea) 740 Evia - Εύβοια,38.53,23.87,island
person,Rhegium,6.4,381156PRhe,Rhegion (Magna Graecia) 334 Reggio Calabria - Ρήγιον,38.109,15.644,polity
ethnic,Athenians,6.40,380237PAth,Athens (Attica) 9448 Athina - Αθήναι,37.9718,23.72793,polity
ethnic,Syracusans,6.41,371153PSyr,Syracuse (Sicily) 1628 Siracusa - Συράκουσαι,37.0639,15.293,polity
ethnic,Athenians,6.42,380237PAth,Athens (Attica) 9448 Athina - Αθήναι,37.9718,23.72793,polity
place,Corcyra,6.42,396199PKer,Corcyra (Ionian Islands) 405 Kerkyra/Corfu - Κέρκυρα,39.6063,19.9156,polity
place,Italy,6.42,406163RIta,Italia region (Italy) 4036 Italy - Ιταλία,40.6,16.3,region/people
place,Sicily,6.42,376145RSic,Sicily region (Italy) 3245 Sicilia - Σικελία,37.6,14.5,region/people
ethnic,Athenians,6.43,380237PAth,Athens (Attica) 9448 Athina - Αθήναι,37.9718,23.72793,polity
ethnic,Argives,6.43,376227PArg,Argos (Argolid) 2457 Argos - Άργος,37.63091,22.72079,polity
ethnic,Mantineans,6.43,376224UMan,Mantineia (Arkadia) 400 Mantineia - Μαντίνεια,37.6181,22.3933,polity
ethnic,Cretans,6.43,352252IKre,Crete (Greece) 1562 Kriti - Κρήτη,35.2052,25.1836,region/people
demonym,Rhodian,6.43,364282IRho,Rhodes (Dodecanese) 1346 Rodos - Ρόδος,36.4408,28.2244,polity
place,Corcyra,6.43,396199PKer,Corcyra (Ionian Islands) 405 Kerkyra/Corfu - Κέρκυρα,39.6063,19.9156,polity
place,Sicily,6.43,376145RSic,Sicily region (Italy) 3245 Sicilia - Σικελία,37.6,14.5,region/people
place,Chios,6.43,384261PChi,Chios polis (Chios) 602 Khios - Χίος,38.3764,26.1342,polity
place,Megara,6.43,380233PMeg,Megara (Megarid) 713 Megara - Μέγαρα,37.997,23.34285,polity
ethnic,Rhegians,6.44,381156PRhe,Rhegion (Magna Graecia) 334 Reggio Calabria - Ρήγιον,38.109,15.644,polity
ethnic,Chalcidians,6.44,385236PCha,Chalkis (Euboea) 435 Chalkida - Χάλκις,38.4597,23.6153,polity
ethnic,Athenians,6.44,380237PAth,Athens (Attica) 9448 Athina - Αθήναι,37.9718,23.72793,polity
demonym,Leontine,6.44,373150PLeo,Leontini (Sicily) 199 Lentini - Λεοντίνη,37.2855,14.9981,polity
place,Corcyra,6.44,396199PKer,Corcyra (Ionian Islands) 405 Kerkyra/Corfu - Κέρκυρα,39.6063,19.9156,polity
place,Ionian Sea,6.44,408187WIon,Ionian Sea (Greece/Italy) 284 Mar Ionio - Ιόνιος,39.2,18.7,sea/strait
place,Iapygian promontory,6.44,398183LIap,Iapygian cape (Magna Graecia) 15 Leuca - άκρα Ιαπυγία,39.791,18.3455,cape
place,Tarentum,6.44,405172PTar,Taras or Tarentum (Italy) 564 Taranto - Τάρας,40.476,17.228,polity
place,Italy,6.44,406163RIta,Italia region (Italy) 4036 Italy - Ιταλία,40.6,16.3,region/people
place,Locri,6.44,382162PLoc,Locris (Italy) 225 Locri - Λοκροί Επιζεφύριοι,38.216,16.229,polity
place,Sicily,6.44,376145RSic,Sicily region (Italy) 3245 Sicilia - Σικελία,37.6,14.5,region/people
place,Egesta,6.44,379128PAig,Segesta (Sicily) 121 Segesta - Σέγεστα,37.9392,12.8399,polity
ethnic,Syracusans,6.45,371153PSyr,Syracuse (Sicily) 1628 Siracusa - Συράκουσαι,37.0639,15.293,polity
ethnic,Sicels,6.45,376145RSic,Sicily region (Italy) 3245 Sicilia - Σικελία,37.6,14.5,region/people
place,Rhegium,6.45,381156PRhe,Rhegion (Magna Graecia) 334 Reggio Calabria - Ρήγιον,38.109,15.644,polity
ethnic,Athenians,6.46,380237PAth,Athens (Attica) 9448 Athina - Αθήναι,37.9718,23.72793,polity
ethnic,Rhegians,6.46,381156PRhe,Rhegion (Magna Graecia) 334 Reggio Calabria - Ρήγιον,38.109,15.644,polity
ethnic,Leontines,6.46,373150PLeo,Leontini (Sicily) 199 Lentini - Λεοντίνη,37.2855,14.9981,polity
ethnic,Egestaeans,6.46,379128PAig,Segesta (Sicily) 121 Segesta - Σέγεστα,37.9392,12.8399,polity
demonym,Phoenician,6.46,335354RPho,Phoenicia (Lebanon) 1083 Lebanon - Φοινική,33.5,35.4,region/people
place,Eryx,6.46,380126UEry,Eryx (Sicily) 87 Erice - Έρυξ,38.04,12.588,polity
ethnic,Egestaeans,6.47,379128PAig,Segesta (Sicily) 121 Segesta - Σέγεστα,37.9392,12.8399,polity
ethnic,Selinuntines,6.47,376128PSel,Selinus (Sicily) 106 Selinunte - Σελινούς,37.5828,12.8251,polity
ethnic,Leontines,6.47,373150PLeo,Leontini (Sicily) 199 Lentini - Λεοντίνη,37.2855,14.9981,polity
place,Athens,6.47,380237PAth,Athens (Attica) 9448 Athina - Αθήναι,37.9718,23.72793,polity
ethnic,Sicels,6.48,376145RSic,Sicily region (Italy) 3245 Sicilia - Σικελία,37.6,14.5,region/people
ethnic,Syracusans,6.48,371153PSyr,Syracuse (Sicily) 1628 Siracusa - Συράκουσαι,37.0639,15.293,polity
place,Selinus,6.48,376128PSel,Selinus (Sicily) 106 Selinunte - Σελινούς,37.5828,12.8251,polity
place,Messinese,6.48,382156PMes,Zancle/Messana (Sicily) 290 Messina - Ζάγκλη,38.1923,15.5566,polity
place,Egesta,6.48,379128PAig,Segesta (Sicily) 121 Segesta - Σέγεστα,37.9392,12.8399,polity
place,Leontini,6.48,373150PLeo,Leontini (Sicily) 199 Lentini - Λεοντίνη,37.2855,14.9981,polity
ethnic,Siceliots,6.49,376145RSic,Sicily region (Italy) 3245 Sicilia - Σικελία,37.6,14.5,region/people
ethnic,Syracusans,6.49,371153PSyr,Syracuse (Sicily) 1628 Siracusa - Συράκουσαι,37.0639,15.293,polity
ethnic,Athenians,6.49,380237PAth,Athens (Attica) 9448 Athina - Αθήναι,37.9718,23.72793,polity
place,Megara,6.49,372152PMeg,Megara Hyblaia (Sicily) 49 Megara Hyblaea - Μέγαρα / Ύβλα,37.2037,15.1818,polity
ethnic,Chalcidians,6.5,385236PCha,Chalkis (Euboea) 435 Chalkida - Χάλκις,38.4597,23.6153,polity
ethnic,Syracusans,6.5,371153PSyr,Syracuse (Sicily) 1628 Siracusa - Συράκουσαι,37.0639,15.293,polity
ethnic,Camarinaeans,6.5,369144PCam,Camarina (Sicily) 81 Camarina - Καμάρινα,36.8721,14.4474,polity
ethnic,Geloans,6.5,371143PGel,Gela (Sicily) 132 Gela - Γέλα,37.063,14.2587,polity
place,Himera,6.5,380138PHim,Himera (Sicily) 129 Himera - Ιμέρα,37.9708,13.8225,polity
place,Zancle,6.5,382156PMes,Zancle/Messana (Sicily) 290 Messina - Ζάγκλη,38.1923,15.5566,polity
place,Acrae,6.5,385215UAkr,Akrai? Lithovouni (Aitolia) 7 Akres - Άκραι,38.5012,21.5827,polity
place,Casmenae,6.5,371148UCas,Kasmenai (Sicily) 5 Monte Casale - Κασμένη,37.0768,14.828,polity
place,Acrae,6.5,385215UAkr,Akrai? Lithovouni (Aitolia) 7 Akres - Άκραι,38.5012,21.5827,polity
place,Casmenae,6.5,371148UCas,Kasmenai (Sicily) 5 Monte Casale - Κασμένη,37.0768,14.828,polity
place,Acrae,6.5,385215UAkr,Akrai? Lithovouni (Aitolia) 7 Akres - Άκραι,38.5012,21.5827,polity
place,Camarina,6.5,369144PCam,Camarina (Sicily) 81 Camarina - Καμάρινα,36.8721,14.4474,polity
place,Camarina,6.5,369144PCam,Camarina (Sicily) 81 Camarina - Καμάρινα,36.8721,14.4474,polity
ethnic,Naxians,6.50,378153UNax,Naxos (Sicily) 63 Naxos-Giardini - Νάξος,37.8227,15.2726,polity
ethnic,Athenians,6.50,380237PAth,Athens (Attica) 9448 Athina - Αθήναι,37.9718,23.72793,polity
ethnic,Leontines,6.50,373150PLeo,Leontini (Sicily) 199 Lentini - Λεοντίνη,37.2855,14.9981,polity
demonym,Syracusan,6.50,371153PSyr,Syracuse (Sicily) 1628 Siracusa - Συράκουσαι,37.0639,15.293,polity
place,Messina,6.50,382156PMes,Zancle/Messana (Sicily) 290 Messina - Ζάγκλη,38.1923,15.5566,polity
place,Rhegium,6.50,381156PRhe,Rhegion (Magna Graecia) 334 Reggio Calabria - Ρήγιον,38.109,15.644,polity
place,Naxos,6.50,378153UNax,Naxos (Sicily) 63 Naxos-Giardini - Νάξος,37.8227,15.2726,polity
place,Catana,6.50,375151PCat,Katane/Catina (Sicily) 164 Catania - Κατάνη,37.503,15.0881,polity
ethnic,Athenians,6.51,380237PAth,Athens (Attica) 9448 Athina - Αθήναι,37.9718,23.72793,polity
demonym,Syracusan,6.51,371153PSyr,Syracuse (Sicily) 1628 Siracusa - Συράκουσαι,37.0639,15.293,polity
place,Rhegium,6.51,381156PRhe,Rhegion (Magna Graecia) 334 Reggio Calabria - Ρήγιον,38.109,15.644,polity
place,Catana,6.51,375151PCat,Katane/Catina (Sicily) 164 Catania - Κατάνη,37.503,15.0881,polity
ethnic,Syracusans,6.52,371153PSyr,Syracuse (Sicily) 1628 Siracusa - Συράκουσαι,37.0639,15.293,polity
ethnic,Athenians,6.52,380237PAth,Athens (Attica) 9448 Athina - Αθήναι,37.9718,23.72793,polity
place,Camarina,6.52,369144PCam,Camarina (Sicily) 81 Camarina - Καμάρινα,36.8721,14.4474,polity
place,Camarina,6.52,369144PCam,Camarina (Sicily) 81 Camarina - Καμάρινα,36.8721,14.4474,polity
place,Catana,6.52,375151PCat,Katane/Catina (Sicily) 164 Catania - Κατάνη,37.503,15.0881,polity
ethnic,Athenians,6.53,380237PAth,Athens (Attica) 9448 Athina - Αθήναι,37.9718,23.72793,polity
ethnic,Lacedaemonians,6.53,371224PSpa,Sparta/Lacedaemon (Lakonia) 5559 Sparti - Σπάρτα,37.0821,22.4237,polity
place,the Hermae,6.53,380237AHms,the Herms/Hermai (Athens) 29 Agora,37.97611,23.72255,monument
place,the Hermae,6.53,380237AHms,the Herms/Hermai (Athens) 29 Agora,37.97611,23.72255,monument
ethnic,Athenians,6.54,380237PAth,Athens (Attica) 9448 Athina - Αθήναι,37.9718,23.72793,polity
demonym,Pythian,6.54,385225SDel,"Delphic Oracle, Pytho (Delphi) 1539 Delphous - Δελφοί",38.48264,22.50108,sanctuary/temple
place,altar of the Twelve Gods,6.54,380237SATG,Altar of the Twelve Gods (Athens Agora) 6 Agora of Athens,37.975865,23.72278,sanctuary/temple
place,Agora,6.54,380237XAgo,Agora of Athens (Athens) 131 Monastiraki - αγορά,37.975,23.723,sanctuary/temple
place,Acropolis,6.55,380237SAkr,Athenian Acropolis (Athens) 284 Akropoli - Ακρόπολις,37.9717,23.7257,sanctuary/temple
place,Ceramicus,6.57,380237XKer,Kerameikos area (Athens) 68 Monastiraki - Κεραμεικός,37.9781,23.7188,site/excavation
place,Leokoreion,6.57,380237SLeo,Leokoreion (Athens Agora) 15 Agora of Athens - Λεωκόρειον,37.9761,23.723,sanctuary/temple
place,Ceramicus,6.58,380237XKer,Kerameikos area (Athens) 68 Monastiraki - Κεραμεικός,37.9781,23.7188,site/excavation
ethnic,Athenians,6.59,380237PAth,Athens (Attica) 9448 Athina - Αθήναι,37.9718,23.72793,polity
ethnic,Lacedaemonians,6.59,371224PSpa,Sparta/Lacedaemon (Lakonia) 5559 Sparti - Σπάρτα,37.0821,22.4237,polity
ethnic,Medes,6.59,355480RMed,Media (Asia) 945 Hamedan - Μηδία,35.5,48.0,region/people
place,Lampsacus,6.59,403267UPit,Lampsacus/Pityoussa (Mysia) 198 Lapseki/Çanakkale - Λάμψακος,40.3467,26.6992,polity
place,Sigeum,6.59,400262USig,Sigeion (Troad) 100 Canakkale - Σίγειον,39.9901,26.1802,polity
place,Marathon,6.59,381241LMaB,Marathon battlefield (Attica) 173 Schinias - Μαραθών,38.144,24.0002,battlefield
ethnic,Athenians,6.6,380237PAth,Athens (Attica) 9448 Athina - Αθήναι,37.9718,23.72793,polity
ethnic,Egestaeans,6.6,379128PAig,Segesta (Sicily) 121 Segesta - Σέγεστα,37.9392,12.8399,polity
ethnic,Selinuntines,6.6,376128PSel,Selinus (Sicily) 106 Selinunte - Σελινούς,37.5828,12.8251,polity
ethnic,Syracusans,6.6,371153PSyr,Syracuse (Sicily) 1628 Siracusa - Συράκουσαι,37.0639,15.293,polity
ethnic,Dorians,6.6,387224RDor,Doris tetrapolis (Central Greece) 303 Dorida - Δωρίς,38.7,22.4,region/people
ethnic,Peloponnesians,6.6,375222RPel,Peloponnese (Hellas) 1736 Peloponisos - Πελοπόννησος,37.54,22.15,region/people
demonym,Leontine,6.6,373150PLeo,Leontini (Sicily) 199 Lentini - Λεοντίνη,37.2855,14.9981,polity
place,Sicily,6.6,376145RSic,Sicily region (Italy) 3245 Sicilia - Σικελία,37.6,14.5,region/people
demonym,Athenian,6.60,380237PAth,Athens (Attica) 9448 Athina - Αθήναι,37.9718,23.72793,polity
place,the Hermae,6.60,380237AHms,the Herms/Hermai (Athens) 29 Agora,37.97611,23.72255,monument
ethnic,Athenians,6.61,380237PAth,Athens (Attica) 9448 Athina - Αθήναι,37.9718,23.72793,polity
ethnic,Lacedaemonians,6.61,371224PSpa,Sparta/Lacedaemon (Lakonia) 5559 Sparti - Σπάρτα,37.0821,22.4237,polity
ethnic,Boeotians,6.61,384233RBoi,Boiotia region (Boeotia) 1673 Viotia - Βοιωτία,38.35,23.25,region/people
ethnic,Mantineans,6.61,376224UMan,Mantineia (Arkadia) 400 Mantineia - Μαντίνεια,37.6181,22.3933,polity
ethnic,Argives,6.61,376227PArg,Argos (Argolid) 2457 Argos - Άργος,37.63091,22.72079,polity
place,the Hermae,6.61,380237AHms,the Herms/Hermai (Athens) 29 Agora,37.97611,23.72255,monument
place,Isthmus,6.61,379230LIst,Isthmus (Korinthia) 240 Isthmia - Ισθμός,37.928,22.973,sanctuary/temple
place,Theseion,6.61,380237SThe,Theseion (Athens) 25 Athens - Θησείον,37.9733,23.7281,sanctuary/temple
place,Sicily,6.61,376145RSic,Sicily region (Italy) 3245 Sicilia - Σικελία,37.6,14.5,region/people
place,Thurii,6.61,397164PTho,Thourioi (Magna Graecia) 170 Sibari - Θούριοι,39.716,16.49,polity
place,Peloponnese,6.61,375222RPel,Peloponnese (Hellas) 1736 Peloponisos - Πελοπόννησος,37.54,22.15,region/people
ethnic,Egestaeans,6.62,379128PAig,Segesta (Sicily) 121 Segesta - Σέγεστα,37.9392,12.8399,polity
ethnic,Sicels,6.62,376145RSic,Sicily region (Italy) 3245 Sicilia - Σικελία,37.6,14.5,region/people
demonym,Athenian,6.62,380237PAth,Athens (Attica) 9448 Athina - Αθήναι,37.9718,23.72793,polity
place,Selinus,6.62,376128PSel,Selinus (Sicily) 106 Selinunte - Σελινούς,37.5828,12.8251,polity
place,Himera,6.62,380138PHim,Himera (Sicily) 129 Himera - Ιμέρα,37.9708,13.8225,polity
place,Hyccara,6.62,381132UHyk,Hykkara (Sicily) 21 Carini - Ύκκαρα,38.16,13.17,polity
place,Catana,6.62,375151PCat,Katane/Catina (Sicily) 164 Catania - Κατάνη,37.503,15.0881,polity
place,Hyccara,6.62,381132UHyk,Hykkara (Sicily) 21 Carini - Ύκκαρα,38.16,13.17,polity
place,Hybla,6.62,376149UHyb,Hybla Gereatis (Sicily) 37 Paterna - Ύβλαι,37.5673,14.9009,polity
place,Gela,6.62,371143PGel,Gela (Sicily) 132 Gela - Γέλα,37.063,14.2587,polity
ethnic,Athenians,6.63,380237PAth,Athens (Attica) 9448 Athina - Αθήναι,37.9718,23.72793,polity
ethnic,Syracusans,6.63,371153PSyr,Syracuse (Sicily) 1628 Siracusa - Συράκουσαι,37.0639,15.293,polity
ethnic,Leontines,6.63,373150PLeo,Leontini (Sicily) 199 Lentini - Λεοντίνη,37.2855,14.9981,polity
place,Sicily,6.63,376145RSic,Sicily region (Italy) 3245 Sicilia - Σικελία,37.6,14.5,region/people
place,Hybla,6.63,376149UHyb,Hybla Gereatis (Sicily) 37 Paterna - Ύβλαι,37.5673,14.9009,polity
place,Catana,6.63,375151PCat,Katane/Catina (Sicily) 164 Catania - Κατάνη,37.503,15.0881,polity
ethnic,Syracusans,6.64,371153PSyr,Syracuse (Sicily) 1628 Siracusa - Συράκουσαι,37.0639,15.293,polity
ethnic,Athenians,6.64,380237PAth,Athens (Attica) 9448 Athina - Αθήναι,37.9718,23.72793,polity
ethnic,Catanians,6.64,375151PCat,Katane/Catina (Sicily) 164 Catania - Κατάνη,37.503,15.0881,polity
place,Olympieion,6.64,371153SZeu,Zeus Temple (Syracuse) 10 Siracusa,37.0516,15.2573,sanctuary/temple
ethnic,Syracusans,6.65,371153PSyr,Syracuse (Sicily) 1628 Siracusa - Συράκουσαι,37.0639,15.293,polity
ethnic,Selinuntines,6.65,376128PSel,Selinus (Sicily) 106 Selinunte - Σελινούς,37.5828,12.8251,polity
ethnic,Athenians,6.65,380237PAth,Athens (Attica) 9448 Athina - Αθήναι,37.9718,23.72793,polity
ethnic,Sicels,6.65,376145RSic,Sicily region (Italy) 3245 Sicilia - Σικελία,37.6,14.5,region/people
demonym,Leontine,6.65,373150PLeo,Leontini (Sicily) 199 Lentini - Λεοντίνη,37.2855,14.9981,polity
place,Catana,6.65,375151PCat,Katane/Catina (Sicily) 164 Catania - Κατάνη,37.503,15.0881,polity
place,Symaethus,6.65,374150WSym,Symaithos R. (Sicily) 13 Simeto - Σύμαιθος,37.4143,15.037,river
place,Olympieion,6.65,371153SZeu,Zeus Temple (Syracuse) 10 Siracusa,37.0516,15.2573,sanctuary/temple
ethnic,Syracusans,6.66,371153PSyr,Syracuse (Sicily) 1628 Siracusa - Συράκουσαι,37.0639,15.293,polity
ethnic,Athenians,6.66,380237PAth,Athens (Attica) 9448 Athina - Αθήναι,37.9718,23.72793,polity
place,Anapus,6.66,371153WAna,Anapos R. (Sicily) 11 Anapo - Άναπος,37.0565,15.255,river
ethnic,Athenians,6.67,380237PAth,Athens (Attica) 9448 Athina - Αθήναι,37.9718,23.72793,polity
ethnic,Argives,6.67,376227PArg,Argos (Argolid) 2457 Argos - Άργος,37.63091,22.72079,polity
ethnic,Mantineans,6.67,376224UMan,Mantineia (Arkadia) 400 Mantineia - Μαντίνεια,37.6181,22.3933,polity
ethnic,Syracusans,6.67,371153PSyr,Syracuse (Sicily) 1628 Siracusa - Συράκουσαι,37.0639,15.293,polity
ethnic,Selinuntines,6.67,376128PSel,Selinus (Sicily) 106 Selinunte - Σελινούς,37.5828,12.8251,polity
ethnic,Geloans,6.67,371143PGel,Gela (Sicily) 132 Gela - Γέλα,37.063,14.2587,polity
place,Camarina,6.67,369144PCam,Camarina (Sicily) 81 Camarina - Καμάρινα,36.8721,14.4474,polity
ethnic,Argives,6.68,376227PArg,Argos (Argolid) 2457 Argos - Άργος,37.63091,22.72079,polity
ethnic,Mantineans,6.68,376224UMan,Mantineia (Arkadia) 400 Mantineia - Μαντίνεια,37.6181,22.3933,polity
ethnic,Siceliots,6.68,376145RSic,Sicily region (Italy) 3245 Sicilia - Σικελία,37.6,14.5,region/people
ethnic,Syracusans,6.69,371153PSyr,Syracuse (Sicily) 1628 Siracusa - Συράκουσαι,37.0639,15.293,polity
ethnic,Athenians,6.69,380237PAth,Athens (Attica) 9448 Athina - Αθήναι,37.9718,23.72793,polity
ethnic,Argives,6.69,376227PArg,Argos (Argolid) 2457 Argos - Άργος,37.63091,22.72079,polity
ethnic,Athenians,6.7,380237PAth,Athens (Attica) 9448 Athina - Αθήναι,37.9718,23.72793,polity
ethnic,Lacedaemonians,6.7,371224PSpa,Sparta/Lacedaemon (Lakonia) 5559 Sparti - Σπάρτα,37.0821,22.4237,polity
ethnic,Corinthians,6.7,379229PKor,Corinth/Korinthos (Korinthia) 1749 Archaia Korinthos - Κόρινθος,37.9054,22.8802,polity
ethnic,Argives,6.7,376227PArg,Argos (Argolid) 2457 Argos - Άργος,37.63091,22.72079,polity
ethnic,Chalcidians,6.7,405233RCha,Chalcidike region (Chalkidike) 90 Khalkidiki - Χαλκιδική,40.5,23.3,region/people
demonym,Macedonian,6.7,408225RMak,Macedonia region (Greece) 3609 Makedonia - Μακεδονία,40.81,22.5,region/people
place,Sicily,6.7,376145RSic,Sicily region (Italy) 3245 Sicilia - Σικελία,37.6,14.5,region/people
place,Orneae,6.7,377225POrn,Orneai? (Argolid) 58 Palaiokastraki - Ορνειαί,37.71428,22.55716,polity
place,Orneatae,6.7,377225POrn,Orneai? (Argolid) 58 Palaiokastraki - Ορνειαί,37.71428,22.55716,polity
place,Orneae,6.7,377225POrn,Orneai? (Argolid) 58 Palaiokastraki - Ορνειαί,37.71428,22.55716,polity
place,Orneae,6.7,377225POrn,Orneai? (Argolid) 58 Palaiokastraki - Ορνειαί,37.71428,22.55716,polity
place,Methone,6.7,404226UMet,Methone (Pieria) 51 N Nea Agathoupolis - Μεθώνη,40.4674,22.5836,polity
ethnic,Argives,6.70,376227PArg,Argos (Argolid) 2457 Argos - Άργος,37.63091,22.72079,polity
ethnic,Athenians,6.70,380237PAth,Athens (Attica) 9448 Athina - Αθήναι,37.9718,23.72793,polity
ethnic,Syracusans,6.70,371153PSyr,Syracuse (Sicily) 1628 Siracusa - Συράκουσαι,37.0639,15.293,polity
place,Olympieion,6.70,371153SZeu,Zeus Temple (Syracuse) 10 Siracusa,37.0516,15.2573,sanctuary/temple
ethnic,Athenians,6.71,380237PAth,Athens (Attica) 9448 Athina - Αθήναι,37.9718,23.72793,polity
ethnic,Syracusans,6.71,371153PSyr,Syracuse (Sicily) 1628 Siracusa - Συράκουσαι,37.0639,15.293,polity
place,Catana,6.71,375151PCat,Katane/Catina (Sicily) 164 Catania - Κατάνη,37.503,15.0881,polity
place,Sicily,6.71,376145RSic,Sicily region (Italy) 3245 Sicilia - Σικελία,37.6,14.5,region/people
ethnic,Syracusans,6.72,371153PSyr,Syracuse (Sicily) 1628 Siracusa - Συράκουσαι,37.0639,15.293,polity
place,Naxos,6.72,378153UNax,Naxos (Sicily) 63 Naxos-Giardini - Νάξος,37.8227,15.2726,polity
place,Catana,6.72,375151PCat,Katane/Catina (Sicily) 164 Catania - Κατάνη,37.503,15.0881,polity
ethnic,Syracusans,6.73,371153PSyr,Syracuse (Sicily) 1628 Siracusa - Συράκουσαι,37.0639,15.293,polity
ethnic,Lacedaemonians,6.73,371224PSpa,Sparta/Lacedaemon (Lakonia) 5559 Sparti - Σπάρτα,37.0821,22.4237,polity
ethnic,Athenians,6.73,380237PAth,Athens (Attica) 9448 Athina - Αθήναι,37.9718,23.72793,polity
place,Corinth,6.73,379229PKor,Corinth/Korinthos (Korinthia) 1749 Archaia Korinthos - Κόρινθος,37.9054,22.8802,polity
place,Sicily,6.73,376145RSic,Sicily region (Italy) 3245 Sicilia - Σικελία,37.6,14.5,region/people
ethnic,Syracusans,6.74,371153PSyr,Syracuse (Sicily) 1628 Siracusa - Συράκουσαι,37.0639,15.293,polity
ethnic,Athenians,6.74,380237PAth,Athens (Attica) 9448 Athina - Αθήναι,37.9718,23.72793,polity
place,Catana,6.74,375151PCat,Katane/Catina (Sicily) 164 Catania - Κατάνη,37.503,15.0881,polity
place,Messina,6.74,382156PMes,Zancle/Messana (Sicily) 290 Messina - Ζάγκλη,38.1923,15.5566,polity
place,Naxos,6.74,378153UNax,Naxos (Sicily) 63 Naxos-Giardini - Νάξος,37.8227,15.2726,polity
ethnic,Syracusans,6.75,371153PSyr,Syracuse (Sicily) 1628 Siracusa - Συράκουσαι,37.0639,15.293,polity
ethnic,Athenians,6.75,380237PAth,Athens (Attica) 9448 Athina - Αθήναι,37.9718,23.72793,polity
ethnic,Camarinaeans,6.75,369144PCam,Camarina (Sicily) 81 Camarina - Καμάρινα,36.8721,14.4474,polity
ethnic,Camarinaeans,6.75,369144PCam,Camarina (Sicily) 81 Camarina - Καμάρινα,36.8721,14.4474,polity
place,Epipolae,6.75,371152FEpi,Epipolai fort (Sicily) 49 Belvedere - Επιπολαί,37.0912,15.222,fortification
place,Megara,6.75,372152PMeg,Megara Hyblaia (Sicily) 49 Megara Hyblaea - Μέγαρα / Ύβλα,37.2037,15.1818,polity
place,Olympieion,6.75,371153SZeu,Zeus Temple (Syracuse) 10 Siracusa,37.0516,15.2573,sanctuary/temple
place,Naxos,6.75,378153UNax,Naxos (Sicily) 63 Naxos-Giardini - Νάξος,37.8227,15.2726,polity
place,Catana,6.75,375151PCat,Katane/Catina (Sicily) 164 Catania - Κατάνη,37.503,15.0881,polity
place,Camarina,6.75,369144PCam,Camarina (Sicily) 81 Camarina - Καμάρινα,36.8721,14.4474,polity
place,Camarina,6.75,369144PCam,Camarina (Sicily) 81 Camarina - Καμάρινα,36.8721,14.4474,polity
ethnic,Camarinaeans,6.76,369144PCam,Camarina (Sicily) 81 Camarina - Καμάρινα,36.8721,14.4474,polity
ethnic,Athenians,6.76,380237PAth,Athens (Attica) 9448 Athina - Αθήναι,37.9718,23.72793,polity
ethnic,Leontines,6.76,373150PLeo,Leontini (Sicily) 199 Lentini - Λεοντίνη,37.2855,14.9981,polity
ethnic,Chalcidians,6.76,385236PCha,Chalkis (Euboea) 435 Chalkida - Χάλκις,38.4597,23.6153,polity
ethnic,Ionians,6.76,375275RIon,Ionia region (Asia Minor) 884 Izmir - Ιωνία,38.0,27.3,region/people
ethnic,Medes,6.76,355480RMed,Media (Asia) 945 Hamedan - Μηδία,35.5,48.0,region/people
demonym,Euboean,6.76,385239IEub,Euboia (Euboea) 740 Evia - Εύβοια,38.53,23.87,island
place,Sicily,6.76,376145RSic,Sicily region (Italy) 3245 Sicilia - Σικελία,37.6,14.5,region/people
ethnic,Ionians,6.77,375275RIon,Ionia region (Asia Minor) 884 Izmir - Ιωνία,38.0,27.3,region/people
ethnic,Dorians,6.77,387224RDor,Doris tetrapolis (Central Greece) 303 Dorida - Δωρίς,38.7,22.4,region/people
demonym,Athenian,6.77,380237PAth,Athens (Attica) 9448 Athina - Αθήναι,37.9718,23.72793,polity
demonym,Leontine,6.77,373150PLeo,Leontini (Sicily) 199 Lentini - Λεοντίνη,37.2855,14.9981,polity
demonym,Egestaean,6.77,379128PAig,Segesta (Sicily) 121 Segesta - Σέγεστα,37.9392,12.8399,polity
place,Peloponnese,6.77,375222RPel,Peloponnese (Hellas) 1736 Peloponisos - Πελοπόννησος,37.54,22.15,region/people
place,Sicily,6.77,376145RSic,Sicily region (Italy) 3245 Sicilia - Σικελία,37.6,14.5,region/people
ethnic,Camarinaeans,6.78,369144PCam,Camarina (Sicily) 81 Camarina - Καμάρινα,36.8721,14.4474,polity
ethnic,Athenians,6.78,380237PAth,Athens (Attica) 9448 Athina - Αθήναι,37.9718,23.72793,polity
demonym,Camarinaean,6.78,369144PCam,Camarina (Sicily) 81 Camarina - Καμάρινα,36.8721,14.4474,polity
demonym,Syracusan,6.78,371153PSyr,Syracuse (Sicily) 1628 Siracusa - Συράκουσαι,37.0639,15.293,polity
demonym,Camarinaean,6.78,369144PCam,Camarina (Sicily) 81 Camarina - Καμάρινα,36.8721,14.4474,polity
place,Camarina,6.78,369144PCam,Camarina (Sicily) 81 Camarina - Καμάρινα,36.8721,14.4474,polity
place,Camarina,6.78,369144PCam,Camarina (Sicily) 81 Camarina - Καμάρινα,36.8721,14.4474,polity
ethnic,Athenians,6.79,380237PAth,Athens (Attica) 9448 Athina - Αθήναι,37.9718,23.72793,polity
ethnic,Rhegians,6.79,381156PRhe,Rhegion (Magna Graecia) 334 Reggio Calabria - Ρήγιον,38.109,15.644,polity
ethnic,Chalcidians,6.79,385236PCha,Chalkis (Euboea) 435 Chalkida - Χάλκις,38.4597,23.6153,polity
ethnic,Leontines,6.79,373150PLeo,Leontini (Sicily) 199 Lentini - Λεοντίνη,37.2855,14.9981,polity
ethnic,Egestaeans,6.8,379128PAig,Segesta (Sicily) 121 Segesta - Σέγεστα,37.9392,12.8399,polity
ethnic,Athenians,6.8,380237PAth,Athens (Attica) 9448 Athina - Αθήναι,37.9718,23.72793,polity
ethnic,Selinuntines,6.8,376128PSel,Selinus (Sicily) 106 Selinunte - Σελινούς,37.5828,12.8251,polity
place,Sicily,6.8,376145RSic,Sicily region (Italy) 3245 Sicilia - Σικελία,37.6,14.5,region/people
place,Leontini,6.8,373150PLeo,Leontini (Sicily) 199 Lentini - Λεοντίνη,37.2855,14.9981,polity
ethnic,Peloponnesians,6.80,375222RPel,Peloponnese (Hellas) 1736 Peloponisos - Πελοπόννησος,37.54,22.15,region/people
ethnic,Athenians,6.80,380237PAth,Athens (Attica) 9448 Athina - Αθήναι,37.9718,23.72793,polity
ethnic,Syracusans,6.80,371153PSyr,Syracuse (Sicily) 1628 Siracusa - Συράκουσαι,37.0639,15.293,polity
ethnic,Ionians,6.80,375275RIon,Ionia region (Asia Minor) 884 Izmir - Ιωνία,38.0,27.3,region/people
ethnic,Dorians,6.80,387224RDor,Doris tetrapolis (Central Greece) 303 Dorida - Δωρίς,38.7,22.4,region/people
place,Sicily,6.80,376145RSic,Sicily region (Italy) 3245 Sicilia - Σικελία,37.6,14.5,region/people
person,Athenian,6.81,380237PAth,Athens (Attica) 9448 Athina - Αθήναι,37.9718,23.72793,polity
ethnic,Syracusans,6.82,371153PSyr,Syracuse (Sicily) 1628 Siracusa - Συράκουσαι,37.0639,15.293,polity
ethnic,Ionians,6.82,375275RIon,Ionia region (Asia Minor) 884 Izmir - Ιωνία,38.0,27.3,region/people
ethnic,Dorians,6.82,387224RDor,Doris tetrapolis (Central Greece) 303 Dorida - Δωρίς,38.7,22.4,region/people
ethnic,Lacedaemonians,6.82,371224PSpa,Sparta/Lacedaemon (Lakonia) 5559 Sparti - Σπάρτα,37.0821,22.4237,polity
ethnic,Peloponnesians,6.82,375222RPel,Peloponnese (Hellas) 1736 Peloponisos - Πελοπόννησος,37.54,22.15,region/people
ethnic,Medes,6.83,355480RMed,Media (Asia) 945 Hamedan - Μηδία,35.5,48.0,region/people
ethnic,Peloponnesians,6.83,375222RPel,Peloponnese (Hellas) 1736 Peloponisos - Πελοπόννησος,37.54,22.15,region/people
ethnic,Syracusans,6.83,371153PSyr,Syracuse (Sicily) 1628 Siracusa - Συράκουσαι,37.0639,15.293,polity
place,Sicily,6.83,376145RSic,Sicily region (Italy) 3245 Sicilia - Σικελία,37.6,14.5,region/people
ethnic,Syracusans,6.84,371153PSyr,Syracuse (Sicily) 1628 Siracusa - Συράκουσαι,37.0639,15.293,polity
ethnic,Peloponnesians,6.84,375222RPel,Peloponnese (Hellas) 1736 Peloponisos - Πελοπόννησος,37.54,22.15,region/people
ethnic,Leontines,6.84,373150PLeo,Leontini (Sicily) 199 Lentini - Λεοντίνη,37.2855,14.9981,polity
demonym,Sicilian,6.84,376145RSic,Sicily region (Italy) 3245 Sicilia - Σικελία,37.6,14.5,region/people
demonym,Chalcidian,6.84,385236PCha,Chalkis (Euboea) 435 Chalkida - Χάλκις,38.4597,23.6153,polity
place,Euboea,6.84,385239IEub,Euboia (Euboea) 740 Evia - Εύβοια,38.53,23.87,island
ethnic,Chians,6.85,384261PChi,Chios polis (Chios) 602 Khios - Χίος,38.3764,26.1342,polity
ethnic,Methymnians,6.85,394262PMet,Methymna (Lesbos) 116 Methymna - Μήθυμνα,39.3692,26.1769,polity
ethnic,Syracusans,6.85,371153PSyr,Syracuse (Sicily) 1628 Siracusa - Συράκουσαι,37.0639,15.293,polity
place,Sicily,6.85,376145RSic,Sicily region (Italy) 3245 Sicilia - Σικελία,37.6,14.5,region/people
place,Peloponnese,6.85,375222RPel,Peloponnese (Hellas) 1736 Peloponisos - Πελοπόννησος,37.54,22.15,region/people
ethnic,Syracusans,6.86,371153PSyr,Syracuse (Sicily) 1628 Siracusa - Συράκουσαι,37.0639,15.293,polity
ethnic,Leontines,6.86,373150PLeo,Leontini (Sicily) 199 Lentini - Λεοντίνη,37.2855,14.9981,polity
place,Athens,6.86,380237PAth,Athens (Attica) 9448 Athina - Αθήναι,37.9718,23.72793,polity
place,Sicily,6.86,376145RSic,Sicily region (Italy) 3245 Sicilia - Σικελία,37.6,14.5,region/people
ethnic,Camarinaeans,6.87,369144PCam,Camarina (Sicily) 81 Camarina - Καμάρινα,36.8721,14.4474,polity
ethnic,Syracusans,6.87,371153PSyr,Syracuse (Sicily) 1628 Siracusa - Συράκουσαι,37.0639,15.293,polity
ethnic,Sicilians,6.87,376145RSic,Sicily region (Italy) 3245 Sicilia - Σικελία,37.6,14.5,region/people
ethnic,Camarinaeans,6.88,369144PCam,Camarina (Sicily) 81 Camarina - Καμάρινα,36.8721,14.4474,polity
ethnic,Athenians,6.88,380237PAth,Athens (Attica) 9448 Athina - Αθήναι,37.9718,23.72793,polity
ethnic,Syracusans,6.88,371153PSyr,Syracuse (Sicily) 1628 Siracusa - Συράκουσαι,37.0639,15.293,polity
ethnic,Sicels,6.88,376145RSic,Sicily region (Italy) 3245 Sicilia - Σικελία,37.6,14.5,region/people
ethnic,Corinthians,6.88,379229PKor,Corinth/Korinthos (Korinthia) 1749 Archaia Korinthos - Κόρινθος,37.9054,22.8802,polity
ethnic,Lacedaemonians,6.88,371224PSpa,Sparta/Lacedaemon (Lakonia) 5559 Sparti - Σπάρτα,37.0821,22.4237,polity
place,Naxos,6.88,378153UNax,Naxos (Sicily) 63 Naxos-Giardini - Νάξος,37.8227,15.2726,polity
place,Naxos,6.88,378153UNax,Naxos (Sicily) 63 Naxos-Giardini - Νάξος,37.8227,15.2726,polity
place,Catana,6.88,375151PCat,Katane/Catina (Sicily) 164 Catania - Κατάνη,37.503,15.0881,polity
place,Carthage,6.88,369103PCar,Carthage (Tunisia) 2507 Tunis - Καρχηδών,36.85,10.32,polity
place,Tyrrhenia,6.88,430105RTyr,Tyrrhenians/Etruria (Italy) 1288 Toscana - Τυρρηνία,43.0,10.5,region/people
place,Egesta,6.88,379128PAig,Segesta (Sicily) 121 Segesta - Σέγεστα,37.9392,12.8399,polity
place,Italy,6.88,406163RIta,Italia region (Italy) 4036 Italy - Ιταλία,40.6,16.3,region/people
place,Cyllene,6.88,379211PKyl,Kyllene (Eleia) 59 Kyllini - Κυλλήνη,37.94052,21.1393,polity
place,Elis,6.88,378214PEli,Elis (Eleia) 521 Elis - Ήλις,37.89,21.374,polity
place,Mantinea,6.88,376224UMan,Mantineia (Arkadia) 400 Mantineia - Μαντίνεια,37.6181,22.3933,polity
person,Thurii,6.88,397164PTho,Thourioi (Magna Graecia) 170 Sibari - Θούριοι,39.716,16.49,polity
ethnic,Athenians,6.89,380237PAth,Athens (Attica) 9448 Athina - Αθήναι,37.9718,23.72793,polity
ethnic,Mantineans,6.89,376224UMan,Mantineia (Arkadia) 400 Mantineia - Μαντίνεια,37.6181,22.3933,polity
ethnic,Argives,6.89,376227PArg,Argos (Argolid) 2457 Argos - Άργος,37.63091,22.72079,polity
place,Pylos,6.89,370217UPyl,Pylos/Koryphasion cape (Messenia) 112 Akr. Koryphasiou - Πύλος,36.9517,21.66,polity
place,Sicily,6.9,376145RSic,Sicily region (Italy) 3245 Sicilia - Σικελία,37.6,14.5,region/people
ethnic,Siceliots,6.90,376145RSic,Sicily region (Italy) 3245 Sicilia - Σικελία,37.6,14.5,region/people
ethnic,Iberians,6.90,390000RIbe,Iberia/Hispania (Iberia) 520 Spain - Ιβηρία,39.0,-4.0,region/people
place,Carthage,6.90,369103PCar,Carthage (Tunisia) 2507 Tunis - Καρχηδών,36.85,10.32,polity
place,Peloponnese,6.90,375222RPel,Peloponnese (Hellas) 1736 Peloponisos - Πελοπόννησος,37.54,22.15,region/people
place,Italy,6.90,406163RIta,Italia region (Italy) 4036 Italy - Ιταλία,40.6,16.3,region/people
ethnic,Siceliots,6.91,376145RSic,Sicily region (Italy) 3245 Sicilia - Σικελία,37.6,14.5,region/people
ethnic,Syracusans,6.91,371153PSyr,Syracuse (Sicily) 1628 Siracusa - Συράκουσαι,37.0639,15.293,polity
ethnic,Athenians,6.91,380237PAth,Athens (Attica) 9448 Athina - Αθήναι,37.9718,23.72793,polity
demonym,Spartan,6.91,371224PSpa,Sparta/Lacedaemon (Lakonia) 5559 Sparti - Σπάρτα,37.0821,22.4237,polity
place,Italy,6.91,406163RIta,Italia region (Italy) 4036 Italy - Ιταλία,40.6,16.3,region/people
place,Peloponnese,6.91,375222RPel,Peloponnese (Hellas) 1736 Peloponisos - Πελοπόννησος,37.54,22.15,region/people
place,Decelea,6.91,382238DDek,Dekeleia (Attica) 104 Tatoi - Δεκέλεια,38.151,23.794,deme
place,Attica,6.91,379239RAtt,Attica region (Hellas) 1518 Attiki - Αττική,37.9,23.9,region/people
place,Laurium,6.91,377241RLau,Laureion region (Attica) 16 Lavrio - Λαύρειον,37.71,24.05,region/people
ethnic,Lacedaemonians,6.92,371224PSpa,Sparta/Lacedaemon (Lakonia) 5559 Sparti - Σπάρτα,37.0821,22.4237,polity
ethnic,Athenians,6.92,380237PAth,Athens (Attica) 9448 Athina - Αθήναι,37.9718,23.72793,polity
place,Sicily,6.92,376145RSic,Sicily region (Italy) 3245 Sicilia - Σικελία,37.6,14.5,region/people
place,Attica,6.92,379239RAtt,Attica region (Hellas) 1518 Attiki - Αττική,37.9,23.9,region/people
ethnic,Lacedaemonians,6.93,371224PSpa,Sparta/Lacedaemon (Lakonia) 5559 Sparti - Σπάρτα,37.0821,22.4237,polity
ethnic,Sicilians,6.93,376145RSic,Sicily region (Italy) 3245 Sicilia - Σικελία,37.6,14.5,region/people
ethnic,Syracusans,6.93,371153PSyr,Syracuse (Sicily) 1628 Siracusa - Συράκουσαι,37.0639,15.293,polity
ethnic,Corinthians,6.93,379229PKor,Corinth/Korinthos (Korinthia) 1749 Archaia Korinthos - Κόρινθος,37.9054,22.8802,polity
ethnic,Athenians,6.93,380237PAth,Athens (Attica) 9448 Athina - Αθήναι,37.9718,23.72793,polity
place,Decelea,6.93,382238DDek,Dekeleia (Attica) 104 Tatoi - Δεκέλεια,38.151,23.794,deme
place,Asine,6.93,367222PAsi,Asine? (Messenia) 43 Koroni - Ασίνη,36.794,21.961,polity
ethnic,Athenians,6.94,380237PAth,Athens (Attica) 9448 Athina - Αθήναι,37.9718,23.72793,polity
ethnic,Syracusans,6.94,371153PSyr,Syracuse (Sicily) 1628 Siracusa - Συράκουσαι,37.0639,15.293,polity
ethnic,Sicels,6.94,376145RSic,Sicily region (Italy) 3245 Sicilia - Σικελία,37.6,14.5,region/people
ethnic,Hybleans,6.94,376149UHyb,Hybla Gereatis (Sicily) 37 Paterna - Ύβλαι,37.5673,14.9009,polity
place,Catana,6.94,375151PCat,Katane/Catina (Sicily) 164 Catania - Κατάνη,37.503,15.0881,polity
place,Megara,6.94,372152PMeg,Megara Hyblaia (Sicily) 49 Megara Hyblaea - Μέγαρα / Ύβλα,37.2037,15.1818,polity
place,Centoripa,6.94,376147PCen,Centuripae (Sicily) 73 Centuripe - Κεντούριπαι,37.6241,14.74,polity
ethnic,Lacedaemonians,6.95,371224PSpa,Sparta/Lacedaemon (Lakonia) 5559 Sparti - Σπάρτα,37.0821,22.4237,polity
ethnic,Argives,6.95,376227PArg,Argos (Argolid) 2457 Argos - Άργος,37.63091,22.72079,polity
demonym,Thespian,6.95,383232PThe,Thespiai (Boeotia) 230 Thespies - Θεσπιαί,38.2935,23.1549,polity
place,Cleonae,6.95,378228PKle,Cleonae (Korinthia) 109 Archaia Kleonai - Κλεωναί,37.825,22.776,polity
place,Thyreatid,6.95,374227PThy,Thyrea? (Arkadia) 78 Kastraki Meligou - Θυρέαι,37.395,22.733,polity
place,Thebes,6.95,383233PThe,Thebes (Boeotia) 2611 Thiva - Θήβαι,38.3191,23.3178,polity
place,Athens,6.95,380237PAth,Athens (Attica) 9448 Athina - Αθήναι,37.9718,23.72793,polity
ethnic,Syracusans,6.96,371153PSyr,Syracuse (Sicily) 1628 Siracusa - Συράκουσαι,37.0639,15.293,polity
ethnic,Athenians,6.96,380237PAth,Athens (Attica) 9448 Athina - Αθήναι,37.9718,23.72793,polity
place,Epipolae,6.96,371152FEpi,Epipolai fort (Sicily) 49 Belvedere - Επιπολαί,37.0912,15.222,fortification
place,Epipolae,6.96,371152FEpi,Epipolai fort (Sicily) 49 Belvedere - Επιπολαί,37.0912,15.222,fortification
place,Anapus,6.96,371153WAna,Anapos R. (Sicily) 11 Anapo - Άναπος,37.0565,15.255,river
place,Andros,6.96,378248PAnd,Andros (Cyclades) 131 Palaiopolis - Άνδρος,37.8186,24.8279,polity
place,Epipolae,6.96,371152FEpi,Epipolai fort (Sicily) 49 Belvedere - Επιπολαί,37.0912,15.222,fortification
ethnic,Athenians,6.97,380237PAth,Athens (Attica) 9448 Athina - Αθήναι,37.9718,23.72793,polity
ethnic,Syracusans,6.97,371153PSyr,Syracuse (Sicily) 1628 Siracusa - Συράκουσαι,37.0639,15.293,polity
place,Catana,6.97,375151PCat,Katane/Catina (Sicily) 164 Catania - Κατάνη,37.503,15.0881,polity
place,Epipolae,6.97,371152FEpi,Epipolai fort (Sicily) 49 Belvedere - Επιπολαί,37.0912,15.222,fortification
place,Thapsus,6.97,372152UTha,Thapsos (Sicily) 16 Magnisi peninsula - Θάψος,37.1531,15.2356,polity
place,Thapsus,6.97,372152UTha,Thapsos (Sicily) 16 Magnisi peninsula - Θάψος,37.1531,15.2356,polity
place,Epipolae,6.97,371152FEpi,Epipolai fort (Sicily) 49 Belvedere - Επιπολαί,37.0912,15.222,fortification
place,Epipolae,6.97,371152FEpi,Epipolai fort (Sicily) 49 Belvedere - Επιπολαί,37.0912,15.222,fortification
place,Epipolae,6.97,371152FEpi,Epipolai fort (Sicily) 49 Belvedere - Επιπολαί,37.0912,15.222,fortification
place,Megara,6.97,372152PMeg,Megara Hyblaia (Sicily) 49 Megara Hyblaea - Μέγαρα / Ύβλα,37.2037,15.1818,polity
ethnic,Sicels,6.98,376145RSic,Sicily region (Italy) 3245 Sicilia - Σικελία,37.6,14.5,region/people
ethnic,Naxians,6.98,378153UNax,Naxos (Sicily) 63 Naxos-Giardini - Νάξος,37.8227,15.2726,polity
ethnic,Egestaeans,6.98,379128PAig,Segesta (Sicily) 121 Segesta - Σέγεστα,37.9392,12.8399,polity
ethnic,Catanians,6.98,375151PCat,Katane/Catina (Sicily) 164 Catania - Κατάνη,37.503,15.0881,polity
ethnic,Syracusans,6.98,371153PSyr,Syracuse (Sicily) 1628 Siracusa - Συράκουσαι,37.0639,15.293,polity
ethnic,Athenians,6.98,380237PAth,Athens (Attica) 9448 Athina - Αθήναι,37.9718,23.72793,polity
ethnic,Athenians,6.99,380237PAth,Athens (Attica) 9448 Athina - Αθήναι,37.9718,23.72793,polity
ethnic,Syracusans,6.99,371153PSyr,Syracuse (Sicily) 1628 Siracusa - Συράκουσαι,37.0639,15.293,polity
place,Thapsus,6.99,372152UTha,Thapsos (Sicily) 16 Magnisi peninsula - Θάψος,37.1531,15.2356,polity
ethnic,Himeraeans,7.1,380138PHim,Himera (Sicily) 129 Himera - Ιμέρα,37.9708,13.8225,polity
ethnic,Peloponnesians,7.1,375222RPel,Peloponnese (Hellas) 1736 Peloponisos - Πελοπόννησος,37.54,22.15,region/people
ethnic,Selinuntines,7.1,376128PSel,Selinus (Sicily) 106 Selinunte - Σελινούς,37.5828,12.8251,polity
ethnic,Geloans,7.1,371143PGel,Gela (Sicily) 132 Gela - Γέλα,37.063,14.2587,polity
ethnic,Sicels,7.1,376145RSic,Sicily region (Italy) 3245 Sicilia - Σικελία,37.6,14.5,region/people
demonym,Athenian,7.1,380237PAth,Athens (Attica) 9448 Athina - Αθήναι,37.9718,23.72793,polity
place,Tarentum,7.1,405172PTar,Taras or Tarentum (Italy) 564 Taranto - Τάρας,40.476,17.228,polity
place,Epizephyrian Locris,7.1,382162PLoc,Locris (Italy) 225 Locri - Λοκροί Επιζεφύριοι,38.216,16.229,polity
place,Syracuse,7.1,371153PSyr,Syracuse (Sicily) 1628 Siracusa - Συράκουσαι,37.0639,15.293,polity
place,Epipolae,7.1,371152FEpi,Epipolai fort (Sicily) 49 Belvedere - Επιπολαί,37.0912,15.222,fortification
place,Rhegium,7.1,381156PRhe,Rhegion (Magna Graecia) 334 Reggio Calabria - Ρήγιον,38.109,15.644,polity
place,Messina,7.1,382156PMes,Zancle/Messana (Sicily) 290 Messina - Ζάγκλη,38.1923,15.5566,polity
place,Lacedaemon,7.1,371224PSpa,Sparta/Lacedaemon (Lakonia) 5559 Sparti - Σπάρτα,37.0821,22.4237,polity
ethnic,Athenians,7.10,380237PAth,Athens (Attica) 9448 Athina - Αθήναι,37.9718,23.72793,polity
ethnic,Syracusans,7.11,371153PSyr,Syracuse (Sicily) 1628 Siracusa - Συράκουσαι,37.0639,15.293,polity
place,Lacedaemon,7.11,371224PSpa,Sparta/Lacedaemon (Lakonia) 5559 Sparti - Σπάρτα,37.0821,22.4237,polity
place,Peloponnese,7.11,375222RPel,Peloponnese (Hellas) 1736 Peloponisos - Πελοπόννησος,37.54,22.15,region/people
place,Sicily,7.11,376145RSic,Sicily region (Italy) 3245 Sicilia - Σικελία,37.6,14.5,region/people
place,Peloponnese,7.12,375222RPel,Peloponnese (Hellas) 1736 Peloponisos - Πελοπόννησος,37.54,22.15,region/people
place,Sicily,7.12,376145RSic,Sicily region (Italy) 3245 Sicilia - Σικελία,37.6,14.5,region/people
demonym,Syracusan,7.13,371153PSyr,Syracuse (Sicily) 1628 Siracusa - Συράκουσαι,37.0639,15.293,polity
demonym,Hyccaric,7.13,381132UHyk,Hykkara (Sicily) 21 Carini - Ύκκαρα,38.16,13.17,polity
place,Sicily,7.13,376145RSic,Sicily region (Italy) 3245 Sicilia - Σικελία,37.6,14.5,region/people
demonym,Athenian,7.14,380237PAth,Athens (Attica) 9448 Athina - Αθήναι,37.9718,23.72793,polity
demonym,Italian,7.14,406163RIta,Italia region (Italy) 4036 Italy - Ιταλία,40.6,16.3,region/people
place,Naxos,7.14,378153UNax,Naxos (Sicily) 63 Naxos-Giardini - Νάξος,37.8227,15.2726,polity
place,Catana,7.14,375151PCat,Katane/Catina (Sicily) 164 Catania - Κατάνη,37.503,15.0881,polity
place,Syracuse,7.14,371153PSyr,Syracuse (Sicily) 1628 Siracusa - Συράκουσαι,37.0639,15.293,polity
demonym,Sicilian,7.15,376145RSic,Sicily region (Italy) 3245 Sicilia - Σικελία,37.6,14.5,region/people
place,Peloponnese,7.15,375222RPel,Peloponnese (Hellas) 1736 Peloponisos - Πελοπόννησος,37.54,22.15,region/people
ethnic,Athenians,7.16,380237PAth,Athens (Attica) 9448 Athina - Αθήναι,37.9718,23.72793,polity
ethnic,Athenians,7.17,380237PAth,Athens (Attica) 9448 Athina - Αθήναι,37.9718,23.72793,polity
ethnic,Corinthians,7.17,379229PKor,Corinth/Korinthos (Korinthia) 1749 Archaia Korinthos - Κόρινθος,37.9054,22.8802,polity
ethnic,Lacedaemonians,7.17,371224PSpa,Sparta/Lacedaemon (Lakonia) 5559 Sparti - Σπάρτα,37.0821,22.4237,polity
demonym,Sicilian,7.17,376145RSic,Sicily region (Italy) 3245 Sicilia - Σικελία,37.6,14.5,region/people
place,Peloponnese,7.17,375222RPel,Peloponnese (Hellas) 1736 Peloponisos - Πελοπόννησος,37.54,22.15,region/people
place,Naupactus,7.17,384218UNau,Naupactus (Aitolia) 190 Navpaktos - Ναύπακτος,38.3997,21.8313,polity
ethnic,Lacedaemonians,7.18,371224PSpa,Sparta/Lacedaemon (Lakonia) 5559 Sparti - Σπάρτα,37.0821,22.4237,polity
ethnic,Syracusans,7.18,371153PSyr,Syracuse (Sicily) 1628 Siracusa - Συράκουσαι,37.0639,15.293,polity
ethnic,Corinthians,7.18,379229PKor,Corinth/Korinthos (Korinthia) 1749 Archaia Korinthos - Κόρινθος,37.9054,22.8802,polity
ethnic,Siceliots,7.18,376145RSic,Sicily region (Italy) 3245 Sicilia - Σικελία,37.6,14.5,region/people
ethnic,Thebans,7.18,383233PThe,Thebes (Boeotia) 2611 Thiva - Θήβαι,38.3191,23.3178,polity
ethnic,Athenians,7.18,380237PAth,Athens (Attica) 9448 Athina - Αθήναι,37.9718,23.72793,polity
place,Attica,7.18,379239RAtt,Attica region (Hellas) 1518 Attiki - Αττική,37.9,23.9,region/people
place,Decelea,7.18,382238DDek,Dekeleia (Attica) 104 Tatoi - Δεκέλεια,38.151,23.794,deme
place,Plataea,7.18,382233PPla,Plataea (Boeotia) 337 Plataia - Πλαταιά,38.2213,23.2733,polity
place,Pylos,7.18,370217UPyl,Pylos/Koryphasion cape (Messenia) 112 Akr. Koryphasiou - Πύλος,36.9517,21.66,polity
place,Argos,7.18,376227PArg,Argos (Argolid) 2457 Argos - Άργος,37.63091,22.72079,polity
place,Epidaurus,7.18,376232PEpi,Epidauros (Argolid) 206 Archaia Epidauros - Επίδαυρος,37.6331,23.1617,polity
place,Prasiae,7.18,371229PPra,Prasiai (Arkadia) 30 Plaka - Πρασίαι,37.145,22.8882,polity
place,Peloponnese,7.18,375222RPel,Peloponnese (Hellas) 1736 Peloponisos - Πελοπόννησος,37.54,22.15,region/people
ethnic,Lacedaemonians,7.19,371224PSpa,Sparta/Lacedaemon (Lakonia) 5559 Sparti - Σπάρτα,37.0821,22.4237,polity
ethnic,Peloponnesians,7.19,375222RPel,Peloponnese (Hellas) 1736 Peloponisos - Πελοπόννησος,37.54,22.15,region/people
ethnic,Boeotians,7.19,384233RBoi,Boiotia region (Boeotia) 1673 Viotia - Βοιωτία,38.35,23.25,region/people
ethnic,Thebans,7.19,383233PThe,Thebes (Boeotia) 2611 Thiva - Θήβαι,38.3191,23.3178,polity
ethnic,Corinthians,7.19,379229PKor,Corinth/Korinthos (Korinthia) 1749 Archaia Korinthos - Κόρινθος,37.9054,22.8802,polity
ethnic,Sicyonians,7.19,380227PSik,Sikyon (Korinthia) 619 Vasiliko - Σικυών,37.9834,22.7145,polity
ethnic,Athenians,7.19,380237PAth,Athens (Attica) 9448 Athina - Αθήναι,37.9718,23.72793,polity
demonym,Arcadian,7.19,375223RArk,Arkadia region (Arkadia) 1437 Arkadia - Αρκαδία,37.5,22.3,region/people
place,Attica,7.19,379239RAtt,Attica region (Hellas) 1518 Attiki - Αττική,37.9,23.9,region/people
place,Decelea,7.19,382238DDek,Dekeleia (Attica) 104 Tatoi - Δεκέλεια,38.151,23.794,deme
place,Sicily,7.19,376145RSic,Sicily region (Italy) 3245 Sicilia - Σικελία,37.6,14.5,region/people
place,Taenarus,7.19,364225STai,Tainaron Poseidon sanctuary (Lakonia) 116 Tainaron - Ταίναρος,36.4018,22.4867,sanctuary/temple
place,Laconia,7.19,370225RLak,Lakonia region (Peloponnese) 790 Lakonia - Λακωνική,37.001,22.5,region/people
place,Naupactus,7.19,384218UNau,Naupactus (Aitolia) 190 Navpaktos - Ναύπακτος,38.3997,21.8313,polity
person,Thespian,7.19,383232PThe,Thespiai (Boeotia) 230 Thespies - Θεσπιαί,38.2935,23.1549,polity
ethnic,Syracusans,7.2,371153PSyr,Syracuse (Sicily) 1628 Siracusa - Συράκουσαι,37.0639,15.293,polity
ethnic,Lacedaemonians,7.2,371224PSpa,Sparta/Lacedaemon (Lakonia) 5559 Sparti - Σπάρτα,37.0821,22.4237,polity
ethnic,Sicels,7.2,376145RSic,Sicily region (Italy) 3245 Sicilia - Σικελία,37.6,14.5,region/people
ethnic,Athenians,7.2,380237PAth,Athens (Attica) 9448 Athina - Αθήναι,37.9718,23.72793,polity
demonym,Corinthian,7.2,379229PKor,Corinth/Korinthos (Korinthia) 1749 Archaia Korinthos - Κόρινθος,37.9054,22.8802,polity
place,Leucas,7.2,387207PLeu,Leukas (Ionian Islands) 213 Leukada - Λευκάς,38.81,20.717,polity
place,Ietae,7.2,380132UIet,Ietas (Sicily) 9 San Giuseppe Iato - Ιέτας,37.9674,13.1979,polity
place,Epipolae,7.2,371152FEpi,Epipolai fort (Sicily) 49 Belvedere - Επιπολαί,37.0912,15.222,fortification
ethnic,Athenians,7.20,380237PAth,Athens (Attica) 9448 Athina - Αθήναι,37.9718,23.72793,polity
demonym,Chian,7.20,384261PChi,Chios polis (Chios) 602 Khios - Χίος,38.3764,26.1342,polity
demonym,Argive,7.20,376227PArg,Argos (Argolid) 2457 Argos - Άργος,37.63091,22.72079,polity
place,Decelea,7.20,382238DDek,Dekeleia (Attica) 104 Tatoi - Δεκέλεια,38.151,23.794,deme
place,Peloponnese,7.20,375222RPel,Peloponnese (Hellas) 1736 Peloponisos - Πελοπόννησος,37.54,22.15,region/people
place,Sicily,7.20,376145RSic,Sicily region (Italy) 3245 Sicilia - Σικελία,37.6,14.5,region/people
place,Laconia,7.20,370225RLak,Lakonia region (Peloponnese) 790 Lakonia - Λακωνική,37.001,22.5,region/people
place,Aegina,7.20,378234PAig,Aigina polis (Aegina) 464 Aigina - Αίγινα,37.75,23.425,polity
ethnic,Syracusans,7.21,371153PSyr,Syracuse (Sicily) 1628 Siracusa - Συράκουσαι,37.0639,15.293,polity
ethnic,Athenians,7.21,380237PAth,Athens (Attica) 9448 Athina - Αθήναι,37.9718,23.72793,polity
place,Sicily,7.21,376145RSic,Sicily region (Italy) 3245 Sicilia - Σικελία,37.6,14.5,region/people
ethnic,Athenians,7.22,380237PAth,Athens (Attica) 9448 Athina - Αθήναι,37.9718,23.72793,polity
ethnic,Syracusans,7.22,371153PSyr,Syracuse (Sicily) 1628 Siracusa - Συράκουσαι,37.0639,15.293,polity
place,Plemmyrium,7.22,370153SPle,Plemmyrion cape (Sicily) 18 Penisola della Maddalena - Πλημμύριον,37.0415,15.3074,cape
place,Plemmyrium,7.22,370153SPle,Plemmyrion cape (Sicily) 18 Penisola della Maddalena - Πλημμύριον,37.0415,15.3074,cape
ethnic,Athenians,7.23,380237PAth,Athens (Attica) 9448 Athina - Αθήναι,37.9718,23.72793,polity
ethnic,Syracusans,7.23,371153PSyr,Syracuse (Sicily) 1628 Siracusa - Συράκουσαι,37.0639,15.293,polity
place,Plemmyrium,7.23,370153SPle,Plemmyrion cape (Sicily) 18 Penisola della Maddalena - Πλημμύριον,37.0415,15.3074,cape
place,Plemmyrium,7.23,370153SPle,Plemmyrion cape (Sicily) 18 Penisola della Maddalena - Πλημμύριον,37.0415,15.3074,cape
ethnic,Syracusans,7.24,371153PSyr,Syracuse (Sicily) 1628 Siracusa - Συράκουσαι,37.0639,15.293,polity
ethnic,Athenians,7.24,380237PAth,Athens (Attica) 9448 Athina - Αθήναι,37.9718,23.72793,polity
place,Plemmyrium,7.24,370153SPle,Plemmyrion cape (Sicily) 18 Penisola della Maddalena - Πλημμύριον,37.0415,15.3074,cape
place,Plemmyrium,7.24,370153SPle,Plemmyrion cape (Sicily) 18 Penisola della Maddalena - Πλημμύριον,37.0415,15.3074,cape
ethnic,Syracusans,7.25,371153PSyr,Syracuse (Sicily) 1628 Siracusa - Συράκουσαι,37.0639,15.293,polity
ethnic,Peloponnesians,7.25,375222RPel,Peloponnese (Hellas) 1736 Peloponisos - Πελοπόννησος,37.54,22.15,region/people
ethnic,Athenians,7.25,380237PAth,Athens (Attica) 9448 Athina - Αθήναι,37.9718,23.72793,polity
ethnic,Corinthians,7.25,379229PKor,Corinth/Korinthos (Korinthia) 1749 Archaia Korinthos - Κόρινθος,37.9054,22.8802,polity
ethnic,Ambraciots,7.25,390209UAmb,Ambracus (Arta) 92 Phidokastro - Άμβρακος,39.0419,20.9538,harbor
ethnic,Lacedaemonians,7.25,371224PSpa,Sparta/Lacedaemon (Lakonia) 5559 Sparti - Σπάρτα,37.0821,22.4237,polity
demonym,Caulonian,7.25,384166PKau,Kaulonia (Magna Graecia) 34 Monasterace - Καυλωνία,38.445,16.578,polity
demonym,Thespian,7.25,383232PThe,Thespiai (Boeotia) 230 Thespies - Θεσπιαί,38.2935,23.1549,polity
place,Italy,7.25,406163RIta,Italia region (Italy) 4036 Italy - Ιταλία,40.6,16.3,region/people
place,Locri,7.25,382162PLoc,Locris (Italy) 225 Locri - Λοκροί Επιζεφύριοι,38.216,16.229,polity
place,Megara,7.25,372152PMeg,Megara Hyblaia (Sicily) 49 Megara Hyblaea - Μέγαρα / Ύβλα,37.2037,15.1818,polity
place,Plemmyrium,7.25,370153SPle,Plemmyrion cape (Sicily) 18 Penisola della Maddalena - Πλημμύριον,37.0415,15.3074,cape
ethnic,Athenians,7.26,380237PAth,Athens (Attica) 9448 Athina - Αθήναι,37.9718,23.72793,polity
ethnic,Lacedaemonians,7.26,371224PSpa,Sparta/Lacedaemon (Lakonia) 5559 Sparti - Σπάρτα,37.0821,22.4237,polity
ethnic,Argives,7.26,376227PArg,Argos (Argolid) 2457 Argos - Άργος,37.63091,22.72079,polity
place,Sicily,7.26,376145RSic,Sicily region (Italy) 3245 Sicilia - Σικελία,37.6,14.5,region/people
place,Aegina,7.26,378234PAig,Aigina polis (Aegina) 464 Aigina - Αίγινα,37.75,23.425,polity
place,Peloponnese,7.26,375222RPel,Peloponnese (Hellas) 1736 Peloponisos - Πελοπόννησος,37.54,22.15,region/people
place,Laconia,7.26,370225RLak,Lakonia region (Peloponnese) 790 Lakonia - Λακωνική,37.001,22.5,region/people
place,Epidaurus Limera,7.26,367230UEpi,Epidauros Limera (Lakonia) 38 Palaia Monemvasia - Επίδαυρος Λιμηρά,36.731,23.026,polity
place,Cythera,7.26,363230PKyt,Cythera (Kythera) 136 Paleokastro - Κύθηρα,36.2295,23.0291,polity
place,isthmus,7.26,365229LOno,Onougnathos cape (Lakonia) 24 Ag. Maria/Elaphonisas - Ονου γνάθος,36.466,22.933,cape
place,Pylos,7.26,370217UPyl,Pylos/Koryphasion cape (Messenia) 112 Akr. Koryphasiou - Πύλος,36.9517,21.66,polity
place,Corcyra,7.26,396199PKer,Corcyra (Ionian Islands) 405 Kerkyra/Corfu - Κέρκυρα,39.6063,19.9156,polity
ethnic,Athenians,7.27,380237PAth,Athens (Attica) 9448 Athina - Αθήναι,37.9718,23.72793,polity
demonym,Decelean,7.27,382238DDek,Dekeleia (Attica) 104 Tatoi - Δεκέλεια,38.151,23.794,deme
demonym,Peloponnesian,7.27,375222RPel,Peloponnese (Hellas) 1736 Peloponisos - Πελοπόννησος,37.54,22.15,region/people
demonym,Lacedaemonian,7.27,371224PSpa,Sparta/Lacedaemon (Lakonia) 5559 Sparti - Σπάρτα,37.0821,22.4237,polity
place,Sicily,7.27,376145RSic,Sicily region (Italy) 3245 Sicilia - Σικελία,37.6,14.5,region/people
place,Thrace,7.27,410265RThr,Thrace region (Evros) 1818 Thraki - Θραίκη,41.0,26.5,region/people
place,Attica,7.27,379239RAtt,Attica region (Hellas) 1518 Attiki - Αττική,37.9,23.9,region/people
ethnic,Athenians,7.28,380237PAth,Athens (Attica) 9448 Athina - Αθήναι,37.9718,23.72793,polity
ethnic,Peloponnesians,7.28,375222RPel,Peloponnese (Hellas) 1736 Peloponisos - Πελοπόννησος,37.54,22.15,region/people
place,Euboea,7.28,385239IEub,Euboia (Euboea) 740 Evia - Εύβοια,38.53,23.87,island
place,Decelea,7.28,382238DDek,Dekeleia (Attica) 104 Tatoi - Δεκέλεια,38.151,23.794,deme
place,Oropus,7.28,383238POro,Oropos (Attica) 113 Skala Oropou - Ωρωπός,38.3195,23.79,polity
place,Sunium,7.28,376240LSou,Sounion cape (Attica) 89 Sounio - Σούνιον,37.6498,24.0247,sanctuary/temple
place,Attica,7.28,379239RAtt,Attica region (Hellas) 1518 Attiki - Αττική,37.9,23.9,region/people
place,Sicily,7.28,376145RSic,Sicily region (Italy) 3245 Sicilia - Σικελία,37.6,14.5,region/people
place,Syracuse,7.28,371153PSyr,Syracuse (Sicily) 1628 Siracusa - Συράκουσαι,37.0639,15.293,polity
ethnic,Thracians,7.29,410265RThr,Thrace region (Evros) 1818 Thraki - Θραίκη,41.0,26.5,region/people
place,Euripus,7.29,385236WEur,Euripos (Euboea) 128 Chalkida - Εύριπος,38.465,23.591,sea/strait
place,Tanagra,7.29,383236PTan,Tanagra (Boeotia) 108 SE Kerykeion - Τάναγρα,38.3074,23.5841,polity
place,Chalcis,7.29,385236PCha,Chalkis (Euboea) 435 Chalkida - Χάλκις,38.4597,23.6153,polity
place,Euboea,7.29,385239IEub,Euboia (Euboea) 740 Evia - Εύβοια,38.53,23.87,island
place,Boeotia,7.29,384233RBoi,Boiotia region (Boeotia) 1673 Viotia - Βοιωτία,38.35,23.25,region/people
place,Mycalessus,7.29,384235PMyk,Mykalessos (Boeotia) 45 Ritsona - Μυκαλησσός,38.407,23.519,polity
place,Mycalessus,7.29,384235PMyk,Mykalessos (Boeotia) 45 Ritsona - Μυκαλησσός,38.407,23.519,polity
place,Mycalessus,7.29,384235PMyk,Mykalessos (Boeotia) 45 Ritsona - Μυκαλησσός,38.407,23.519,polity
ethnic,Athenians,7.3,380237PAth,Athens (Attica) 9448 Athina - Αθήναι,37.9718,23.72793,polity
ethnic,Syracusans,7.3,371153PSyr,Syracuse (Sicily) 1628 Siracusa - Συράκουσαι,37.0639,15.293,polity
place,Sicily,7.3,376145RSic,Sicily region (Italy) 3245 Sicilia - Σικελία,37.6,14.5,region/people
ethnic,Thebans,7.30,383233PThe,Thebes (Boeotia) 2611 Thiva - Θήβαι,38.3191,23.3178,polity
ethnic,Thracians,7.30,410265RThr,Thrace region (Evros) 1818 Thraki - Θραίκη,41.0,26.5,region/people
ethnic,Mycalessians,7.30,384235PMyk,Mykalessos (Boeotia) 45 Ritsona - Μυκαλησσός,38.407,23.519,polity
place,Euripus,7.30,385236WEur,Euripos (Euboea) 128 Chalkida - Εύριπος,38.465,23.591,sea/strait
place,sea,7.30,384236HBat,Bathys harbor (Boeotia) 4 Vathi - Βαθύς,38.42,23.5996,harbor
ethnic,Messenians,7.31,372218RMes,Messenia region (Messenia) 700 Messinia - Μεσσηνία,37.2,21.8,region/people
ethnic,Athenians,7.31,380237PAth,Athens (Attica) 9448 Athina - Αθήναι,37.9718,23.72793,polity
ethnic,Syracusans,7.31,371153PSyr,Syracuse (Sicily) 1628 Siracusa - Συράκουσαι,37.0639,15.293,polity
demonym,Corinthian,7.31,379229PKor,Corinth/Korinthos (Korinthia) 1749 Archaia Korinthos - Κόρινθος,37.9054,22.8802,polity
place,Mycalessus,7.31,384235PMyk,Mykalessos (Boeotia) 45 Ritsona - Μυκαλησσός,38.407,23.519,polity
place,Corcyra,7.31,396199PKer,Corcyra (Ionian Islands) 405 Kerkyra/Corfu - Κέρκυρα,39.6063,19.9156,polity
place,Laconia,7.31,370225RLak,Lakonia region (Peloponnese) 790 Lakonia - Λακωνική,37.001,22.5,region/people
place,Rhea,7.31,377213UPhe,Pheia (Eleia) 42 Ag. Andreas/Pontikokastro - Φεά,37.6642,21.3136,polity
place,Elis,7.31,378215REle,Eleia or Elis region (Eleia) 617 Ileia - Ήλις,37.8,21.5,region/people
place,Sicily,7.31,376145RSic,Sicily region (Italy) 3245 Sicilia - Σικελία,37.6,14.5,region/people
place,Zacynthus,7.31,378209PZak,Zacynthus (Ionian Islands) 123 Zakynthos - Ζάκυνθος,37.7872,20.8921,polity
place,Cephallenia,7.31,382206IKep,Kephallania (Kefallenia) 163 Kephallenia - Κεφαλληνία,38.2,20.59,island
place,Naupactus,7.31,384218UNau,Naupactus (Aitolia) 190 Navpaktos - Ναύπακτος,38.3997,21.8313,polity
place,Acarnania,7.31,388210RAka,Akarnania region (Akarnania) 435 Akarnania - Ακαρνανία,38.8,21.0,region/people
place,Alyzia,7.31,387210PAly,Alyzeia (Akarnania) 31 Kandila - Αλύζεια,38.7127,20.9496,polity
place,Anactorium,7.31,389208PAna,Anaktorion (Akarnania) 41 Ag. Petros - Ανακτόριον,38.9209,20.8435,polity
place,Plemmyrium,7.31,370153SPle,Plemmyrion cape (Sicily) 18 Penisola della Maddalena - Πλημμύριον,37.0415,15.3074,cape
ethnic,Centoripae,7.32,376147PCen,Centuripae (Sicily) 73 Centuripe - Κεντούριπαι,37.6241,14.74,polity
ethnic,Sicels,7.32,376145RSic,Sicily region (Italy) 3245 Sicilia - Σικελία,37.6,14.5,region/people
ethnic,Agrigentines,7.32,373136PAkr,Akragas (Sicily) 276 Agrigento - Ακράγας,37.2906,13.5855,polity
demonym,Corinthian,7.32,379229PKor,Corinth/Korinthos (Korinthia) 1749 Archaia Korinthos - Κόρινθος,37.9054,22.8802,polity
place,Syracuse,7.32,371153PSyr,Syracuse (Sicily) 1628 Siracusa - Συράκουσαι,37.0639,15.293,polity
place,Plemmyrium,7.32,370153SPle,Plemmyrion cape (Sicily) 18 Penisola della Maddalena - Πλημμύριον,37.0415,15.3074,cape
place,Alicyaeans,7.32,378128UHal,Halicyae (Sicily) 17 Salemi - Αλικύαι,37.817,12.8089,polity
ethnic,Camarinaeans,7.33,369144PCam,Camarina (Sicily) 81 Camarina - Καμάρινα,36.8721,14.4474,polity
ethnic,Geloans,7.33,371143PGel,Gela (Sicily) 132 Gela - Γέλα,37.063,14.2587,polity
ethnic,Agrigentines,7.33,373136PAkr,Akragas (Sicily) 276 Agrigento - Ακράγας,37.2906,13.5855,polity
ethnic,Athenians,7.33,380237PAth,Athens (Attica) 9448 Athina - Αθήναι,37.9718,23.72793,polity
ethnic,Syracusans,7.33,371153PSyr,Syracuse (Sicily) 1628 Siracusa - Συράκουσαι,37.0639,15.293,polity
ethnic,Metapontines,7.33,404168PMet,Metapontion (Magna Graecia) 94 Metaponto - Μεταπόντιον,40.383,16.824,polity
ethnic,Thurians,7.33,397164PTho,Thourioi (Magna Graecia) 170 Sibari - Θούριοι,39.716,16.49,polity
demonym,Sicel,7.33,376145RSic,Sicily region (Italy) 3245 Sicilia - Σικελία,37.6,14.5,region/people
demonym,Iapygian,7.33,400182RIap,Iapygia region (Italy) 105 Matera - Ιαπυγία,40.8,16.9,region/people
place,Corcyra,7.33,396199PKer,Corcyra (Ionian Islands) 405 Kerkyra/Corfu - Κέρκυρα,39.6063,19.9156,polity
place,Ionian Sea,7.33,408187WIon,Ionian Sea (Greece/Italy) 284 Mar Ionio - Ιόνιος,39.2,18.7,sea/strait
place,Iapygian promontory,7.33,398183LIap,Iapygian cape (Magna Graecia) 15 Leuca - άκρα Ιαπυγία,39.791,18.3455,cape
place,Metapontium,7.33,404168PMet,Metapontion (Magna Graecia) 94 Metaponto - Μεταπόντιον,40.383,16.824,polity
place,Italy,7.33,406163RIta,Italia region (Italy) 4036 Italy - Ιταλία,40.6,16.3,region/people
ethnic,Peloponnesians,7.34,375222RPel,Peloponnese (Hellas) 1736 Peloponisos - Πελοπόννησος,37.54,22.15,region/people
ethnic,Athenians,7.34,380237PAth,Athens (Attica) 9448 Athina - Αθήναι,37.9718,23.72793,polity
ethnic,Corinthians,7.34,379229PKor,Corinth/Korinthos (Korinthia) 1749 Archaia Korinthos - Κόρινθος,37.9054,22.8802,polity
demonym,Rhypic,7.34,382220URhy,Rhypes polis (Achaia) 30 Koumari - Ρύπαι,38.2189,22.03,sanctuary/temple
place,Naupactus,7.34,384218UNau,Naupactus (Aitolia) 190 Navpaktos - Ναύπακτος,38.3997,21.8313,polity
place,Sicily,7.34,376145RSic,Sicily region (Italy) 3245 Sicilia - Σικελία,37.6,14.5,region/people
place,Erineus,7.34,383220UEri,Erineos (Achaia) 20 near Lampirion - Ερινεός,38.3098,21.9933,polity
place,Achaia,7.34,382219RAch,Achaea region (Achaia) 1800 Achaia - Αχαΐα,38.2,21.9,region/people
place,Erineus,7.34,383220UEri,Erineos (Achaia) 20 near Lampirion - Ερινεός,38.3098,21.9933,polity
ethnic,Thurians,7.35,397164PTho,Thourioi (Magna Graecia) 170 Sibari - Θούριοι,39.716,16.49,polity
ethnic,Crotonians,7.35,391171PCro,Croton (Magna Graecia) 271 Crotone - Κρότων,39.081,17.129,polity
ethnic,Athenians,7.35,380237PAth,Athens (Attica) 9448 Athina - Αθήναι,37.9718,23.72793,polity
demonym,Rhegian,7.35,381156PRhe,Rhegion (Magna Graecia) 334 Reggio Calabria - Ρήγιον,38.109,15.644,polity
place,Naupactus,7.35,384218UNau,Naupactus (Aitolia) 190 Navpaktos - Ναύπακτος,38.3997,21.8313,polity
place,Sybaris,7.35,397165PSyb,Sybaris (Magna Graecia) 151 Sibari - Σύβαρις,39.714,16.491,polity
place,Locri,7.35,382162PLoc,Locris (Italy) 225 Locri - Λοκροί Επιζεφύριοι,38.216,16.229,polity
place,Petra,7.35,380156ULeu,Leukopetra (Magna Graecia) 16 Punta di Pellaro - Λευκοπέτρα,38.0178,15.6358,cape
ethnic,Syracusans,7.36,371153PSyr,Syracuse (Sicily) 1628 Siracusa - Συράκουσαι,37.0639,15.293,polity
ethnic,Corinthians,7.36,379229PKor,Corinth/Korinthos (Korinthia) 1749 Archaia Korinthos - Κόρινθος,37.9054,22.8802,polity
ethnic,Athenians,7.36,380237PAth,Athens (Attica) 9448 Athina - Αθήναι,37.9718,23.72793,polity
place,Naupactus,7.36,384218UNau,Naupactus (Aitolia) 190 Navpaktos - Ναύπακτος,38.3997,21.8313,polity
place,Plemmyrium,7.36,370153SPle,Plemmyrion cape (Sicily) 18 Penisola della Maddalena - Πλημμύριον,37.0415,15.3074,cape
ethnic,Syracusans,7.37,371153PSyr,Syracuse (Sicily) 1628 Siracusa - Συράκουσαι,37.0639,15.293,polity
ethnic,Athenians,7.37,380237PAth,Athens (Attica) 9448 Athina - Αθήναι,37.9718,23.72793,polity
place,Olympieion,7.37,371153SZeu,Zeus Temple (Syracuse) 10 Siracusa,37.0516,15.2573,sanctuary/temple
place,Olympieion,7.37,371153SZeu,Zeus Temple (Syracuse) 10 Siracusa,37.0516,15.2573,sanctuary/temple
ethnic,Syracusans,7.38,371153PSyr,Syracuse (Sicily) 1628 Siracusa - Συράκουσαι,37.0639,15.293,polity
ethnic,Athenians,7.38,380237PAth,Athens (Attica) 9448 Athina - Αθήναι,37.9718,23.72793,polity
ethnic,Syracusans,7.39,371153PSyr,Syracuse (Sicily) 1628 Siracusa - Συράκουσαι,37.0639,15.293,polity
ethnic,Athenians,7.39,380237PAth,Athens (Attica) 9448 Athina - Αθήναι,37.9718,23.72793,polity
person,Corinthian,7.39,379229PKor,Corinth/Korinthos (Korinthia) 1749 Archaia Korinthos - Κόρινθος,37.9054,22.8802,polity
ethnic,Syracusans,7.4,371153PSyr,Syracuse (Sicily) 1628 Siracusa - Συράκουσαι,37.0639,15.293,polity
ethnic,Athenians,7.4,380237PAth,Athens (Attica) 9448 Athina - Αθήναι,37.9718,23.72793,polity
demonym,Corinthian,7.4,379229PKor,Corinth/Korinthos (Korinthia) 1749 Archaia Korinthos - Κόρινθος,37.9054,22.8802,polity
place,Epipolae,7.4,371152FEpi,Epipolai fort (Sicily) 49 Belvedere - Επιπολαί,37.0912,15.222,fortification
place,Plemmyrium,7.4,370153SPle,Plemmyrion cape (Sicily) 18 Penisola della Maddalena - Πλημμύριον,37.0415,15.3074,cape
place,Olympieion,7.4,371153SZeu,Zeus Temple (Syracuse) 10 Siracusa,37.0516,15.2573,sanctuary/temple
place,Plemmyrium,7.4,370153SPle,Plemmyrion cape (Sicily) 18 Penisola della Maddalena - Πλημμύριον,37.0415,15.3074,cape
place,Locris,7.4,382162PLoc,Locris (Italy) 225 Locri - Λοκροί Επιζεφύριοι,38.216,16.229,polity
place,Rhegium,7.4,381156PRhe,Rhegion (Magna Graecia) 334 Reggio Calabria - Ρήγιον,38.109,15.644,polity
place,Sicily,7.4,376145RSic,Sicily region (Italy) 3245 Sicilia - Σικελία,37.6,14.5,region/people
ethnic,Syracusans,7.40,371153PSyr,Syracuse (Sicily) 1628 Siracusa - Συράκουσαι,37.0639,15.293,polity
ethnic,Athenians,7.40,380237PAth,Athens (Attica) 9448 Athina - Αθήναι,37.9718,23.72793,polity
ethnic,Syracusans,7.41,371153PSyr,Syracuse (Sicily) 1628 Siracusa - Συράκουσαι,37.0639,15.293,polity
ethnic,Athenians,7.41,380237PAth,Athens (Attica) 9448 Athina - Αθήναι,37.9718,23.72793,polity
ethnic,Syracusans,7.42,371153PSyr,Syracuse (Sicily) 1628 Siracusa - Συράκουσαι,37.0639,15.293,polity
ethnic,Athenians,7.42,380237PAth,Athens (Attica) 9448 Athina - Αθήναι,37.9718,23.72793,polity
place,Decelea,7.42,382238DDek,Dekeleia (Attica) 104 Tatoi - Δεκέλεια,38.151,23.794,deme
place,Catana,7.42,375151PCat,Katane/Catina (Sicily) 164 Catania - Κατάνη,37.503,15.0881,polity
place,Peloponnese,7.42,375222RPel,Peloponnese (Hellas) 1736 Peloponisos - Πελοπόννησος,37.54,22.15,region/people
place,Epipolae,7.42,371152FEpi,Epipolai fort (Sicily) 49 Belvedere - Επιπολαί,37.0912,15.222,fortification
place,Anapus,7.42,371153WAna,Anapos R. (Sicily) 11 Anapo - Άναπος,37.0565,15.255,river
place,Olympieion,7.42,371153SZeu,Zeus Temple (Syracuse) 10 Siracusa,37.0516,15.2573,sanctuary/temple
ethnic,Syracusans,7.43,371153PSyr,Syracuse (Sicily) 1628 Siracusa - Συράκουσαι,37.0639,15.293,polity
ethnic,Siceliots,7.43,376145RSic,Sicily region (Italy) 3245 Sicilia - Σικελία,37.6,14.5,region/people
ethnic,Athenians,7.43,380237PAth,Athens (Attica) 9448 Athina - Αθήναι,37.9718,23.72793,polity
ethnic,Boeotians,7.43,384233RBoi,Boiotia region (Boeotia) 1673 Viotia - Βοιωτία,38.35,23.25,region/people
place,Epipolae,7.43,371152FEpi,Epipolai fort (Sicily) 49 Belvedere - Επιπολαί,37.0912,15.222,fortification
place,Epipolae,7.43,371152FEpi,Epipolai fort (Sicily) 49 Belvedere - Επιπολαί,37.0912,15.222,fortification
place,Epipolae,7.43,371152FEpi,Epipolai fort (Sicily) 49 Belvedere - Επιπολαί,37.0912,15.222,fortification
place,Epipolae,7.43,371152FEpi,Epipolai fort (Sicily) 49 Belvedere - Επιπολαί,37.0912,15.222,fortification
ethnic,Athenians,7.44,380237PAth,Athens (Attica) 9448 Athina - Αθήναι,37.9718,23.72793,polity
ethnic,Syracusans,7.44,371153PSyr,Syracuse (Sicily) 1628 Siracusa - Συράκουσαι,37.0639,15.293,polity
ethnic,Argives,7.44,376227PArg,Argos (Argolid) 2457 Argos - Άργος,37.63091,22.72079,polity
ethnic,Corcyraeans,7.44,396199PKer,Corcyra (Ionian Islands) 405 Kerkyra/Corfu - Κέρκυρα,39.6063,19.9156,polity
demonym,Dorian,7.44,387224RDor,Doris tetrapolis (Central Greece) 303 Dorida - Δωρίς,38.7,22.4,region/people
place,Epipolae,7.44,371152FEpi,Epipolai fort (Sicily) 49 Belvedere - Επιπολαί,37.0912,15.222,fortification
ethnic,Syracusans,7.45,371153PSyr,Syracuse (Sicily) 1628 Siracusa - Συράκουσαι,37.0639,15.293,polity
ethnic,Boeotians,7.45,384233RBoi,Boiotia region (Boeotia) 1673 Viotia - Βοιωτία,38.35,23.25,region/people
ethnic,Athenians,7.45,380237PAth,Athens (Attica) 9448 Athina - Αθήναι,37.9718,23.72793,polity
place,Epipolae,7.45,371152FEpi,Epipolai fort (Sicily) 49 Belvedere - Επιπολαί,37.0912,15.222,fortification
ethnic,Syracusans,7.46,371153PSyr,Syracuse (Sicily) 1628 Siracusa - Συράκουσαι,37.0639,15.293,polity
demonym,Athenian,7.46,380237PAth,Athens (Attica) 9448 Athina - Αθήναι,37.9718,23.72793,polity
place,Agrigentum,7.46,373136PAkr,Akragas (Sicily) 276 Agrigento - Ακράγας,37.2906,13.5855,polity
place,Sicily,7.46,376145RSic,Sicily region (Italy) 3245 Sicilia - Σικελία,37.6,14.5,region/people
place,Epipolae,7.46,371152FEpi,Epipolai fort (Sicily) 49 Belvedere - Επιπολαί,37.0912,15.222,fortification
ethnic,Syracusans,7.47,371153PSyr,Syracuse (Sicily) 1628 Siracusa - Συράκουσαι,37.0639,15.293,polity
demonym,Athenian,7.47,380237PAth,Athens (Attica) 9448 Athina - Αθήναι,37.9718,23.72793,polity
place,Epipolae,7.47,371152FEpi,Epipolai fort (Sicily) 49 Belvedere - Επιπολαί,37.0912,15.222,fortification
place,Attica,7.47,379239RAtt,Attica region (Hellas) 1518 Attiki - Αττική,37.9,23.9,region/people
ethnic,Athenians,7.48,380237PAth,Athens (Attica) 9448 Athina - Αθήναι,37.9718,23.72793,polity
ethnic,Syracusans,7.48,371153PSyr,Syracuse (Sicily) 1628 Siracusa - Συράκουσαι,37.0639,15.293,polity
demonym,Athenian,7.49,380237PAth,Athens (Attica) 9448 Athina - Αθήναι,37.9718,23.72793,polity
place,Syracuse,7.49,371153PSyr,Syracuse (Sicily) 1628 Siracusa - Συράκουσαι,37.0639,15.293,polity
place,Thapsus,7.49,372152UTha,Thapsos (Sicily) 16 Magnisi peninsula - Θάψος,37.1531,15.2356,polity
place,Catana,7.49,375151PCat,Katane/Catina (Sicily) 164 Catania - Κατάνη,37.503,15.0881,polity
ethnic,Athenians,7.5,380237PAth,Athens (Attica) 9448 Athina - Αθήναι,37.9718,23.72793,polity
ethnic,Syracusans,7.5,371153PSyr,Syracuse (Sicily) 1628 Siracusa - Συράκουσαι,37.0639,15.293,polity
ethnic,Peloponnesians,7.5,375222RPel,Peloponnese (Hellas) 1736 Peloponisos - Πελοπόννησος,37.54,22.15,region/people
ethnic,Dorians,7.5,387224RDor,Doris tetrapolis (Central Greece) 303 Dorida - Δωρίς,38.7,22.4,region/people
ethnic,Ionians,7.5,375275RIon,Ionia region (Asia Minor) 884 Izmir - Ιωνία,38.0,27.3,region/people
place,Epipolae,7.5,371152FEpi,Epipolai fort (Sicily) 49 Belvedere - Επιπολαί,37.0912,15.222,fortification
ethnic,Athenians,7.50,380237PAth,Athens (Attica) 9448 Athina - Αθήναι,37.9718,23.72793,polity
ethnic,Syracusans,7.50,371153PSyr,Syracuse (Sicily) 1628 Siracusa - Συράκουσαι,37.0639,15.293,polity
ethnic,Cyrenians,7.50,328219PCyr,Cyrene (Libya) 505 Shahhat - Κυρήνη,32.819,21.856,polity
ethnic,Euesperitae,7.50,321201UEue,Euesperides/Berenike (Libya) 70 Benghazi - Ευεσπερίδες,32.114,20.063,polity
ethnic,Libyans,7.50,300070RLib,Libya (Africa) 1525 North Africa - Λιβύη,32.01,10.01,region/people
place,Agrigentum,7.50,373136PAkr,Akragas (Sicily) 276 Agrigento - Ακράγας,37.2906,13.5855,polity
place,Gela,7.50,371143PGel,Gela (Sicily) 132 Gela - Γέλα,37.063,14.2587,polity
place,Sicily,7.50,376145RSic,Sicily region (Italy) 3245 Sicilia - Σικελία,37.6,14.5,region/people
place,Peloponnese,7.50,375222RPel,Peloponnese (Hellas) 1736 Peloponisos - Πελοπόννησος,37.54,22.15,region/people
place,Selinus,7.50,376128PSel,Selinus (Sicily) 106 Selinunte - Σελινούς,37.5828,12.8251,polity
place,Neapolis,7.50,364107UNea,Neapolis (Tunis) 22 Nabeul - Νεάπολις,36.4405,10.7195,polity
ethnic,Syracusans,7.51,371153PSyr,Syracuse (Sicily) 1628 Siracusa - Συράκουσαι,37.0639,15.293,polity
ethnic,Athenians,7.51,380237PAth,Athens (Attica) 9448 Athina - Αθήναι,37.9718,23.72793,polity
place,Sicily,7.51,376145RSic,Sicily region (Italy) 3245 Sicilia - Σικελία,37.6,14.5,region/people
ethnic,Syracusans,7.52,371153PSyr,Syracuse (Sicily) 1628 Siracusa - Συράκουσαι,37.0639,15.293,polity
ethnic,Athenians,7.52,380237PAth,Athens (Attica) 9448 Athina - Αθήναι,37.9718,23.72793,polity
ethnic,Syracusans,7.53,371153PSyr,Syracuse (Sicily) 1628 Siracusa - Συράκουσαι,37.0639,15.293,polity
ethnic,Tyrrhenians,7.53,430105RTyr,Tyrrhenians/Etruria (Italy) 1288 Toscana - Τυρρηνία,43.0,10.5,region/people
ethnic,Athenians,7.53,380237PAth,Athens (Attica) 9448 Athina - Αθήναι,37.9718,23.72793,polity
ethnic,Syracusans,7.54,371153PSyr,Syracuse (Sicily) 1628 Siracusa - Συράκουσαι,37.0639,15.293,polity
ethnic,Athenians,7.54,380237PAth,Athens (Attica) 9448 Athina - Αθήναι,37.9718,23.72793,polity
ethnic,Tyrrhenians,7.54,430105RTyr,Tyrrhenians/Etruria (Italy) 1288 Toscana - Τυρρηνία,43.0,10.5,region/people
ethnic,Syracusans,7.55,371153PSyr,Syracuse (Sicily) 1628 Siracusa - Συράκουσαι,37.0639,15.293,polity
ethnic,Athenians,7.55,380237PAth,Athens (Attica) 9448 Athina - Αθήναι,37.9718,23.72793,polity
ethnic,Syracusans,7.56,371153PSyr,Syracuse (Sicily) 1628 Siracusa - Συράκουσαι,37.0639,15.293,polity
ethnic,Athenians,7.56,380237PAth,Athens (Attica) 9448 Athina - Αθήναι,37.9718,23.72793,polity
ethnic,Corinthians,7.56,379229PKor,Corinth/Korinthos (Korinthia) 1749 Archaia Korinthos - Κόρινθος,37.9054,22.8802,polity
ethnic,Lacedaemonians,7.56,371224PSpa,Sparta/Lacedaemon (Lakonia) 5559 Sparti - Σπάρτα,37.0821,22.4237,polity
ethnic,Athenians,7.57,380237PAth,Athens (Attica) 9448 Athina - Αθήναι,37.9718,23.72793,polity
ethnic,Ionians,7.57,375275RIon,Ionia region (Asia Minor) 884 Izmir - Ιωνία,38.0,27.3,region/people
ethnic,Dorians,7.57,387224RDor,Doris tetrapolis (Central Greece) 303 Dorida - Δωρίς,38.7,22.4,region/people
ethnic,Lemnians,7.57,399253ILem,Lemnos (Aegean) 341 Lemnos - Λήμνος,39.93,25.21,island
ethnic,Imbrians,7.57,402259PImb,Imbros (Aegean) 77 Kalekoy - Ίμβρος,40.2331,25.903,polity
ethnic,Aeginetans,7.57,378234PAig,Aigina polis (Aegina) 464 Aigina - Αίγινα,37.75,23.425,polity
ethnic,Hestiaeans,7.57,389231PHis,Histiaia (Euboea) 78 Oreoi - Ιστιαία,38.9466,23.0905,polity
ethnic,Eretrians,7.57,384238PEre,Eretria (Euboea) 227 Eretria - Ερέτρια,38.3982,23.7905,polity
ethnic,Chalcidians,7.57,385236PCha,Chalkis (Euboea) 435 Chalkida - Χάλκις,38.4597,23.6153,polity
ethnic,Styrians,7.57,382242PSty,Styra (Euboea) 22 Styra - Στύρα,38.1455,24.2607,polity
ethnic,Carystians,7.57,380244PKar,Karystos (Euboea) 146 Karystos - Κάρυστος,38.027,24.427,polity
ethnic,Ceans,7.57,376243IKeo,Keos (Kea) 152 Tzia - Κέως,37.6167,24.3333,island
ethnic,Andrians,7.57,378248PAnd,Andros (Cyclades) 131 Palaiopolis - Άνδρος,37.8186,24.8279,polity
ethnic,Tenians,7.57,375252PTen,Tenos (Tinos) 70 Tinos - Τήνος,37.538,25.1617,polity
ethnic,Milesians,7.57,375273PMil,Miletus (Ionia) 729 Milet - Μίλητος,37.5292,27.2775,polity
ethnic,Samians,7.57,377269PSam,Samos (Aegean) 872 Pythagoreio - Σάμος,37.695,26.935,polity
ethnic,Chians,7.57,384261PChi,Chios polis (Chios) 602 Khios - Χίος,38.3764,26.1342,polity
ethnic,Dryopes,7.57,383243RDry,Dryopes tribe (Euboea) 42  - Δρύοπες,38.2,24.2,region/people
ethnic,Methymnians,7.57,394262PMet,Methymna (Lesbos) 116 Methymna - Μήθυμνα,39.3692,26.1769,polity
ethnic,Tenedians,7.57,398261ITen,Tenedos (Troad) 155 Bozcaada - Τένεδος,39.8337,26.0715,polity
ethnic,Aenians,7.57,404229PAin,Aineia (Thessaloniki) 60 Nea Michaniona - Αίνεια,40.4754,22.8341,polity
ethnic,Aeolians,7.57,390271RAio,Aiolis region (Asia Minor) 293 N of Izmir - Αιολίς,39.0,27.1,region/people
ethnic,Boeotians,7.57,384233RBoi,Boiotia region (Boeotia) 1673 Viotia - Βοιωτία,38.35,23.25,region/people
ethnic,Plataeans,7.57,382233PPla,Plataea (Boeotia) 337 Plataia - Πλαταιά,38.2213,23.2733,polity
ethnic,Rhodians,7.57,364282IRho,Rhodes (Dodecanese) 1346 Rodos - Ρόδος,36.4408,28.2244,polity
ethnic,Cytherians,7.57,363230PKyt,Cythera (Kythera) 136 Paleokastro - Κύθηρα,36.2295,23.0291,polity
ethnic,Argives,7.57,376227PArg,Argos (Argolid) 2457 Argos - Άργος,37.63091,22.72079,polity
ethnic,Syracusans,7.57,371153PSyr,Syracuse (Sicily) 1628 Siracusa - Συράκουσαι,37.0639,15.293,polity
ethnic,Geloans,7.57,371143PGel,Gela (Sicily) 132 Gela - Γέλα,37.063,14.2587,polity
ethnic,Cephallenians,7.57,382206IKep,Kephallania (Kefallenia) 163 Kephallenia - Κεφαλληνία,38.2,20.59,island
ethnic,Zacynthians,7.57,378209PZak,Zacynthus (Ionian Islands) 123 Zakynthos - Ζάκυνθος,37.7872,20.8921,polity
ethnic,Corcyraeans,7.57,396199PKer,Corcyra (Ionian Islands) 405 Kerkyra/Corfu - Κέρκυρα,39.6063,19.9156,polity
ethnic,Corinthians,7.57,379229PKor,Corinth/Korinthos (Korinthia) 1749 Archaia Korinthos - Κόρινθος,37.9054,22.8802,polity
ethnic,Messenians,7.57,372218RMes,Messenia region (Messenia) 700 Messinia - Μεσσηνία,37.2,21.8,region/people
ethnic,Selinuntines,7.57,376128PSel,Selinus (Sicily) 106 Selinunte - Σελινούς,37.5828,12.8251,polity
ethnic,Lacedaemonians,7.57,371224PSpa,Sparta/Lacedaemon (Lakonia) 5559 Sparti - Σπάρτα,37.0821,22.4237,polity
ethnic,Mantineans,7.57,376224UMan,Mantineia (Arkadia) 400 Mantineia - Μαντίνεια,37.6181,22.3933,polity
ethnic,Arcadians,7.57,375223RArk,Arkadia region (Arkadia) 1437 Arkadia - Αρκαδία,37.5,22.3,region/people
ethnic,Cretans,7.57,352252IKre,Crete (Greece) 1562 Kriti - Κρήτη,35.2052,25.1836,region/people
ethnic,Aetolians,7.57,386215RAit,Aitolia region (Aitolia) 1220 Aitolia - Αιτωλία,38.6,21.5,region/people
ethnic,Acarnanians,7.57,388210RAka,Akarnania region (Akarnania) 435 Akarnania - Ακαρνανία,38.8,21.0,region/people
ethnic,Thurians,7.57,397164PTho,Thourioi (Magna Graecia) 170 Sibari - Θούριοι,39.716,16.49,polity
ethnic,Metapontines,7.57,404168PMet,Metapontion (Magna Graecia) 94 Metaponto - Μεταπόντιον,40.383,16.824,polity
ethnic,Siceliots,7.57,376145RSic,Sicily region (Italy) 3245 Sicilia - Σικελία,37.6,14.5,region/people
ethnic,Naxians,7.57,378153UNax,Naxos (Sicily) 63 Naxos-Giardini - Νάξος,37.8227,15.2726,polity
ethnic,Catanians,7.57,375151PCat,Katane/Catina (Sicily) 164 Catania - Κατάνη,37.503,15.0881,polity
ethnic,Egestaeans,7.57,379128PAig,Segesta (Sicily) 121 Segesta - Σέγεστα,37.9392,12.8399,polity
demonym,Attic,7.57,379239RAtt,Attica region (Hellas) 1518 Attiki - Αττική,37.9,23.9,region/people
demonym,Megarian,7.57,380233PMeg,Megara (Megarid) 713 Megara - Μέγαρα,37.997,23.34285,polity
demonym,Tyrrhenian,7.57,430105RTyr,Tyrrhenians/Etruria (Italy) 1288 Toscana - Τυρρηνία,43.0,10.5,region/people
demonym,Iapygian,7.57,400182RIap,Iapygia region (Italy) 105 Matera - Ιαπυγία,40.8,16.9,region/people
place,Hestiaea,7.57,389231PHis,Histiaia (Euboea) 78 Oreoi - Ιστιαία,38.9466,23.0905,polity
place,Euboea,7.57,385239IEub,Euboia (Euboea) 740 Evia - Εύβοια,38.53,23.87,island
place,Peloponnese,7.57,375222RPel,Peloponnese (Hellas) 1736 Peloponisos - Πελοπόννησος,37.54,22.15,region/people
place,Naupactus,7.57,384218UNau,Naupactus (Aitolia) 190 Navpaktos - Ναύπακτος,38.3997,21.8313,polity
place,Pylos,7.57,370217UPyl,Pylos/Koryphasion cape (Messenia) 112 Akr. Koryphasiou - Πύλος,36.9517,21.66,polity
place,Ionian Sea,7.57,408187WIon,Ionian Sea (Greece/Italy) 284 Mar Ionio - Ιόνιος,39.2,18.7,sea/strait
ethnic,Athenians,7.58,380237PAth,Athens (Attica) 9448 Athina - Αθήναι,37.9718,23.72793,polity
ethnic,Syracusans,7.58,371153PSyr,Syracuse (Sicily) 1628 Siracusa - Συράκουσαι,37.0639,15.293,polity
ethnic,Camarinaeans,7.58,369144PCam,Camarina (Sicily) 81 Camarina - Καμάρινα,36.8721,14.4474,polity
ethnic,Agrigentines,7.58,373136PAkr,Akragas (Sicily) 276 Agrigento - Ακράγας,37.2906,13.5855,polity
ethnic,Selinuntines,7.58,376128PSel,Selinus (Sicily) 106 Selinunte - Σελινούς,37.5828,12.8251,polity
ethnic,Himeraeans,7.58,380138PHim,Himera (Sicily) 129 Himera - Ιμέρα,37.9708,13.8225,polity
ethnic,Dorians,7.58,387224RDor,Doris tetrapolis (Central Greece) 303 Dorida - Δωρίς,38.7,22.4,region/people
ethnic,Sicels,7.58,376145RSic,Sicily region (Italy) 3245 Sicilia - Σικελία,37.6,14.5,region/people
ethnic,Lacedaemonians,7.58,371224PSpa,Sparta/Lacedaemon (Lakonia) 5559 Sparti - Σπάρτα,37.0821,22.4237,polity
ethnic,Corinthians,7.58,379229PKor,Corinth/Korinthos (Korinthia) 1749 Archaia Korinthos - Κόρινθος,37.9054,22.8802,polity
ethnic,Sicyonians,7.58,380227PSik,Sikyon (Korinthia) 619 Vasiliko - Σικυών,37.9834,22.7145,polity
ethnic,Boeotians,7.58,384233RBoi,Boiotia region (Boeotia) 1673 Viotia - Βοιωτία,38.35,23.25,region/people
demonym,Leucadian,7.58,387207PLeu,Leukas (Ionian Islands) 213 Leukada - Λευκάς,38.81,20.717,polity
demonym,Ambraciot,7.58,390209UAmb,Ambracus (Arta) 92 Phidokastro - Άμβρακος,39.0419,20.9538,harbor
place,Libya,7.58,300070RLib,Libya (Africa) 1525 North Africa - Λιβύη,32.01,10.01,region/people
place,Tyrrhenian sea,7.58,409115WTyr,Tyrrhenian Sea (Italy) 135 Mar Tirreno - Τυρρηνικόν πέλαγος,40.9,11.5,sea/strait
place,Arcadia,7.58,375223RArk,Arkadia region (Arkadia) 1437 Arkadia - Αρκαδία,37.5,22.3,region/people
place,Peloponnese,7.58,375222RPel,Peloponnese (Hellas) 1736 Peloponisos - Πελοπόννησος,37.54,22.15,region/people
ethnic,Syracusans,7.59,371153PSyr,Syracuse (Sicily) 1628 Siracusa - Συράκουσαι,37.0639,15.293,polity
ethnic,Athenians,7.59,380237PAth,Athens (Attica) 9448 Athina - Αθήναι,37.9718,23.72793,polity
ethnic,Athenians,7.6,380237PAth,Athens (Attica) 9448 Athina - Αθήναι,37.9718,23.72793,polity
ethnic,Syracusans,7.6,371153PSyr,Syracuse (Sicily) 1628 Siracusa - Συράκουσαι,37.0639,15.293,polity
ethnic,Athenians,7.60,380237PAth,Athens (Attica) 9448 Athina - Αθήναι,37.9718,23.72793,polity
ethnic,Acarnanians,7.60,388210RAka,Akarnania region (Akarnania) 435 Akarnania - Ακαρνανία,38.8,21.0,region/people
place,Catana,7.60,375151PCat,Katane/Catina (Sicily) 164 Catania - Κατάνη,37.503,15.0881,polity
ethnic,Athenians,7.61,380237PAth,Athens (Attica) 9448 Athina - Αθήναι,37.9718,23.72793,polity
ethnic,Athenians,7.63,380237PAth,Athens (Attica) 9448 Athina - Αθήναι,37.9718,23.72793,polity
ethnic,Corinthians,7.63,379229PKor,Corinth/Korinthos (Korinthia) 1749 Archaia Korinthos - Κόρινθος,37.9054,22.8802,polity
ethnic,Siceliots,7.63,376145RSic,Sicily region (Italy) 3245 Sicilia - Σικελία,37.6,14.5,region/people
ethnic,Athenians,7.64,380237PAth,Athens (Attica) 9448 Athina - Αθήναι,37.9718,23.72793,polity
ethnic,Syracusans,7.64,371153PSyr,Syracuse (Sicily) 1628 Siracusa - Συράκουσαι,37.0639,15.293,polity
ethnic,Lacedaemonians,7.64,371224PSpa,Sparta/Lacedaemon (Lakonia) 5559 Sparti - Σπάρτα,37.0821,22.4237,polity
ethnic,Syracusans,7.65,371153PSyr,Syracuse (Sicily) 1628 Siracusa - Συράκουσαι,37.0639,15.293,polity
ethnic,Athenians,7.65,380237PAth,Athens (Attica) 9448 Athina - Αθήναι,37.9718,23.72793,polity
ethnic,Syracusans,7.66,371153PSyr,Syracuse (Sicily) 1628 Siracusa - Συράκουσαι,37.0639,15.293,polity
ethnic,Athenians,7.66,380237PAth,Athens (Attica) 9448 Athina - Αθήναι,37.9718,23.72793,polity
place,Sicily,7.66,376145RSic,Sicily region (Italy) 3245 Sicilia - Σικελία,37.6,14.5,region/people
place,Peloponnese,7.66,375222RPel,Peloponnese (Hellas) 1736 Peloponisos - Πελοπόννησος,37.54,22.15,region/people
ethnic,Acarnanians,7.67,388210RAka,Akarnania region (Akarnania) 435 Akarnania - Ακαρνανία,38.8,21.0,region/people
place,Sicily,7.68,376145RSic,Sicily region (Italy) 3245 Sicilia - Σικελία,37.6,14.5,region/people
ethnic,Athenians,7.69,380237PAth,Athens (Attica) 9448 Athina - Αθήναι,37.9718,23.72793,polity
demonym,Syracusan,7.69,371153PSyr,Syracuse (Sicily) 1628 Siracusa - Συράκουσαι,37.0639,15.293,polity
ethnic,Corinthians,7.7,379229PKor,Corinth/Korinthos (Korinthia) 1749 Archaia Korinthos - Κόρινθος,37.9054,22.8802,polity
ethnic,Ambraciots,7.7,390209UAmb,Ambracus (Arta) 92 Phidokastro - Άμβρακος,39.0419,20.9538,harbor
ethnic,Leucadians,7.7,387207PLeu,Leukas (Ionian Islands) 213 Leukada - Λευκάς,38.81,20.717,polity
ethnic,Syracusans,7.7,371153PSyr,Syracuse (Sicily) 1628 Siracusa - Συράκουσαι,37.0639,15.293,polity
ethnic,Athenians,7.7,380237PAth,Athens (Attica) 9448 Athina - Αθήναι,37.9718,23.72793,polity
place,Sicily,7.7,376145RSic,Sicily region (Italy) 3245 Sicilia - Σικελία,37.6,14.5,region/people
place,Lacedaemon,7.7,371224PSpa,Sparta/Lacedaemon (Lakonia) 5559 Sparti - Σπάρτα,37.0821,22.4237,polity
ethnic,Syracusans,7.70,371153PSyr,Syracuse (Sicily) 1628 Siracusa - Συράκουσαι,37.0639,15.293,polity
ethnic,Athenians,7.70,380237PAth,Athens (Attica) 9448 Athina - Αθήναι,37.9718,23.72793,polity
ethnic,Corinthians,7.70,379229PKor,Corinth/Korinthos (Korinthia) 1749 Archaia Korinthos - Κόρινθος,37.9054,22.8802,polity
ethnic,Athenians,7.71,380237PAth,Athens (Attica) 9448 Athina - Αθήναι,37.9718,23.72793,polity
ethnic,Syracusans,7.71,371153PSyr,Syracuse (Sicily) 1628 Siracusa - Συράκουσαι,37.0639,15.293,polity
ethnic,Lacedaemonians,7.71,371224PSpa,Sparta/Lacedaemon (Lakonia) 5559 Sparti - Σπάρτα,37.0821,22.4237,polity
place,Pylos,7.71,370217UPyl,Pylos/Koryphasion cape (Messenia) 112 Akr. Koryphasiou - Πύλος,36.9517,21.66,polity
ethnic,Syracusans,7.72,371153PSyr,Syracuse (Sicily) 1628 Siracusa - Συράκουσαι,37.0639,15.293,polity
ethnic,Athenians,7.72,380237PAth,Athens (Attica) 9448 Athina - Αθήναι,37.9718,23.72793,polity
ethnic,Syracusans,7.73,371153PSyr,Syracuse (Sicily) 1628 Siracusa - Συράκουσαι,37.0639,15.293,polity
ethnic,Athenians,7.73,380237PAth,Athens (Attica) 9448 Athina - Αθήναι,37.9718,23.72793,polity
place,Sicily,7.73,376145RSic,Sicily region (Italy) 3245 Sicilia - Σικελία,37.6,14.5,region/people
ethnic,Syracusans,7.74,371153PSyr,Syracuse (Sicily) 1628 Siracusa - Συράκουσαι,37.0639,15.293,polity
ethnic,Athenians,7.74,380237PAth,Athens (Attica) 9448 Athina - Αθήναι,37.9718,23.72793,polity
ethnic,Athenians,7.77,380237PAth,Athens (Attica) 9448 Athina - Αθήναι,37.9718,23.72793,polity
ethnic,Sicels,7.77,376145RSic,Sicily region (Italy) 3245 Sicilia - Σικελία,37.6,14.5,region/people
ethnic,Syracusans,7.77,371153PSyr,Syracuse (Sicily) 1628 Siracusa - Συράκουσαι,37.0639,15.293,polity
ethnic,Syracusans,7.78,371153PSyr,Syracuse (Sicily) 1628 Siracusa - Συράκουσαι,37.0639,15.293,polity
ethnic,Athenians,7.78,380237PAth,Athens (Attica) 9448 Athina - Αθήναι,37.9718,23.72793,polity
place,Anapus,7.78,371153WAna,Anapos R. (Sicily) 11 Anapo - Άναπος,37.0565,15.255,river
ethnic,Athenians,7.79,380237PAth,Athens (Attica) 9448 Athina - Αθήναι,37.9718,23.72793,polity
ethnic,Syracusans,7.79,371153PSyr,Syracuse (Sicily) 1628 Siracusa - Συράκουσαι,37.0639,15.293,polity
ethnic,Athenians,7.8,380237PAth,Athens (Attica) 9448 Athina - Αθήναι,37.9718,23.72793,polity
ethnic,Syracusans,7.80,371153PSyr,Syracuse (Sicily) 1628 Siracusa - Συράκουσαι,37.0639,15.293,polity
ethnic,Athenians,7.80,380237PAth,Athens (Attica) 9448 Athina - Αθήναι,37.9718,23.72793,polity
ethnic,Sicels,7.80,376145RSic,Sicily region (Italy) 3245 Sicilia - Σικελία,37.6,14.5,region/people
place,Catana,7.80,375151PCat,Katane/Catina (Sicily) 164 Catania - Κατάνη,37.503,15.0881,polity
place,Camarina,7.80,369144PCam,Camarina (Sicily) 81 Camarina - Καμάρινα,36.8721,14.4474,polity
place,Gela,7.80,371143PGel,Gela (Sicily) 132 Gela - Γέλα,37.063,14.2587,polity
ethnic,Syracusans,7.81,371153PSyr,Syracuse (Sicily) 1628 Siracusa - Συράκουσαι,37.0639,15.293,polity
ethnic,Athenians,7.81,380237PAth,Athens (Attica) 9448 Athina - Αθήναι,37.9718,23.72793,polity
ethnic,Athenians,7.82,380237PAth,Athens (Attica) 9448 Athina - Αθήναι,37.9718,23.72793,polity
ethnic,Syracusans,7.82,371153PSyr,Syracuse (Sicily) 1628 Siracusa - Συράκουσαι,37.0639,15.293,polity
ethnic,Syracusans,7.83,371153PSyr,Syracuse (Sicily) 1628 Siracusa - Συράκουσαι,37.0639,15.293,polity
ethnic,Athenians,7.83,380237PAth,Athens (Attica) 9448 Athina - Αθήναι,37.9718,23.72793,polity
ethnic,Syracusans,7.84,371153PSyr,Syracuse (Sicily) 1628 Siracusa - Συράκουσαι,37.0639,15.293,polity
ethnic,Athenians,7.84,380237PAth,Athens (Attica) 9448 Athina - Αθήναι,37.9718,23.72793,polity
ethnic,Peloponnesians,7.84,375222RPel,Peloponnese (Hellas) 1736 Peloponisos - Πελοπόννησος,37.54,22.15,region/people
place,Assinarus,7.84,369151WAss,Assinaros river (Sicily) 4 Asinaro,36.87573,15.12726,river
ethnic,Syracusans,7.85,371153PSyr,Syracuse (Sicily) 1628 Siracusa - Συράκουσαι,37.0639,15.293,polity
ethnic,Lacedaemonians,7.85,371224PSpa,Sparta/Lacedaemon (Lakonia) 5559 Sparti - Σπάρτα,37.0821,22.4237,polity
demonym,Sicilian,7.85,376145RSic,Sicily region (Italy) 3245 Sicilia - Σικελία,37.6,14.5,region/people
place,Catana,7.85,375151PCat,Katane/Catina (Sicily) 164 Catania - Κατάνη,37.503,15.0881,polity
ethnic,Syracusans,7.86,371153PSyr,Syracuse (Sicily) 1628 Siracusa - Συράκουσαι,37.0639,15.293,polity
ethnic,Athenians,7.86,380237PAth,Athens (Attica) 9448 Athina - Αθήναι,37.9718,23.72793,polity
ethnic,Lacedaemonians,7.86,371224PSpa,Sparta/Lacedaemon (Lakonia) 5559 Sparti - Σπάρτα,37.0821,22.4237,polity
ethnic,Corinthians,7.86,379229PKor,Corinth/Korinthos (Korinthia) 1749 Archaia Korinthos - Κόρινθος,37.9054,22.8802,polity
place,Pylos,7.86,370217UPyl,Pylos/Koryphasion cape (Messenia) 112 Akr. Koryphasiou - Πύλος,36.9517,21.66,polity
ethnic,Syracusans,7.87,371153PSyr,Syracuse (Sicily) 1628 Siracusa - Συράκουσαι,37.0639,15.293,polity
ethnic,Athenians,7.87,380237PAth,Athens (Attica) 9448 Athina - Αθήναι,37.9718,23.72793,polity
ethnic,Siceliots,7.87,376145RSic,Sicily region (Italy) 3245 Sicilia - Σικελία,37.6,14.5,region/people
ethnic,Thracians,7.9,410265RThr,Thrace region (Evros) 1818 Thraki - Θραίκη,41.0,26.5,region/people
demonym,Athenian,7.9,380237PAth,Athens (Attica) 9448 Athina - Αθήναι,37.9718,23.72793,polity
place,Amphipolis,7.9,408238PAmp,Amphipolis (Serres) 247 Amphipolis - Αμφίπολις,40.822,23.847,polity
place,Strymon,7.9,408238WStr,Strymon R. (Serres) 155 Strymon - Στρυμών,40.7858,23.8489,river
place,Sicily,8.1,376145RSic,Sicily region (Italy) 3245 Sicilia - Σικελία,37.6,14.5,region/people
place,Athens,8.1,380237PAth,Athens (Attica) 9448 Athina - Αθήναι,37.9718,23.72793,polity
place,Piraeus,8.1,379236HPei,Piraeus (Attica) 498 Piraeus - Πειραιεύς,37.9394,23.6448,deme
place,Euboea,8.1,385239IEub,Euboia (Euboea) 740 Evia - Εύβοια,38.53,23.87,island
ethnic,Athenians,8.10,380237PAth,Athens (Attica) 9448 Athina - Αθήναι,37.9718,23.72793,polity
ethnic,Chians,8.10,384261PChi,Chios polis (Chios) 602 Khios - Χίος,38.3764,26.1342,polity
ethnic,Peloponnesians,8.10,375222RPel,Peloponnese (Hellas) 1736 Peloponisos - Πελοπόννησος,37.54,22.15,region/people
demonym,Corinthian,8.10,379229PKor,Corinth/Korinthos (Korinthia) 1749 Archaia Korinthos - Κόρινθος,37.9054,22.8802,polity
demonym,Epidaurian,8.10,376232PEpi,Epidauros (Argolid) 206 Archaia Epidauros - Επίδαυρος,37.6331,23.1617,polity
place,Cenchreae,8.10,379230HKen,Kenchreai (Korinthia) 68 Kechriai - Κεγχρέαι,37.8824,22.9925,harbor
place,Spiraeum,8.10,378231HSpi,Spiraion (Korinthia) 7 Korfos? - Σπείραιον,37.7646,23.1317,harbor
ethnic,Thebans,8.100,383233PThe,Thebes (Boeotia) 2611 Thiva - Θήβαι,38.3191,23.3178,polity
ethnic,Lesbians,8.100,392261ILes,Lesbos (Lesbos) 438 Lesbos - Λέσβος,39.2075,26.2,island
ethnic,Methymnians,8.100,394262PMet,Methymna (Lesbos) 116 Methymna - Μήθυμνα,39.3692,26.1769,polity
demonym,Athenian,8.100,380237PAth,Athens (Attica) 9448 Athina - Αθήναι,37.9718,23.72793,polity
place,Miletus,8.100,375273PMil,Miletus (Ionia) 729 Milet - Μίλητος,37.5292,27.2775,polity
place,Samos,8.100,377269PSam,Samos (Aegean) 872 Pythagoreio - Σάμος,37.695,26.935,polity
place,Hellespont,8.100,402264WHel,Hellespont (Thrace) 730 Dardanelles - Ελλήσποντός,40.2,26.4,sea/strait
place,Chios,8.100,384261PChi,Chios polis (Chios) 602 Khios - Χίος,38.3764,26.1342,polity
place,Eresus,8.100,391259PEre,Eresos (Lesbos) 56 Skala Eresou - Έρεσος,39.1341,25.9348,polity
place,Cyme,8.100,388269UCym,Kyme (Aiolis) 129 Nemrut - Κύμε,38.7595,26.9363,polity
place,Mitylene,8.100,391265PMyt,Mytilene (Lesbos) 323 Mytilini - Μυτιλήνη,39.1114,26.5621,polity
place,Eresus,8.100,391259PEre,Eresos (Lesbos) 56 Skala Eresou - Έρεσος,39.1341,25.9348,polity
place,Eresus,8.100,391259PEre,Eresos (Lesbos) 56 Skala Eresou - Έρεσος,39.1341,25.9348,polity
place,Eresus,8.100,391259PEre,Eresos (Lesbos) 56 Skala Eresou - Έρεσος,39.1341,25.9348,polity
ethnic,Chians,8.101,384261PChi,Chios polis (Chios) 602 Khios - Χίος,38.3764,26.1342,polity
demonym,Peloponnesian,8.101,375222RPel,Peloponnese (Hellas) 1736 Peloponisos - Πελοπόννησος,37.54,22.15,region/people
demonym,Cymaean,8.101,388269UCym,Kyme (Aiolis) 129 Nemrut - Κύμε,38.7595,26.9363,polity
place,Eresus,8.101,391259PEre,Eresos (Lesbos) 56 Skala Eresou - Έρεσος,39.1341,25.9348,polity
place,Lesbos,8.101,392261ILes,Lesbos (Lesbos) 438 Lesbos - Λέσβος,39.2075,26.2,island
place,Arginusae,8.101,390268IArg,Arginoussai (Aiolis) 32 Kalem adasi - Αργέννουσα,39.007,26.7855,island
place,Mitylene,8.101,391265PMyt,Mytilene (Lesbos) 323 Mytilini - Μυτιλήνη,39.1114,26.5621,polity
place,Methymna,8.101,394262PMet,Methymna (Lesbos) 116 Methymna - Μήθυμνα,39.3692,26.1769,polity
place,Lectum,8.101,395261LLek,Lekton cape (Troad) 46 Babakale - Λεκτόν,39.48,26.065,cape
place,Larisa,8.101,396261PLar,Larisa (Troad) 14 Liman tepe - Λαρίσα,39.592,26.126,polity
place,Hamaxitus,8.101,395261UHam,Hamaxitos (Troad) 22 Beşik tepe - Αμαξιτός,39.539,26.094,polity
place,Rhoeteum,8.101,400263URho,Rhoiteion (Troad) 51 Baba Kale - Ροίτειον,40.0093,26.3003,polity
place,Hellespont,8.101,402264WHel,Hellespont (Thrace) 730 Dardanelles - Ελλήσποντός,40.2,26.4,sea/strait
place,Sigeum,8.101,400262USig,Sigeion (Troad) 100 Canakkale - Σίγειον,39.9901,26.1802,polity
demonym,Athenian,8.102,380237PAth,Athens (Attica) 9448 Athina - Αθήναι,37.9718,23.72793,polity
demonym,Peloponnesian,8.102,375222RPel,Peloponnese (Hellas) 1736 Peloponisos - Πελοπόννησος,37.54,22.15,region/people
place,Sestos,8.102,402264USes,Sestos (Thrace) 135 Sestos - Σηστός,40.2284,26.4172,polity
place,Chersonese,8.102,403265LChe,Chersonesus (Thrace) 293 Gallipoli Peninsula - Χερσόνησος,40.3333,26.5,region/people
place,Elaeus,8.102,401262UEla,Elaious (Thrace) 64 Tekke Burnu - Ελαιούς,40.0545,26.2233,polity
place,Abydos,8.102,402264PAby,Abydos (Troad) 215 Nara Burnu - Άβυδος,40.1951,26.4091,polity
place,Imbros,8.102,402259PImb,Imbros (Aegean) 77 Kalekoy - Ίμβρος,40.2331,25.903,polity
place,Lemnos,8.102,399253ILem,Lemnos (Aegean) 341 Lemnos - Λήμνος,39.93,25.21,island
place,Elaeus,8.102,401262UEla,Elaious (Thrace) 64 Tekke Burnu - Ελαιούς,40.0545,26.2233,polity
place,Imbros,8.102,402259PImb,Imbros (Aegean) 77 Kalekoy - Ίμβρος,40.2331,25.903,polity
ethnic,Peloponnesians,8.103,375222RPel,Peloponnese (Hellas) 1736 Peloponisos - Πελοπόννησος,37.54,22.15,region/people
ethnic,Athenians,8.103,380237PAth,Athens (Attica) 9448 Athina - Αθήναι,37.9718,23.72793,polity
place,Abydos,8.103,402264PAby,Abydos (Troad) 215 Nara Burnu - Άβυδος,40.1951,26.4091,polity
place,Elaeus,8.103,401262UEla,Elaious (Thrace) 64 Tekke Burnu - Ελαιούς,40.0545,26.2233,polity
place,Eresus,8.103,391259PEre,Eresos (Lesbos) 56 Skala Eresou - Έρεσος,39.1341,25.9348,polity
place,Eresus,8.103,391259PEre,Eresos (Lesbos) 56 Skala Eresou - Έρεσος,39.1341,25.9348,polity
place,Hellespont,8.103,402264WHel,Hellespont (Thrace) 730 Dardanelles - Ελλήσποντός,40.2,26.4,sea/strait
place,Elaeus,8.103,401262UEla,Elaious (Thrace) 64 Tekke Burnu - Ελαιούς,40.0545,26.2233,polity
place,Imbros,8.103,402259PImb,Imbros (Aegean) 77 Kalekoy - Ίμβρος,40.2331,25.903,polity
ethnic,Athenians,8.104,380237PAth,Athens (Attica) 9448 Athina - Αθήναι,37.9718,23.72793,polity
ethnic,Peloponnesians,8.104,375222RPel,Peloponnese (Hellas) 1736 Peloponisos - Πελοπόννησος,37.54,22.15,region/people
ethnic,Syracusans,8.104,371153PSyr,Syracuse (Sicily) 1628 Siracusa - Συράκουσαι,37.0639,15.293,polity
place,Sestos,8.104,402264USes,Sestos (Thrace) 135 Sestos - Σηστός,40.2284,26.4172,polity
place,Abydos,8.104,402264PAby,Abydos (Troad) 215 Nara Burnu - Άβυδος,40.1951,26.4091,polity
place,Chersonese,8.104,403265LChe,Chersonesus (Thrace) 293 Gallipoli Peninsula - Χερσόνησος,40.3333,26.5,region/people
place,Dardanus,8.104,401264UDar,Dardanos (Troad) 123 Dardanos Bataryasi - Δάρδανος,40.086,26.3725,polity
place,Cynossema,8.104,401264LKyn,Kynossema cape (Thrace) 17 Kilitbahir - Κυνόσσημα,40.1443,26.3809,cape
place,Cynossema,8.104,401264LKyn,Kynossema cape (Thrace) 17 Kilitbahir - Κυνόσσημα,40.1443,26.3809,cape
ethnic,Peloponnesians,8.105,375222RPel,Peloponnese (Hellas) 1736 Peloponisos - Πελοπόννησος,37.54,22.15,region/people
ethnic,Athenians,8.105,380237PAth,Athens (Attica) 9448 Athina - Αθήναι,37.9718,23.72793,polity
ethnic,Syracusans,8.105,371153PSyr,Syracuse (Sicily) 1628 Siracusa - Συράκουσαι,37.0639,15.293,polity
place,Cynossema,8.105,401264LKyn,Kynossema cape (Thrace) 17 Kilitbahir - Κυνόσσημα,40.1443,26.3809,cape
ethnic,Peloponnesians,8.106,375222RPel,Peloponnese (Hellas) 1736 Peloponisos - Πελοπόννησος,37.54,22.15,region/people
ethnic,Athenians,8.106,380237PAth,Athens (Attica) 9448 Athina - Αθήναι,37.9718,23.72793,polity
demonym,Chian,8.106,384261PChi,Chios polis (Chios) 602 Khios - Χίος,38.3764,26.1342,polity
demonym,Corinthian,8.106,379229PKor,Corinth/Korinthos (Korinthia) 1749 Archaia Korinthos - Κόρινθος,37.9054,22.8802,polity
demonym,Ambraciot,8.106,390209UAmb,Ambracus (Arta) 92 Phidokastro - Άμβρακος,39.0419,20.9538,harbor
demonym,Boeotian,8.106,384233RBoi,Boiotia region (Boeotia) 1673 Viotia - Βοιωτία,38.35,23.25,region/people
demonym,Leucadian,8.106,387207PLeu,Leukas (Ionian Islands) 213 Leukada - Λευκάς,38.81,20.717,polity
demonym,Lacedaemonian,8.106,371224PSpa,Sparta/Lacedaemon (Lakonia) 5559 Sparti - Σπάρτα,37.0821,22.4237,polity
demonym,Syracusan,8.106,371153PSyr,Syracuse (Sicily) 1628 Siracusa - Συράκουσαι,37.0639,15.293,polity
demonym,Pellenian,8.106,380225PPel,Pellene (Korinthia) 135 Pellini - Πελλήνη,38.0446,22.5384,polity
place,Abydos,8.106,402264PAby,Abydos (Troad) 215 Nara Burnu - Άβυδος,40.1951,26.4091,polity
place,Hellespont,8.106,402264WHel,Hellespont (Thrace) 730 Dardanelles - Ελλήσποντός,40.2,26.4,sea/strait
place,Sicily,8.106,376145RSic,Sicily region (Italy) 3245 Sicilia - Σικελία,37.6,14.5,region/people
place,Cynossema,8.106,401264LKyn,Kynossema cape (Thrace) 17 Kilitbahir - Κυνόσσημα,40.1443,26.3809,cape
place,Euboea,8.106,385239IEub,Euboia (Euboea) 740 Evia - Εύβοια,38.53,23.87,island
ethnic,Athenians,8.107,380237PAth,Athens (Attica) 9448 Athina - Αθήναι,37.9718,23.72793,polity
ethnic,Peloponesians,8.107,375222RPel,Peloponnese (Hellas) 1736 Peloponisos - Πελοπόννησος,37.54,22.15,region/people
ethnic,Elaeusians,8.107,401262UEla,Elaious (Thrace) 64 Tekke Burnu - Ελαιούς,40.0545,26.2233,polity
place,Sestos,8.107,402264USes,Sestos (Thrace) 135 Sestos - Σηστός,40.2284,26.4172,polity
place,Cyzicus,8.107,404279UCyz,Kyzikos (Mysia) 341 Belkis - Κύζικος,40.3895,27.8878,polity
place,Harpagium,8.107,403274UHar,Harpagion (Mysia) 7 Bozlar? - Αρπάγια,40.3343,27.392,polity
place,Priapus,8.107,404273UPri,Priapus (Mysia) 37 Karabiga - Πρίαπος,40.4033,27.3037,polity
place,Byzantium,8.107,410290UByz,Byzantion (Thrace) 964 Istanbul - Βυζάντιον,41.0119,28.9836,polity
place,Abydos,8.107,402264PAby,Abydos (Troad) 215 Nara Burnu - Άβυδος,40.1951,26.4091,polity
place,Elaeus,8.107,401262UEla,Elaious (Thrace) 64 Tekke Burnu - Ελαιούς,40.0545,26.2233,polity
place,Euboea,8.107,385239IEub,Euboia (Euboea) 740 Evia - Εύβοια,38.53,23.87,island
ethnic,Peloponnesians,8.108,375222RPel,Peloponnese (Hellas) 1736 Peloponisos - Πελοπόννησος,37.54,22.15,region/people
ethnic,Athenians,8.108,380237PAth,Athens (Attica) 9448 Athina - Αθήναι,37.9718,23.72793,polity
ethnic,Halicarnassians,8.108,370274PHal,Halikarnassos (Caria) 147 Bodrum - Αλικαρνασσός,37.0323,27.4238,polity
ethnic,Antandrians,8.108,396268UAnt,Antandros (Aiolis) 59 Avcilar - Άντανδρος,39.5716,26.7862,polity
ethnic,Delians,8.108,374253PDel,Delos (Cyclades) 404 Dilos - Δήλος,37.398,25.267,polity
ethnic,Antandrians,8.108,396268UAnt,Antandros (Aiolis) 59 Avcilar - Άντανδρος,39.5716,26.7862,polity
demonym,Phoenician,8.108,335354RPho,Phoenicia (Lebanon) 1083 Lebanon - Φοινική,33.5,35.4,region/people
demonym,Persian,8.108,295540RPer,Persia (Asia) 4067 Fars - Περσία ,29.5,54.0,region/people
place,Caunus,8.108,368286UKau,Kaunos (Caria) 84 Dalyan - Καύνος,36.8259,28.6215,polity
place,Phaselis,8.108,365306PPha,Phaselis (Lycia) 91 Tekirova - Φασηλίς,36.524,30.552,polity
place,Samos,8.108,377269PSam,Samos (Aegean) 872 Pythagoreio - Σάμος,37.695,26.935,polity
place,Cos,8.108,369273PKos,Kos (Dodecanese) 282 Kos - Κώς,36.8914,27.2859,polity
place,Miletus,8.108,375273PMil,Miletus (Ionia) 729 Milet - Μίλητος,37.5292,27.2775,polity
place,Hellespont,8.108,402264WHel,Hellespont (Thrace) 730 Dardanelles - Ελλήσποντός,40.2,26.4,sea/strait
place,Aspendus,8.108,369312PAsp,Aspendos (Pamphylia) 71 Belkis - Άσπενδος,36.939,31.172,polity
place,Ionia,8.108,375275RIon,Ionia region (Asia Minor) 884 Izmir - Ιωνία,38.0,27.3,region/people
place,Ida,8.108,397268LIda,Ida Mt. (Troad) 335 Kaz daglari - Ίδα,39.6922,26.8423,mountain
place,Abydos,8.108,402264PAby,Abydos (Troad) 215 Nara Burnu - Άβυδος,40.1951,26.4091,polity
place,Adramytteion,8.108,395269Uadr,Adramyttium (Aiolis) 70 Edremit - Αδραμύτειον,39.504,26.9346,polity
ethnic,Peloponnesians,8.109,375222RPel,Peloponnese (Hellas) 1736 Peloponisos - Πελοπόννησος,37.54,22.15,region/people
demonym,Phoenician,8.109,335354RPho,Phoenicia (Lebanon) 1083 Lebanon - Φοινική,33.5,35.4,region/people
place,Miletus,8.109,375273PMil,Miletus (Ionia) 729 Milet - Μίλητος,37.5292,27.2775,polity
place,Cnidus,8.109,367274PKni,Knidos (Caria) Cnidus 255 Knidos - Κνίδος,36.6862,27.374,polity
place,Athens,8.109,380237PAth,Athens (Attica) 9448 Athina - Αθήναι,37.9718,23.72793,polity
place,Hellespont,8.109,402264WHel,Hellespont (Thrace) 730 Dardanelles - Ελλήσποντός,40.2,26.4,sea/strait
place,Antandros,8.109,396268UAnt,Antandros (Aiolis) 59 Avcilar - Άντανδρος,39.5716,26.7862,polity
place,Ephesus,8.109,379273PEph,Ephesus (Ionia) 742 Efes/Selcuk - Έφεσος,37.9419,27.3397,polity
place,sacrifice,8.109,379274SEph,Ephesian Artemis temple (Ionia) 104 Selcuk - Άρτεμις η εν Εφέσωι,37.949,27.364,sanctuary/temple
ethnic,Athenians,8.11,380237PAth,Athens (Attica) 9448 Athina - Αθήναι,37.9718,23.72793,polity
ethnic,Peloponnesians,8.11,375222RPel,Peloponnese (Hellas) 1736 Peloponisos - Πελοπόννησος,37.54,22.15,region/people
ethnic,Corinthians,8.11,379229PKor,Corinth/Korinthos (Korinthia) 1749 Archaia Korinthos - Κόρινθος,37.9054,22.8802,polity
ethnic,Lacedaemonians,8.11,371224PSpa,Sparta/Lacedaemon (Lakonia) 5559 Sparti - Σπάρτα,37.0821,22.4237,polity
demonym,Ionian,8.11,375275RIon,Ionia region (Asia Minor) 884 Izmir - Ιωνία,38.0,27.3,region/people
place,Isthmus,8.11,379230LIst,Isthmus (Korinthia) 240 Isthmia - Ισθμός,37.928,22.973,sanctuary/temple
place,Spiraeum,8.11,378231HSpi,Spiraion (Korinthia) 7 Korfos? - Σπείραιον,37.7646,23.1317,harbor
ethnic,Chians,8.12,384261PChi,Chios polis (Chios) 602 Khios - Χίος,38.3764,26.1342,polity
ethnic,Athenians,8.12,380237PAth,Athens (Attica) 9448 Athina - Αθήναι,37.9718,23.72793,polity
demonym,Lacedaemonian,8.12,371224PSpa,Sparta/Lacedaemon (Lakonia) 5559 Sparti - Σπάρτα,37.0821,22.4237,polity
place,Ionia,8.12,375275RIon,Ionia region (Asia Minor) 884 Izmir - Ιωνία,38.0,27.3,region/people
ethnic,Athenians,8.13,380237PAth,Athens (Attica) 9448 Athina - Αθήναι,37.9718,23.72793,polity
demonym,Peloponnesian,8.13,375222RPel,Peloponnese (Hellas) 1736 Peloponisos - Πελοπόννησος,37.54,22.15,region/people
place,Sicily,8.13,376145RSic,Sicily region (Italy) 3245 Sicilia - Σικελία,37.6,14.5,region/people
place,Leucadia,8.13,387207PLeu,Leukas (Ionian Islands) 213 Leukada - Λευκάς,38.81,20.717,polity
place,Corinth,8.13,379229PKor,Corinth/Korinthos (Korinthia) 1749 Archaia Korinthos - Κόρινθος,37.9054,22.8802,polity
ethnic,Chians,8.14,384261PChi,Chios polis (Chios) 602 Khios - Χίος,38.3764,26.1342,polity
ethnic,Athenians,8.14,380237PAth,Athens (Attica) 9448 Athina - Αθήναι,37.9718,23.72793,polity
ethnic,Erythraeans,8.14,384265PEry,Erythrai (Ionia) 123 Ildir - Ερυθραί,38.3828,26.4808,polity
ethnic,Clazomenians,8.14,384268PKla,Klazomenai (Ionia) 106 Urla - Κλαζομεναί,38.3614,26.7703,polity
place,Corycus,8.14,382266LKor,Corycos Mt. (Ionia) 18 Korykos - Κώρυκος,38.167,26.588,mountain
place,Spiraeum,8.14,378231HSpi,Spiraion (Korinthia) 7 Korfos? - Σπείραιον,37.7646,23.1317,harbor
place,Polichna,8.14,384266UPol,Polichna (Ionia) 10 Balıklıova? - Πολίχνα,38.4291,26.5772,polity
ethnic,Athenians,8.15,380237PAth,Athens (Attica) 9448 Athina - Αθήναι,37.9718,23.72793,polity
ethnic,Peloponnesians,8.15,375222RPel,Peloponnese (Hellas) 1736 Peloponisos - Πελοπόννησος,37.54,22.15,region/people
demonym,Chian,8.15,384261PChi,Chios polis (Chios) 602 Khios - Χίος,38.3764,26.1342,polity
place,Spiraeum,8.15,378231HSpi,Spiraion (Korinthia) 7 Korfos? - Σπείραιον,37.7646,23.1317,harbor
place,Spiraeum,8.15,378231HSpi,Spiraion (Korinthia) 7 Korfos? - Σπείραιον,37.7646,23.1317,harbor
ethnic,Clazomenians,8.16,384268PKla,Klazomenai (Ionia) 106 Urla - Κλαζομεναί,38.3614,26.7703,polity
ethnic,Erythraeans,8.16,384265PEry,Erythrai (Ionia) 123 Ildir - Ερυθραί,38.3828,26.4808,polity
ethnic,Teians,8.16,382268PTeo,Teos (Ionia) 106 Sigacik - Τέος,38.1717,26.7877,polity
ethnic,Athenians,8.16,380237PAth,Athens (Attica) 9448 Athina - Αθήναι,37.9718,23.72793,polity
demonym,Samian,8.16,377269PSam,Samos (Aegean) 872 Pythagoreio - Σάμος,37.695,26.935,polity
place,Chios,8.16,384261PChi,Chios polis (Chios) 602 Khios - Χίος,38.3764,26.1342,polity
ethnic,Milesians,8.17,375273PMil,Miletus (Ionia) 729 Milet - Μίλητος,37.5292,27.2775,polity
ethnic,Chians,8.17,384261PChi,Chios polis (Chios) 602 Khios - Χίος,38.3764,26.1342,polity
ethnic,Athenians,8.17,380237PAth,Athens (Attica) 9448 Athina - Αθήναι,37.9718,23.72793,polity
ethnic,Lacedaemonians,8.17,371224PSpa,Sparta/Lacedaemon (Lakonia) 5559 Sparti - Σπάρτα,37.0821,22.4237,polity
place,Samos,8.17,377269PSam,Samos (Aegean) 872 Pythagoreio - Σάμος,37.695,26.935,polity
place,Peloponnese,8.17,375222RPel,Peloponnese (Hellas) 1736 Peloponisos - Πελοπόννησος,37.54,22.15,region/people
place,Lade,8.17,375272ILad,Lade (Caria) 18  - Λάδη,37.528,27.222,island
ethnic,Lacedaemonians,8.18,371224PSpa,Sparta/Lacedaemon (Lakonia) 5559 Sparti - Σπάρτα,37.0821,22.4237,polity
ethnic,Athenians,8.18,380237PAth,Athens (Attica) 9448 Athina - Αθήναι,37.9718,23.72793,polity
ethnic,Chians,8.19,384261PChi,Chios polis (Chios) 602 Khios - Χίος,38.3764,26.1342,polity
ethnic,Athenians,8.19,380237PAth,Athens (Attica) 9448 Athina - Αθήναι,37.9718,23.72793,polity
ethnic,Teians,8.19,382268PTeo,Teos (Ionia) 106 Sigacik - Τέος,38.1717,26.7877,polity
place,Anaia,8.19,378273PAna,Anaia (Ionia) 11 Sogucak - Άναια,37.7917,27.271,polity
place,Miletus,8.19,375273PMil,Miletus (Ionia) 729 Milet - Μίλητος,37.5292,27.2775,polity
place,Ephesus,8.19,379273PEph,Ephesus (Ionia) 742 Efes/Selcuk - Έφεσος,37.9419,27.3397,polity
place,Samos,8.19,377269PSam,Samos (Aegean) 872 Pythagoreio - Σάμος,37.695,26.935,polity
place,Lebedos,8.19,381270PLeb,Lebedos (Ionia) 38 Kisik - Λέβεδος,38.0779,26.9647,polity
place,Airae,8.19,382267UAir,Airai (Ionia) 11 Asagi Demircili - Αιραί,38.2045,26.6859,polity
ethnic,Athenians,8.2,380237PAth,Athens (Attica) 9448 Athina - Αθήναι,37.9718,23.72793,polity
ethnic,Lacedaemonians,8.2,371224PSpa,Sparta/Lacedaemon (Lakonia) 5559 Sparti - Σπάρτα,37.0821,22.4237,polity
demonym,Sicilian,8.2,376145RSic,Sicily region (Italy) 3245 Sicilia - Σικελία,37.6,14.5,region/people
ethnic,Peloponnesians,8.20,375222RPel,Peloponnese (Hellas) 1736 Peloponisos - Πελοπόννησος,37.54,22.15,region/people
ethnic,Athenians,8.20,380237PAth,Athens (Attica) 9448 Athina - Αθήναι,37.9718,23.72793,polity
ethnic,Teians,8.20,382268PTeo,Teos (Ionia) 106 Sigacik - Τέος,38.1717,26.7877,polity
place,Spiraeum,8.20,378231HSpi,Spiraion (Korinthia) 7 Korfos? - Σπείραιον,37.7646,23.1317,harbor
place,Cenchreae,8.20,379230HKen,Kenchreai (Korinthia) 68 Kechriai - Κεγχρέαι,37.8824,22.9925,harbor
place,Chios,8.20,384261PChi,Chios polis (Chios) 602 Khios - Χίος,38.3764,26.1342,polity
place,Ionia,8.20,375275RIon,Ionia region (Asia Minor) 884 Izmir - Ιωνία,38.0,27.3,region/people
place,Lacedaemon,8.20,371224PSpa,Sparta/Lacedaemon (Lakonia) 5559 Sparti - Σπάρτα,37.0821,22.4237,polity
ethnic,Athenians,8.21,380237PAth,Athens (Attica) 9448 Athina - Αθήναι,37.9718,23.72793,polity
demonym,Samian,8.21,377269PSam,Samos (Aegean) 872 Pythagoreio - Σάμος,37.695,26.935,polity
ethnic,Chians,8.22,384261PChi,Chios polis (Chios) 602 Khios - Χίος,38.3764,26.1342,polity
ethnic,Peloponnesians,8.22,375222RPel,Peloponnese (Hellas) 1736 Peloponisos - Πελοπόννησος,37.54,22.15,region/people
place,Lesbos,8.22,392261ILes,Lesbos (Lesbos) 438 Lesbos - Λέσβος,39.2075,26.2,island
place,Lacedaemon,8.22,371224PSpa,Sparta/Lacedaemon (Lakonia) 5559 Sparti - Σπάρτα,37.0821,22.4237,polity
place,Hellespont,8.22,402264WHel,Hellespont (Thrace) 730 Dardanelles - Ελλήσποντός,40.2,26.4,sea/strait
place,Clazomenae,8.22,384268PKla,Klazomenai (Ionia) 106 Urla - Κλαζομεναί,38.3614,26.7703,polity
place,Cyma,8.22,388269UCym,Kyme (Aiolis) 129 Nemrut - Κύμε,38.7595,26.9363,polity
place,Methymna,8.22,394262PMet,Methymna (Lesbos) 116 Methymna - Μήθυμνα,39.3692,26.1769,polity
place,Mitylene,8.22,391265PMyt,Mytilene (Lesbos) 323 Mytilini - Μυτιλήνη,39.1114,26.5621,polity
ethnic,Athenians,8.23,380237PAth,Athens (Attica) 9448 Athina - Αθήναι,37.9718,23.72793,polity
ethnic,Eresians,8.23,391259PEre,Eresos (Lesbos) 56 Skala Eresou - Έρεσος,39.1341,25.9348,polity
ethnic,Chians,8.23,384261PChi,Chios polis (Chios) 602 Khios - Χίος,38.3764,26.1342,polity
ethnic,Methymnians,8.23,394262PMet,Methymna (Lesbos) 116 Methymna - Μήθυμνα,39.3692,26.1769,polity
ethnic,Clazomenians,8.23,384268PKla,Klazomenai (Ionia) 106 Urla - Κλαζομεναί,38.3614,26.7703,polity
demonym,Peloponnesian,8.23,375222RPel,Peloponnese (Hellas) 1736 Peloponisos - Πελοπόννησος,37.54,22.15,region/people
place,Cenchreae,8.23,379230HKen,Kenchreai (Korinthia) 68 Kechriai - Κεγχρέαι,37.8824,22.9925,harbor
place,Lesbos,8.23,392261ILes,Lesbos (Lesbos) 438 Lesbos - Λέσβος,39.2075,26.2,island
place,Pyrrha,8.23,391262PPyr,Pyrra (Lesbos) 33 Megali Limni - Πύρρα,39.155,26.286,polity
place,Eresus,8.23,391259PEre,Eresos (Lesbos) 56 Skala Eresou - Έρεσος,39.1341,25.9348,polity
place,Mitylene,8.23,391265PMyt,Mytilene (Lesbos) 323 Mytilini - Μυτιλήνη,39.1114,26.5621,polity
place,Eresus,8.23,391259PEre,Eresos (Lesbos) 56 Skala Eresou - Έρεσος,39.1341,25.9348,polity
place,Antissa,8.23,393260PAnt,Antissa (Lesbos) 31 Archaia Antissa - Άντισσα,39.2908,26.0189,polity
place,Hellespont,8.23,402264WHel,Hellespont (Thrace) 730 Dardanelles - Ελλήσποντός,40.2,26.4,sea/strait
place,Cenchreae,8.23,379230HKen,Kenchreai (Korinthia) 68 Kechriai - Κεγχρέαι,37.8824,22.9925,harbor
place,Polichna,8.23,384266UPol,Polichna (Ionia) 10 Balıklıova? - Πολίχνα,38.4291,26.5772,polity
person,Lacedaemonian,8.23,371224PSpa,Sparta/Lacedaemon (Lakonia) 5559 Sparti - Σπάρτα,37.0821,22.4237,polity
ethnic,Athenians,8.24,380237PAth,Athens (Attica) 9448 Athina - Αθήναι,37.9718,23.72793,polity
ethnic,Milesians,8.24,375273PMil,Miletus (Ionia) 729 Milet - Μίλητος,37.5292,27.2775,polity
ethnic,Chians,8.24,384261PChi,Chios polis (Chios) 602 Khios - Χίος,38.3764,26.1342,polity
ethnic,Lacedaemonians,8.24,371224PSpa,Sparta/Lacedaemon (Lakonia) 5559 Sparti - Σπάρτα,37.0821,22.4237,polity
demonym,Sicilian,8.24,376145RSic,Sicily region (Italy) 3245 Sicilia - Σικελία,37.6,14.5,region/people
place,Lade,8.24,375272ILad,Lade (Caria) 18  - Λάδη,37.528,27.222,island
place,Panormos,8.24,374272HPan,Panormos (Caria) 6 Mavisehir - Πάνορμος,37.404,27.236,harbor
place,Lesbos,8.24,392261ILes,Lesbos (Lesbos) 438 Lesbos - Λέσβος,39.2075,26.2,island
place,Oenussae,8.24,385262IOin,Oinousa (Chios) 5 Oinousa - Οινούσςαι,38.515,26.219,island
place,Pteleum,8.24,385264PPte,Pteleon (Ionia) 11 Karareis-Meli - Πτελεών,38.4801,26.4152,polity
place,Erythraeid,8.24,384265PEry,Erythrai (Ionia) 123 Ildir - Ερυθραί,38.3828,26.4808,polity
place,Cardamyle,8.24,385261PKar,Kardamyle (Chios) 1 Marmaron - Καρδαμύλη,38.5471,26.1056,polity
place,Boliskos,8.24,385259FBol,Boliskos or Volissos (Chios or Aiolis) 4  - Βολισσός,38.4857,25.9266,polity
place,Phanae,8.24,382259SPha,Phanai (Chios) 8 Kato Phana - Φαναί,38.207,25.9306,sanctuary/temple
ethnic,Chians,8.25,384261PChi,Chios polis (Chios) 602 Khios - Χίος,38.3764,26.1342,polity
ethnic,Argives,8.25,376227PArg,Argos (Argolid) 2457 Argos - Άργος,37.63091,22.72079,polity
ethnic,Athenians,8.25,380237PAth,Athens (Attica) 9448 Athina - Αθήναι,37.9718,23.72793,polity
ethnic,Milesians,8.25,375273PMil,Miletus (Ionia) 729 Milet - Μίλητος,37.5292,27.2775,polity
ethnic,Peloponnesians,8.25,375222RPel,Peloponnese (Hellas) 1736 Peloponisos - Πελοπόννησος,37.54,22.15,region/people
ethnic,Ionians,8.25,375275RIon,Ionia region (Asia Minor) 884 Izmir - Ιωνία,38.0,27.3,region/people
ethnic,Dorians,8.25,387224RDor,Doris tetrapolis (Central Greece) 303 Dorida - Δωρίς,38.7,22.4,region/people
place,Samos,8.25,377269PSam,Samos (Aegean) 872 Pythagoreio - Σάμος,37.695,26.935,polity
ethnic,Siceliots,8.26,376145RSic,Sicily region (Italy) 3245 Sicilia - Σικελία,37.6,14.5,region/people
ethnic,Athenians,8.26,380237PAth,Athens (Attica) 9448 Athina - Αθήναι,37.9718,23.72793,polity
ethnic,Milesians,8.26,375273PMil,Miletus (Ionia) 729 Milet - Μίλητος,37.5292,27.2775,polity
place,Peloponnese,8.26,375222RPel,Peloponnese (Hellas) 1736 Peloponisos - Πελοπόννησος,37.54,22.15,region/people
place,Syracuse,8.26,371153PSyr,Syracuse (Sicily) 1628 Siracusa - Συράκουσαι,37.0639,15.293,polity
place,Selinus,8.26,376128PSel,Selinus (Sicily) 106 Selinunte - Σελινούς,37.5828,12.8251,polity
place,Leros,8.26,372269PLer,Leros (Dodecanese) 34 Ag. Marina - Λέρος,37.158,26.8547,polity
place,Teichiousa,8.26,374275UTei,Teichioussa (Caria) 10 Kazıklı - Τειχιούσσα,37.4124,27.4109,polity
place,Ionia,8.26,375275RIon,Ionia region (Asia Minor) 884 Izmir - Ιωνία,38.0,27.3,region/people
person,Lacedaemonian,8.26,371224PSpa,Sparta/Lacedaemon (Lakonia) 5559 Sparti - Σπάρτα,37.0821,22.4237,polity
ethnic,Athenians,8.27,380237PAth,Athens (Attica) 9448 Athina - Αθήναι,37.9718,23.72793,polity
ethnic,Argives,8.27,376227PArg,Argos (Argolid) 2457 Argos - Άργος,37.63091,22.72079,polity
place,Leros,8.27,372269PLer,Leros (Dodecanese) 34 Ag. Marina - Λέρος,37.158,26.8547,polity
place,Samos,8.27,377269PSam,Samos (Aegean) 872 Pythagoreio - Σάμος,37.695,26.935,polity
place,Miletus,8.27,375273PMil,Miletus (Ionia) 729 Milet - Μίλητος,37.5292,27.2775,polity
ethnic,Peloponnesians,8.28,375222RPel,Peloponnese (Hellas) 1736 Peloponisos - Πελοπόννησος,37.54,22.15,region/people
ethnic,Athenians,8.28,380237PAth,Athens (Attica) 9448 Athina - Αθήναι,37.9718,23.72793,polity
ethnic,Syracusans,8.28,371153PSyr,Syracuse (Sicily) 1628 Siracusa - Συράκουσαι,37.0639,15.293,polity
ethnic,Lacedaemonians,8.28,371224PSpa,Sparta/Lacedaemon (Lakonia) 5559 Sparti - Σπάρτα,37.0821,22.4237,polity
demonym,Chian,8.28,384261PChi,Chios polis (Chios) 602 Khios - Χίος,38.3764,26.1342,polity
place,Teichiousa,8.28,374275UTei,Teichioussa (Caria) 10 Kazıklı - Τειχιούσσα,37.4124,27.4109,polity
place,Miletus,8.28,375273PMil,Miletus (Ionia) 729 Milet - Μίλητος,37.5292,27.2775,polity
place,Teichiousa,8.28,374275UTei,Teichioussa (Caria) 10 Kazıklı - Τειχιούσσα,37.4124,27.4109,polity
place,Iasus,8.28,373276UIas,Iasos (Caria) 66 Asınkalesi - Ίασος,37.2795,27.5846,polity
place,Iasus,8.28,373276UIas,Iasos (Caria) 66 Asınkalesi - Ίασος,37.2795,27.5846,polity
place,Iasus,8.28,373276UIas,Iasos (Caria) 66 Asınkalesi - Ίασος,37.2795,27.5846,polity
place,Erythrae,8.28,384265PEry,Erythrai (Ionia) 123 Ildir - Ερυθραί,38.3828,26.4808,polity
demonym,Attic,8.29,379239RAtt,Attica region (Hellas) 1518 Attiki - Αττική,37.9,23.9,region/people
demonym,Syracusan,8.29,371153PSyr,Syracuse (Sicily) 1628 Siracusa - Συράκουσαι,37.0639,15.293,polity
place,Iasus,8.29,373276UIas,Iasos (Caria) 66 Asınkalesi - Ίασος,37.2795,27.5846,polity
place,Miletus,8.29,375273PMil,Miletus (Ionia) 729 Milet - Μίλητος,37.5292,27.2775,polity
place,Lacedaemon,8.29,371224PSpa,Sparta/Lacedaemon (Lakonia) 5559 Sparti - Σπάρτα,37.0821,22.4237,polity
ethnic,Oetaeans,8.3,388223LOit,Oita Mt. (Phthiotis) 186 Oiti - Οίτη,38.801,22.25,mountain
ethnic,Thessalians,8.3,394223RThs,Thessaly region (Hellas) 1628 Thessalia - Θεσσαλία,39.4,22.3,region/people
ethnic,Achaeans,8.3,382219RAch,Achaea region (Achaia) 1800 Achaia - Αχαΐα,38.2,21.9,region/people
ethnic,Lacedaemonians,8.3,371224PSpa,Sparta/Lacedaemon (Lakonia) 5559 Sparti - Σπάρτα,37.0821,22.4237,polity
ethnic,Boeotians,8.3,384233RBoi,Boiotia region (Boeotia) 1673 Viotia - Βοιωτία,38.35,23.25,region/people
ethnic,Phocians,8.3,386227RPho,Phokis region (Central Greece) 781 Phokida - Φωκίς,38.6,22.7,region/people
ethnic,Locrians,8.3,386231ROpu,Lokris Opuntia region (Phthiotis) 288 Atalandi - Λοκροί  Οπούντιοι,38.65,23.04,region/people
ethnic,Corinthians,8.3,379229PKor,Corinth/Korinthos (Korinthia) 1749 Archaia Korinthos - Κόρινθος,37.9054,22.8802,polity
ethnic,Arcadians,8.3,375223RArk,Arkadia region (Arkadia) 1437 Arkadia - Αρκαδία,37.5,22.3,region/people
ethnic,Pellenians,8.3,380225PPel,Pellene (Korinthia) 135 Pellini - Πελλήνη,38.0446,22.5384,polity
ethnic,Sicyonians,8.3,380227PSik,Sikyon (Korinthia) 619 Vasiliko - Σικυών,37.9834,22.7145,polity
ethnic,Megarians,8.3,380233PMeg,Megara (Megarid) 713 Megara - Μέγαρα,37.997,23.34285,polity
ethnic,Troezenians,8.3,375234PTro,Troizen (Troizenia) 220 Damala - Τροιζήν,37.5033,23.3484,polity
ethnic,Epidaurians,8.3,376232PEpi,Epidauros (Argolid) 206 Archaia Epidauros - Επίδαυρος,37.6331,23.1617,polity
ethnic,Hermionians,8.3,374232UHer,Hermione (Argolid) 110 Ermioni - Ερμιόνη,37.3834,23.2535,polity
place,Decelea,8.3,382238DDek,Dekeleia (Attica) 104 Tatoi - Δεκέλεια,38.151,23.794,deme
place,Malian,8.3,389226WMal,Maliac Gulf (Phthiotis) 74 Maliac gulf - Μηλιακός κόλπος,38.8679,22.6338,sea/strait
place,Phthiotis,8.3,393223RPht,Achaea Phthiotis region (Phthiotis) 199 Phthiotida - Φθιώτας Αχαιούς,39.2,22.5,region/people
ethnic,Athenians,8.30,380237PAth,Athens (Attica) 9448 Athina - Αθήναι,37.9718,23.72793,polity
place,Samos,8.30,377269PSam,Samos (Aegean) 872 Pythagoreio - Σάμος,37.695,26.935,polity
place,Chios,8.30,384261PChi,Chios polis (Chios) 602 Khios - Χίος,38.3764,26.1342,polity
place,Miletus,8.30,375273PMil,Miletus (Ionia) 729 Milet - Μίλητος,37.5292,27.2775,polity
ethnic,Peloponnesians,8.31,375222RPel,Peloponnese (Hellas) 1736 Peloponisos - Πελοπόννησος,37.54,22.15,region/people
ethnic,Clazomenians,8.31,384268PKla,Klazomenai (Ionia) 106 Urla - Κλαζομεναί,38.3614,26.7703,polity
demonym,Chian,8.31,384261PChi,Chios polis (Chios) 602 Khios - Χίος,38.3764,26.1342,polity
demonym,Athenian,8.31,380237PAth,Athens (Attica) 9448 Athina - Αθήναι,37.9718,23.72793,polity
place,Pteleum,8.31,385264PPte,Pteleon (Ionia) 11 Karareis-Meli - Πτελεών,38.4801,26.4152,polity
place,Ionia,8.31,375275RIon,Ionia region (Asia Minor) 884 Izmir - Ιωνία,38.0,27.3,region/people
place,Phocaea,8.31,387268UPho,Phokaia (Ionia) 143 Foca - Φώκαια,38.6704,26.7532,polity
place,Cyma,8.31,388269UCym,Kyme (Aiolis) 129 Nemrut - Κύμε,38.7595,26.9363,polity
ethnic,Lesbians,8.32,392261ILes,Lesbos (Lesbos) 438 Lesbos - Λέσβος,39.2075,26.2,island
ethnic,Corinthians,8.32,379229PKor,Corinth/Korinthos (Korinthia) 1749 Archaia Korinthos - Κόρινθος,37.9054,22.8802,polity
ethnic,Chians,8.32,384261PChi,Chios polis (Chios) 602 Khios - Χίος,38.3764,26.1342,polity
ethnic,Athenians,8.32,380237PAth,Athens (Attica) 9448 Athina - Αθήναι,37.9718,23.72793,polity
place,Miletus,8.32,375273PMil,Miletus (Ionia) 729 Milet - Μίλητος,37.5292,27.2775,polity
place,Erythrae,8.32,384265PEry,Erythrai (Ionia) 123 Ildir - Ερυθραί,38.3828,26.4808,polity
ethnic,Chians,8.33,384261PChi,Chios polis (Chios) 602 Khios - Χίος,38.3764,26.1342,polity
ethnic,Athenians,8.33,380237PAth,Athens (Attica) 9448 Athina - Αθήναι,37.9718,23.72793,polity
demonym,Corinthian,8.33,379229PKor,Corinth/Korinthos (Korinthia) 1749 Archaia Korinthos - Κόρινθος,37.9054,22.8802,polity
demonym,Megarian,8.33,380233PMeg,Megara (Megarid) 713 Megara - Μέγαρα,37.997,23.34285,polity
demonym,Erythraean,8.33,384265PEry,Erythrai (Ionia) 123 Ildir - Ερυθραί,38.3828,26.4808,polity
place,Hermione,8.33,374232UHer,Hermione (Argolid) 110 Ermioni - Ερμιόνη,37.3834,23.2535,polity
place,Laconia,8.33,370225RLak,Lakonia region (Peloponnese) 790 Lakonia - Λακωνική,37.001,22.5,region/people
place,Miletus,8.33,375273PMil,Miletus (Ionia) 729 Milet - Μίλητος,37.5292,27.2775,polity
place,Corycus,8.33,382266LKor,Corycos Mt. (Ionia) 18 Korykos - Κώρυκος,38.167,26.588,mountain
place,Samos,8.33,377269PSam,Samos (Aegean) 872 Pythagoreio - Σάμος,37.695,26.935,polity
ethnic,Chians,8.34,384261PChi,Chios polis (Chios) 602 Khios - Χίος,38.3764,26.1342,polity
demonym,Athenian,8.34,380237PAth,Athens (Attica) 9448 Athina - Αθήναι,37.9718,23.72793,polity
place,Corycus,8.34,382266LKor,Corycos Mt. (Ionia) 18 Korykos - Κώρυκος,38.167,26.588,mountain
place,Arginus,8.34,390268IArg,Arginoussai (Aiolis) 32 Kalem adasi - Αργέννουσα,39.007,26.7855,island
place,Mimas,8.34,386265LMim,Mimas Mt. (Ionia) 30 Boz Dağ - Μίμας,38.5885,26.4695,mountain
place,Lesbos,8.34,392261ILes,Lesbos (Lesbos) 438 Lesbos - Λέσβος,39.2075,26.2,island
ethnic,Athenians,8.35,380237PAth,Athens (Attica) 9448 Athina - Αθήναι,37.9718,23.72793,polity
demonym,Thurian,8.35,397164PTho,Thourioi (Magna Graecia) 170 Sibari - Θούριοι,39.716,16.49,polity
demonym,Laconian,8.35,370225RLak,Lakonia region (Peloponnese) 790 Lakonia - Λακωνική,37.001,22.5,region/people
demonym,Syracusan,8.35,371153PSyr,Syracuse (Sicily) 1628 Siracusa - Συράκουσαι,37.0639,15.293,polity
demonym,Cnidian,8.35,367274PKni,Knidos (Caria) Cnidus 255 Knidos - Κνίδος,36.6862,27.374,polity
place,Peloponnese,8.35,375222RPel,Peloponnese (Hellas) 1736 Peloponisos - Πελοπόννησος,37.54,22.15,region/people
place,Miletus,8.35,375273PMil,Miletus (Ionia) 729 Milet - Μίλητος,37.5292,27.2775,polity
place,Triopium,8.35,367275UTri,Triopion (Caria) 23 Kumyer - Τριόπιον,36.6848,27.493,polity
place,Egypt,8.35,271307REgy,Aigyptos (Egypt) 4104 Egypt - Αίγυπτος,27.1,30.7,region/people
place,Triopium,8.35,367275UTri,Triopion (Caria) 23 Kumyer - Τριόπιον,36.6848,27.493,polity
place,Samos,8.35,377269PSam,Samos (Aegean) 872 Pythagoreio - Σάμος,37.695,26.935,polity
place,Triopium,8.35,367275UTri,Triopion (Caria) 23 Kumyer - Τριόπιον,36.6848,27.493,polity
place,Triopium,8.35,367275UTri,Triopion (Caria) 23 Kumyer - Τριόπιον,36.6848,27.493,polity
person,Lacedaemonian,8.35,371224PSpa,Sparta/Lacedaemon (Lakonia) 5559 Sparti - Σπάρτα,37.0821,22.4237,polity
ethnic,Milesians,8.36,375273PMil,Miletus (Ionia) 729 Milet - Μίλητος,37.5292,27.2775,polity
ethnic,Peloponnesians,8.36,375222RPel,Peloponnese (Hellas) 1736 Peloponisos - Πελοπόννησος,37.54,22.15,region/people
place,Iasus,8.36,373276UIas,Iasos (Caria) 66 Asınkalesi - Ίασος,37.2795,27.5846,polity
ethnic,Lacedaemonians,8.37,371224PSpa,Sparta/Lacedaemon (Lakonia) 5559 Sparti - Σπάρτα,37.0821,22.4237,polity
ethnic,Athenians,8.37,380237PAth,Athens (Attica) 9448 Athina - Αθήναι,37.9718,23.72793,polity
ethnic,Chians,8.38,384261PChi,Chios polis (Chios) 602 Khios - Χίος,38.3764,26.1342,polity
demonym,Athenian,8.38,380237PAth,Athens (Attica) 9448 Athina - Αθήναι,37.9718,23.72793,polity
place,Lesbos,8.38,392261ILes,Lesbos (Lesbos) 438 Lesbos - Λέσβος,39.2075,26.2,island
place,Delphinium,8.38,385261UDel,Delphinion (Chios) 6 Delphini - Δελφίνιον,38.4885,26.132,sanctuary/temple
place,Miletus,8.38,375273PMil,Miletus (Ionia) 729 Milet - Μίλητος,37.5292,27.2775,polity
place,Lacedaemon,8.38,371224PSpa,Sparta/Lacedaemon (Lakonia) 5559 Sparti - Σπάρτα,37.0821,22.4237,polity
place,Samos,8.38,377269PSam,Samos (Aegean) 872 Pythagoreio - Σάμος,37.695,26.935,polity
ethnic,Lacedaemonians,8.39,371224PSpa,Sparta/Lacedaemon (Lakonia) 5559 Sparti - Σπάρτα,37.0821,22.4237,polity
ethnic,Athenians,8.39,380237PAth,Athens (Attica) 9448 Athina - Αθήναι,37.9718,23.72793,polity
place,Peloponnese,8.39,375222RPel,Peloponnese (Hellas) 1736 Peloponisos - Πελοπόννησος,37.54,22.15,region/people
place,Ionia,8.39,375275RIon,Ionia region (Asia Minor) 884 Izmir - Ιωνία,38.0,27.3,region/people
place,Miletus,8.39,375273PMil,Miletus (Ionia) 729 Milet - Μίλητος,37.5292,27.2775,polity
place,Hellespont,8.39,402264WHel,Hellespont (Thrace) 730 Dardanelles - Ελλήσποντός,40.2,26.4,sea/strait
place,Malea,8.39,364232LMal,Malea cape (Lakonia) 128 Akr. Maleas - Μαλέα,36.436,23.198,cape
place,Melos,8.39,367244PMel,Melos (Cyclades) 128 Klima - Μήλος,36.7389,24.4199,polity
place,Samos,8.39,377269PSam,Samos (Aegean) 872 Pythagoreio - Σάμος,37.695,26.935,polity
place,Crete,8.39,352252IKre,Crete (Greece) 1562 Kriti - Κρήτη,35.2052,25.1836,region/people
place,Caunus,8.39,368286UKau,Kaunos (Caria) 84 Dalyan - Καύνος,36.8259,28.6215,polity
person,Megarian,8.39,380233PMeg,Megara (Megarid) 713 Megara - Μέγαρα,37.997,23.34285,polity
person,Cyzicene,8.39,404279UCyz,Kyzikos (Mysia) 341 Belkis - Κύζικος,40.3895,27.8878,polity
ethnic,Athenians,8.4,380237PAth,Athens (Attica) 9448 Athina - Αθήναι,37.9718,23.72793,polity
place,Sunium,8.4,377240FSou,Fortress (Sounion ) 2 Sounio,37.65174,24.02501,fortification
place,Laconia,8.4,370225RLak,Lakonia region (Peloponnese) 790 Lakonia - Λακωνική,37.001,22.5,region/people
place,Sicily,8.4,376145RSic,Sicily region (Italy) 3245 Sicilia - Σικελία,37.6,14.5,region/people
ethnic,Chians,8.40,384261PChi,Chios polis (Chios) 602 Khios - Χίος,38.3764,26.1342,polity
demonym,Athenian,8.40,380237PAth,Athens (Attica) 9448 Athina - Αθήναι,37.9718,23.72793,polity
place,Ionia,8.40,375275RIon,Ionia region (Asia Minor) 884 Izmir - Ιωνία,38.0,27.3,region/people
place,Lacedaemon,8.40,371224PSpa,Sparta/Lacedaemon (Lakonia) 5559 Sparti - Σπάρτα,37.0821,22.4237,polity
place,Delphinium,8.40,385261UDel,Delphinion (Chios) 6 Delphini - Δελφίνιον,38.4885,26.132,sanctuary/temple
ethnic,Lacedaemonians,8.41,371224PSpa,Sparta/Lacedaemon (Lakonia) 5559 Sparti - Σπάρτα,37.0821,22.4237,polity
ethnic,Cnidians,8.41,367274PKni,Knidos (Caria) Cnidus 255 Knidos - Κνίδος,36.6862,27.374,polity
ethnic,Athenians,8.41,380237PAth,Athens (Attica) 9448 Athina - Αθήναι,37.9718,23.72793,polity
place,Caunus,8.41,368286UKau,Kaunos (Caria) 84 Dalyan - Καύνος,36.8259,28.6215,polity
place,Chios,8.41,384261PChi,Chios polis (Chios) 602 Khios - Χίος,38.3764,26.1342,polity
place,Caunus,8.41,368286UKau,Kaunos (Caria) 84 Dalyan - Καύνος,36.8259,28.6215,polity
place,Cos,8.41,369273PKos,Kos (Dodecanese) 282 Kos - Κώς,36.8914,27.2859,polity
place,Samos,8.41,377269PSam,Samos (Aegean) 872 Pythagoreio - Σάμος,37.695,26.935,polity
place,Peloponnese,8.41,375222RPel,Peloponnese (Hellas) 1736 Peloponisos - Πελοπόννησος,37.54,22.15,region/people
place,Melos,8.41,367244PMel,Melos (Cyclades) 128 Klima - Μήλος,36.7389,24.4199,polity
place,Syme,8.41,366278PSym,Syme (Dodecanese) 24 Symi - Σύμη,36.6128,27.8374,polity
place,Chalce,8.41,362276ICha,Chalke (Khalki) 26 Khalki - Χάλκη,36.2243,27.585,polity
place,Rhodes,8.41,364282IRho,Rhodes (Dodecanese) 1346 Rodos - Ρόδος,36.4408,28.2244,polity
place,Lycia,8.41,365295RLyc,Lycia region (Asia Minor) 599 SW Asia Minor - Λυκία,36.5,29.5,region/people
place,Caunus,8.41,368286UKau,Kaunos (Caria) 84 Dalyan - Καύνος,36.8259,28.6215,polity
ethnic,Athenians,8.42,380237PAth,Athens (Attica) 9448 Athina - Αθήναι,37.9718,23.72793,polity
ethnic,Peloponnesians,8.42,375222RPel,Peloponnese (Hellas) 1736 Peloponisos - Πελοπόννησος,37.54,22.15,region/people
place,Syme,8.42,366278PSym,Syme (Dodecanese) 24 Symi - Σύμη,36.6128,27.8374,polity
place,Caunus,8.42,368286UKau,Kaunos (Caria) 84 Dalyan - Καύνος,36.8259,28.6215,polity
place,Teutlussa,8.42,365279ITeu,Teutloussa (Dodecanese) 3 Seskli - Τεύτλουσα,36.5238,27.868,island
place,Halicarnassus,8.42,370274PHal,Halikarnassos (Caria) 147 Bodrum - Αλικαρνασσός,37.0323,27.4238,polity
place,Cnidus,8.42,367274PKni,Knidos (Caria) Cnidus 255 Knidos - Κνίδος,36.6862,27.374,polity
place,Caunus,8.42,368286UKau,Kaunos (Caria) 84 Dalyan - Καύνος,36.8259,28.6215,polity
place,Syme,8.42,366278PSym,Syme (Dodecanese) 24 Symi - Σύμη,36.6128,27.8374,polity
ethnic,Athenians,8.43,380237PAth,Athens (Attica) 9448 Athina - Αθήναι,37.9718,23.72793,polity
ethnic,Lacedaemonians,8.43,371224PSpa,Sparta/Lacedaemon (Lakonia) 5559 Sparti - Σπάρτα,37.0821,22.4237,polity
demonym,Peloponnesian,8.43,375222RPel,Peloponnese (Hellas) 1736 Peloponisos - Πελοπόννησος,37.54,22.15,region/people
place,Samos,8.43,377269PSam,Samos (Aegean) 872 Pythagoreio - Σάμος,37.695,26.935,polity
place,Syme,8.43,366278PSym,Syme (Dodecanese) 24 Symi - Σύμη,36.6128,27.8374,polity
place,Cnidus,8.43,367274PKni,Knidos (Caria) Cnidus 255 Knidos - Κνίδος,36.6862,27.374,polity
place,Syme,8.43,366278PSym,Syme (Dodecanese) 24 Symi - Σύμη,36.6128,27.8374,polity
place,Lorymi,8.43,366280ULor,Loryma (Caria) 16 Bozuk - Λώρυμα,36.566,28.015,polity
place,Thessaly,8.43,394223RThs,Thessaly region (Hellas) 1628 Thessalia - Θεσσαλία,39.4,22.3,region/people
place,Locris,8.43,386231ROpu,Lokris Opuntia region (Phthiotis) 288 Atalandi - Λοκροί  Οπούντιοι,38.65,23.04,region/people
place,Boeotia,8.43,384233RBoi,Boiotia region (Boeotia) 1673 Viotia - Βοιωτία,38.35,23.25,region/people
ethnic,Peloponnesians,8.44,375222RPel,Peloponnese (Hellas) 1736 Peloponisos - Πελοπόννησος,37.54,22.15,region/people
ethnic,Lacedaemonians,8.44,371224PSpa,Sparta/Lacedaemon (Lakonia) 5559 Sparti - Σπάρτα,37.0821,22.4237,polity
ethnic,Rhodians,8.44,364282IRho,Rhodes (Dodecanese) 1346 Rodos - Ρόδος,36.4408,28.2244,polity
ethnic,Athenians,8.44,380237PAth,Athens (Attica) 9448 Athina - Αθήναι,37.9718,23.72793,polity
place,Cnidus,8.44,367274PKni,Knidos (Caria) Cnidus 255 Knidos - Κνίδος,36.6862,27.374,polity
place,Camirus,8.44,363279PKam,Kamiros (Rhodes) 36 Kamiros - Κάμιρος,36.3362,27.9212,polity
place,Lindus,8.44,361281PLin,Lindos (Rhodes) 113 Lindos - Λίνδος,36.0913,28.0882,polity
place,Ialysus,8.44,364282PIal,Ialysos (Rhodes) 31 Ialysos - Ιαλυσός,36.399,28.143,polity
place,Samos,8.44,377269PSam,Samos (Aegean) 872 Pythagoreio - Σάμος,37.695,26.935,polity
place,Chalce,8.44,362276ICha,Chalke (Khalki) 26 Khalki - Χάλκη,36.2243,27.585,polity
place,Chalce,8.44,362276ICha,Chalke (Khalki) 26 Khalki - Χάλκη,36.2243,27.585,polity
place,Cos,8.44,369273PKos,Kos (Dodecanese) 282 Kos - Κώς,36.8914,27.2859,polity
ethnic,Peloponnesians,8.45,375222RPel,Peloponnese (Hellas) 1736 Peloponisos - Πελοπόννησος,37.54,22.15,region/people
ethnic,Athenians,8.45,380237PAth,Athens (Attica) 9448 Athina - Αθήναι,37.9718,23.72793,polity
ethnic,Syracusans,8.45,371153PSyr,Syracuse (Sicily) 1628 Siracusa - Συράκουσαι,37.0639,15.293,polity
ethnic,Chians,8.45,384261PChi,Chios polis (Chios) 602 Khios - Χίος,38.3764,26.1342,polity
demonym,Attic,8.45,379239RAtt,Attica region (Hellas) 1518 Attiki - Αττική,37.9,23.9,region/people
place,Rhodes,8.45,364282IRho,Rhodes (Dodecanese) 1346 Rodos - Ρόδος,36.4408,28.2244,polity
place,Miletus,8.45,375273PMil,Miletus (Ionia) 729 Milet - Μίλητος,37.5292,27.2775,polity
place,Lacedaemon,8.45,371224PSpa,Sparta/Lacedaemon (Lakonia) 5559 Sparti - Σπάρτα,37.0821,22.4237,polity
ethnic,Athenians,8.46,380237PAth,Athens (Attica) 9448 Athina - Αθήναι,37.9718,23.72793,polity
ethnic,Peloponnesians,8.46,375222RPel,Peloponnese (Hellas) 1736 Peloponisos - Πελοπόννησος,37.54,22.15,region/people
ethnic,Lacedaemonians,8.46,371224PSpa,Sparta/Lacedaemon (Lakonia) 5559 Sparti - Σπάρτα,37.0821,22.4237,polity
demonym,Phoenician,8.46,335354RPho,Phoenicia (Lebanon) 1083 Lebanon - Φοινική,33.5,35.4,region/people
ethnic,Athenians,8.47,380237PAth,Athens (Attica) 9448 Athina - Αθήναι,37.9718,23.72793,polity
place,Samos,8.47,377269PSam,Samos (Aegean) 872 Pythagoreio - Σάμος,37.695,26.935,polity
ethnic,Peloponnesians,8.48,375222RPel,Peloponnese (Hellas) 1736 Peloponisos - Πελοπόννησος,37.54,22.15,region/people
ethnic,Athenians,8.48,380237PAth,Athens (Attica) 9448 Athina - Αθήναι,37.9718,23.72793,polity
place,Samos,8.48,377269PSam,Samos (Aegean) 872 Pythagoreio - Σάμος,37.695,26.935,polity
ethnic,Athenians,8.49,380237PAth,Athens (Attica) 9448 Athina - Αθήναι,37.9718,23.72793,polity
ethnic,Euboeans,8.5,385239IEub,Euboia (Euboea) 740 Evia - Εύβοια,38.53,23.87,island
ethnic,Lesbians,8.5,392261ILes,Lesbos (Lesbos) 438 Lesbos - Λέσβος,39.2075,26.2,island
ethnic,Boeotians,8.5,384233RBoi,Boiotia region (Boeotia) 1673 Viotia - Βοιωτία,38.35,23.25,region/people
ethnic,Lacedaemonians,8.5,371224PSpa,Sparta/Lacedaemon (Lakonia) 5559 Sparti - Σπάρτα,37.0821,22.4237,polity
ethnic,Chians,8.5,384261PChi,Chios polis (Chios) 602 Khios - Χίος,38.3764,26.1342,polity
ethnic,Erythraeans,8.5,384265PEry,Erythrai (Ionia) 123 Ildir - Ερυθραί,38.3828,26.4808,polity
ethnic,Peloponnesians,8.5,375222RPel,Peloponnese (Hellas) 1736 Peloponisos - Πελοπόννησος,37.54,22.15,region/people
ethnic,Athenians,8.5,380237PAth,Athens (Attica) 9448 Athina - Αθήναι,37.9718,23.72793,polity
place,Decelea,8.5,382238DDek,Dekeleia (Attica) 104 Tatoi - Δεκέλεια,38.151,23.794,deme
place,Caria,8.5,370287RKar,Caria region (Asia Minor) 709 W Asia Minor - Καρία,37.01,28.7,region/people
ethnic,Athenians,8.50,380237PAth,Athens (Attica) 9448 Athina - Αθήναι,37.9718,23.72793,polity
demonym,Lacedaemonian,8.50,371224PSpa,Sparta/Lacedaemon (Lakonia) 5559 Sparti - Σπάρτα,37.0821,22.4237,polity
place,Miletus,8.50,375273PMil,Miletus (Ionia) 729 Milet - Μίλητος,37.5292,27.2775,polity
place,Magnesia,8.50,379275UMag,Magnesia ad Maeandrum (Ionia) 65 Tekin - Μαγνησία,37.853,27.526,polity
place,Samos,8.50,377269PSam,Samos (Aegean) 872 Pythagoreio - Σάμος,37.695,26.935,polity
place,Samos,8.51,377269PSam,Samos (Aegean) 872 Pythagoreio - Σάμος,37.695,26.935,polity
ethnic,Athenians,8.52,380237PAth,Athens (Attica) 9448 Athina - Αθήναι,37.9718,23.72793,polity
ethnic,Peloponnesians,8.52,375222RPel,Peloponnese (Hellas) 1736 Peloponisos - Πελοπόννησος,37.54,22.15,region/people
ethnic,Lacedaemonians,8.52,371224PSpa,Sparta/Lacedaemon (Lakonia) 5559 Sparti - Σπάρτα,37.0821,22.4237,polity
place,Cnidus,8.52,367274PKni,Knidos (Caria) Cnidus 255 Knidos - Κνίδος,36.6862,27.374,polity
place,Rhodes,8.52,364282IRho,Rhodes (Dodecanese) 1346 Rodos - Ρόδος,36.4408,28.2244,polity
ethnic,Peloponnesians,8.53,375222RPel,Peloponnese (Hellas) 1736 Peloponisos - Πελοπόννησος,37.54,22.15,region/people
ethnic,Athenians,8.53,380237PAth,Athens (Attica) 9448 Athina - Αθήναι,37.9718,23.72793,polity
place,Samos,8.53,377269PSam,Samos (Aegean) 872 Pythagoreio - Σάμος,37.695,26.935,polity
place,Iasus,8.54,373276UIas,Iasos (Caria) 66 Asınkalesi - Ίασος,37.2795,27.5846,polity
ethnic,Peloponnesians,8.55,375222RPel,Peloponnese (Hellas) 1736 Peloponisos - Πελοπόννησος,37.54,22.15,region/people
ethnic,Rhodians,8.55,364282IRho,Rhodes (Dodecanese) 1346 Rodos - Ρόδος,36.4408,28.2244,polity
ethnic,Athenians,8.55,380237PAth,Athens (Attica) 9448 Athina - Αθήναι,37.9718,23.72793,polity
ethnic,Chians,8.55,384261PChi,Chios polis (Chios) 602 Khios - Χίος,38.3764,26.1342,polity
place,Chalce,8.55,362276ICha,Chalke (Khalki) 26 Khalki - Χάλκη,36.2243,27.585,polity
place,Cos,8.55,369273PKos,Kos (Dodecanese) 282 Kos - Κώς,36.8914,27.2859,polity
person,Laconian,8.55,370225RLak,Lakonia region (Peloponnese) 790 Lakonia - Λακωνική,37.001,22.5,region/people
ethnic,Chians,8.56,384261PChi,Chios polis (Chios) 602 Khios - Χίος,38.3764,26.1342,polity
ethnic,Peloponnesians,8.56,375222RPel,Peloponnese (Hellas) 1736 Peloponisos - Πελοπόννησος,37.54,22.15,region/people
ethnic,Athenians,8.56,380237PAth,Athens (Attica) 9448 Athina - Αθήναι,37.9718,23.72793,polity
place,Ionia,8.56,375275RIon,Ionia region (Asia Minor) 884 Izmir - Ιωνία,38.0,27.3,region/people
place,Samos,8.56,377269PSam,Samos (Aegean) 872 Pythagoreio - Σάμος,37.695,26.935,polity
ethnic,Athenians,8.57,380237PAth,Athens (Attica) 9448 Athina - Αθήναι,37.9718,23.72793,polity
ethnic,Peloponnesians,8.57,375222RPel,Peloponnese (Hellas) 1736 Peloponisos - Πελοπόννησος,37.54,22.15,region/people
place,Caunus,8.57,368286UKau,Kaunos (Caria) 84 Dalyan - Καύνος,36.8259,28.6215,polity
place,Miletus,8.57,375273PMil,Miletus (Ionia) 729 Milet - Μίλητος,37.5292,27.2775,polity
ethnic,Lacedaemonians,8.58,371224PSpa,Sparta/Lacedaemon (Lakonia) 5559 Sparti - Σπάρτα,37.0821,22.4237,polity
ethnic,Athenians,8.58,380237PAth,Athens (Attica) 9448 Athina - Αθήναι,37.9718,23.72793,polity
place,Maeander,8.58,376275WMae,Maeander R. (Ionia) 144 Buyuk Menderes - Μαίανδρος,37.622,27.4713,river
demonym,Phoenician,8.59,335354RPho,Phoenicia (Lebanon) 1083 Lebanon - Φοινική,33.5,35.4,region/people
ethnic,Chians,8.6,384261PChi,Chios polis (Chios) 602 Khios - Χίος,38.3764,26.1342,polity
ethnic,Athenians,8.6,380237PAth,Athens (Attica) 9448 Athina - Αθήναι,37.9718,23.72793,polity
ethnic,Lacedaemonians,8.6,371224PSpa,Sparta/Lacedaemon (Lakonia) 5559 Sparti - Σπάρτα,37.0821,22.4237,polity
ethnic,Erythraeans,8.6,384265PEry,Erythrai (Ionia) 123 Ildir - Ερυθραί,38.3828,26.4808,polity
place,Hellespont,8.6,402264WHel,Hellespont (Thrace) 730 Dardanelles - Ελλήσποντός,40.2,26.4,sea/strait
place,Ionia,8.6,375275RIon,Ionia region (Asia Minor) 884 Izmir - Ιωνία,38.0,27.3,region/people
place,Laconia,8.6,370225RLak,Lakonia region (Peloponnese) 790 Lakonia - Λακωνική,37.001,22.5,region/people
person,Megarian,8.6,380233PMeg,Megara (Megarid) 713 Megara - Μέγαρα,37.997,23.34285,polity
person,Cyzicene,8.6,404279UCyz,Kyzikos (Mysia) 341 Belkis - Κύζικος,40.3895,27.8878,polity
ethnic,Boeotians,8.60,384233RBoi,Boiotia region (Boeotia) 1673 Viotia - Βοιωτία,38.35,23.25,region/people
ethnic,Eretrians,8.60,384238PEre,Eretria (Euboea) 227 Eretria - Ερέτρια,38.3982,23.7905,polity
ethnic,Oropians,8.60,383238POro,Oropos (Attica) 113 Skala Oropou - Ωρωπός,38.3195,23.79,polity
ethnic,Peloponnesians,8.60,375222RPel,Peloponnese (Hellas) 1736 Peloponisos - Πελοπόννησος,37.54,22.15,region/people
ethnic,Chians,8.60,384261PChi,Chios polis (Chios) 602 Khios - Χίος,38.3764,26.1342,polity
demonym,Athenian,8.60,380237PAth,Athens (Attica) 9448 Athina - Αθήναι,37.9718,23.72793,polity
place,Euboea,8.60,385239IEub,Euboia (Euboea) 740 Evia - Εύβοια,38.53,23.87,island
place,Rhodes,8.60,364282IRho,Rhodes (Dodecanese) 1346 Rodos - Ρόδος,36.4408,28.2244,polity
place,Triopium,8.60,367275UTri,Triopion (Caria) 23 Kumyer - Τριόπιον,36.6848,27.493,polity
place,Chalce,8.60,362276ICha,Chalke (Khalki) 26 Khalki - Χάλκη,36.2243,27.585,polity
place,Samos,8.60,377269PSam,Samos (Aegean) 872 Pythagoreio - Σάμος,37.695,26.935,polity
place,Miletus,8.60,375273PMil,Miletus (Ionia) 729 Milet - Μίλητος,37.5292,27.2775,polity
ethnic,Chians,8.61,384261PChi,Chios polis (Chios) 602 Khios - Χίος,38.3764,26.1342,polity
ethnic,Athenians,8.61,380237PAth,Athens (Attica) 9448 Athina - Αθήναι,37.9718,23.72793,polity
demonym,Milesian,8.61,375273PMil,Miletus (Ionia) 729 Milet - Μίλητος,37.5292,27.2775,polity
demonym,Thurian,8.61,397164PTho,Thourioi (Magna Graecia) 170 Sibari - Θούριοι,39.716,16.49,polity
demonym,Syracusan,8.61,371153PSyr,Syracuse (Sicily) 1628 Siracusa - Συράκουσαι,37.0639,15.293,polity
place,Hellespont,8.61,402264WHel,Hellespont (Thrace) 730 Dardanelles - Ελλήσποντός,40.2,26.4,sea/strait
place,Abydos,8.61,402264PAby,Abydos (Troad) 215 Nara Burnu - Άβυδος,40.1951,26.4091,polity
place,Rhodes,8.61,364282IRho,Rhodes (Dodecanese) 1346 Rodos - Ρόδος,36.4408,28.2244,polity
place,Anaia,8.61,378273PAna,Anaia (Ionia) 11 Sogucak - Άναια,37.7917,27.271,polity
person,Spartan,8.61,371224PSpa,Sparta/Lacedaemon (Lakonia) 5559 Sparti - Σπάρτα,37.0821,22.4237,polity
ethnic,Lampsacenes,8.62,403267UPit,Lampsacus/Pityoussa (Mysia) 198 Lapseki/Çanakkale - Λάμψακος,40.3467,26.6992,polity
ethnic,Medes,8.62,355480RMed,Media (Asia) 945 Hamedan - Μηδία,35.5,48.0,region/people
demonym,Athenian,8.62,380237PAth,Athens (Attica) 9448 Athina - Αθήναι,37.9718,23.72793,polity
place,Miletus,8.62,375273PMil,Miletus (Ionia) 729 Milet - Μίλητος,37.5292,27.2775,polity
place,Abydos,8.62,402264PAby,Abydos (Troad) 215 Nara Burnu - Άβυδος,40.1951,26.4091,polity
place,Hellespont,8.62,402264WHel,Hellespont (Thrace) 730 Dardanelles - Ελλήσποντός,40.2,26.4,sea/strait
place,Chios,8.62,384261PChi,Chios polis (Chios) 602 Khios - Χίος,38.3764,26.1342,polity
place,Sestos,8.62,402264USes,Sestos (Thrace) 135 Sestos - Σηστός,40.2284,26.4172,polity
place,Chersonese,8.62,403265LChe,Chersonesus (Thrace) 293 Gallipoli Peninsula - Χερσόνησος,40.3333,26.5,region/people
ethnic,Chians,8.63,384261PChi,Chios polis (Chios) 602 Khios - Χίος,38.3764,26.1342,polity
ethnic,Peloponnesians,8.63,375222RPel,Peloponnese (Hellas) 1736 Peloponisos - Πελοπόννησος,37.54,22.15,region/people
ethnic,Athenians,8.63,380237PAth,Athens (Attica) 9448 Athina - Αθήναι,37.9718,23.72793,polity
place,Miletus,8.63,375273PMil,Miletus (Ionia) 729 Milet - Μίλητος,37.5292,27.2775,polity
place,Samos,8.63,377269PSam,Samos (Aegean) 872 Pythagoreio - Σάμος,37.695,26.935,polity
ethnic,Thasians,8.64,408247PTha,Thasos (Macedonia) 260 Thasos - Θάσος,40.7799,24.7138,polity
ethnic,Athenians,8.64,380237PAth,Athens (Attica) 9448 Athina - Αθήναι,37.9718,23.72793,polity
ethnic,Peloponnesians,8.64,375222RPel,Peloponnese (Hellas) 1736 Peloponisos - Πελοπόννησος,37.54,22.15,region/people
place,Chios,8.64,384261PChi,Chios polis (Chios) 602 Khios - Χίος,38.3764,26.1342,polity
place,Lacedaemon,8.64,371224PSpa,Sparta/Lacedaemon (Lakonia) 5559 Sparti - Σπάρτα,37.0821,22.4237,polity
place,Athens,8.65,380237PAth,Athens (Attica) 9448 Athina - Αθήναι,37.9718,23.72793,polity
demonym,Athenian,8.67,380237PAth,Athens (Attica) 9448 Athina - Αθήναι,37.9718,23.72793,polity
place,Colonus,8.67,380237DKol,Kolonos (Athens) 30 Kolonos - Κολωνός,37.9991,23.7219,deme
place,sanctuary,8.67,381236XKol,Kolonos Hippios exc. (Athens) 4 Ag. Eleousa - κολωνός ίππιος,37.995,23.715,site/excavation
demonym,Athenian,8.68,380237PAth,Athens (Attica) 9448 Athina - Αθήναι,37.9718,23.72793,polity
place,Samos,8.68,377269PSam,Samos (Aegean) 872 Pythagoreio - Σάμος,37.695,26.935,polity
ethnic,Athenians,8.69,380237PAth,Athens (Attica) 9448 Athina - Αθήναι,37.9718,23.72793,polity
ethnic,Andrians,8.69,378248PAnd,Andros (Cyclades) 131 Palaiopolis - Άνδρος,37.8186,24.8279,polity
ethnic,Tenians,8.69,375252PTen,Tenos (Tinos) 70 Tinos - Τήνος,37.538,25.1617,polity
ethnic,Carystians,8.69,380244PKar,Karystos (Euboea) 146 Karystos - Κάρυστος,38.027,24.427,polity
place,Decelea,8.69,382238DDek,Dekeleia (Attica) 104 Tatoi - Δεκέλεια,38.151,23.794,deme
place,Aegina,8.69,378234PAig,Aigina polis (Aegina) 464 Aigina - Αίγινα,37.75,23.425,polity
ethnic,Chians,8.7,384261PChi,Chios polis (Chios) 602 Khios - Χίος,38.3764,26.1342,polity
ethnic,Athenians,8.7,380237PAth,Athens (Attica) 9448 Athina - Αθήναι,37.9718,23.72793,polity
ethnic,Lacedaemonians,8.7,371224PSpa,Sparta/Lacedaemon (Lakonia) 5559 Sparti - Σπάρτα,37.0821,22.4237,polity
place,Corinth,8.7,379229PKor,Corinth/Korinthos (Korinthia) 1749 Archaia Korinthos - Κόρινθος,37.9054,22.8802,polity
place,Isthmus,8.7,379230LIst,Isthmus (Korinthia) 240 Isthmia - Ισθμός,37.928,22.973,sanctuary/temple
place,Lesbos,8.7,392261ILes,Lesbos (Lesbos) 438 Lesbos - Λέσβος,39.2075,26.2,island
place,Decelea,8.70,382238DDek,Dekeleia (Attica) 104 Tatoi - Δεκέλεια,38.151,23.794,deme
person,Lacedaemonian,8.70,371224PSpa,Sparta/Lacedaemon (Lakonia) 5559 Sparti - Σπάρτα,37.0821,22.4237,polity
ethnic,Athenians,8.71,380237PAth,Athens (Attica) 9448 Athina - Αθήναι,37.9718,23.72793,polity
demonym,Lacedaemonian,8.71,371224PSpa,Sparta/Lacedaemon (Lakonia) 5559 Sparti - Σπάρτα,37.0821,22.4237,polity
place,Peloponnese,8.71,375222RPel,Peloponnese (Hellas) 1736 Peloponisos - Πελοπόννησος,37.54,22.15,region/people
place,Decelea,8.71,382238DDek,Dekeleia (Attica) 104 Tatoi - Δεκέλεια,38.151,23.794,deme
place,Long Walls,8.71,380237FLW1,S Long Wall 1 (Athens) 41 Tauros - Μακρά Τείχη,37.96235,23.7026,fortification
place,Attica,8.71,379239RAtt,Attica region (Hellas) 1518 Attiki - Αττική,37.9,23.9,region/people
ethnic,Athenians,8.72,380237PAth,Athens (Attica) 9448 Athina - Αθήναι,37.9718,23.72793,polity
place,Samos,8.72,377269PSam,Samos (Aegean) 872 Pythagoreio - Σάμος,37.695,26.935,polity
ethnic,Athenians,8.73,380237PAth,Athens (Attica) 9448 Athina - Αθήναι,37.9718,23.72793,polity
demonym,Samian,8.73,377269PSam,Samos (Aegean) 872 Pythagoreio - Σάμος,37.695,26.935,polity
ethnic,Samians,8.74,377269PSam,Samos (Aegean) 872 Pythagoreio - Σάμος,37.695,26.935,polity
demonym,Athenian,8.74,380237PAth,Athens (Attica) 9448 Athina - Αθήναι,37.9718,23.72793,polity
place,Euboea,8.74,385239IEub,Euboia (Euboea) 740 Evia - Εύβοια,38.53,23.87,island
ethnic,Peloponnesians,8.75,375222RPel,Peloponnese (Hellas) 1736 Peloponisos - Πελοπόννησος,37.54,22.15,region/people
ethnic,Samians,8.75,377269PSam,Samos (Aegean) 872 Pythagoreio - Σάμος,37.695,26.935,polity
place,Miletus,8.75,375273PMil,Miletus (Ionia) 729 Milet - Μίλητος,37.5292,27.2775,polity
ethnic,Athenians,8.76,380237PAth,Athens (Attica) 9448 Athina - Αθήναι,37.9718,23.72793,polity
place,Samos,8.76,377269PSam,Samos (Aegean) 872 Pythagoreio - Σάμος,37.695,26.935,polity
place,Piraeus,8.76,379236HPei,Piraeus (Attica) 498 Piraeus - Πειραιεύς,37.9394,23.6448,deme
place,Samos,8.77,377269PSam,Samos (Aegean) 872 Pythagoreio - Σάμος,37.695,26.935,polity
place,Delos,8.77,374253PDel,Delos (Cyclades) 404 Dilos - Δήλος,37.398,25.267,polity
ethnic,Athenians,8.78,380237PAth,Athens (Attica) 9448 Athina - Αθήναι,37.9718,23.72793,polity
ethnic,Syracusans,8.78,371153PSyr,Syracuse (Sicily) 1628 Siracusa - Συράκουσαι,37.0639,15.293,polity
demonym,Peloponnesian,8.78,375222RPel,Peloponnese (Hellas) 1736 Peloponisos - Πελοπόννησος,37.54,22.15,region/people
demonym,Phoenician,8.78,335354RPho,Phoenicia (Lebanon) 1083 Lebanon - Φοινική,33.5,35.4,region/people
place,Miletus,8.78,375273PMil,Miletus (Ionia) 729 Milet - Μίλητος,37.5292,27.2775,polity
ethnic,Milesians,8.79,375273PMil,Miletus (Ionia) 729 Milet - Μίλητος,37.5292,27.2775,polity
ethnic,Athenians,8.79,380237PAth,Athens (Attica) 9448 Athina - Αθήναι,37.9718,23.72793,polity
ethnic,Peloponnesians,8.79,375222RPel,Peloponnese (Hellas) 1736 Peloponisos - Πελοπόννησος,37.54,22.15,region/people
place,Samos,8.79,377269PSam,Samos (Aegean) 872 Pythagoreio - Σάμος,37.695,26.935,polity
place,Mycale,8.79,377271LMyc,Mykale Mt. (Ionia) 88 Samsun Dag - Μυκάλη,37.6667,27.0833,mountain
place,Glauce,8.79,377270UGla,Glauke (Ionia) 1 Dip Burun - Γλαύκη,37.661,27.0096,harbor
place,Mycale,8.79,377271LMyc,Mykale Mt. (Ionia) 88 Samsun Dag - Μυκάλη,37.6667,27.0833,mountain
place,Hellespont,8.79,402264WHel,Hellespont (Thrace) 730 Dardanelles - Ελλήσποντός,40.2,26.4,sea/strait
place,Chios,8.79,384261PChi,Chios polis (Chios) 602 Khios - Χίος,38.3764,26.1342,polity
place,Abydos,8.79,402264PAby,Abydos (Troad) 215 Nara Burnu - Άβυδος,40.1951,26.4091,polity
place,Mycale,8.79,377271LMyc,Mykale Mt. (Ionia) 88 Samsun Dag - Μυκάλη,37.6667,27.0833,mountain
ethnic,Lacedaemonians,8.8,371224PSpa,Sparta/Lacedaemon (Lakonia) 5559 Sparti - Σπάρτα,37.0821,22.4237,polity
ethnic,Athenians,8.8,380237PAth,Athens (Attica) 9448 Athina - Αθήναι,37.9718,23.72793,polity
place,Chios,8.8,384261PChi,Chios polis (Chios) 602 Khios - Χίος,38.3764,26.1342,polity
place,Corinth,8.8,379229PKor,Corinth/Korinthos (Korinthia) 1749 Archaia Korinthos - Κόρινθος,37.9054,22.8802,polity
place,Laconia,8.8,370225RLak,Lakonia region (Peloponnese) 790 Lakonia - Λακωνική,37.001,22.5,region/people
place,Lesbos,8.8,392261ILes,Lesbos (Lesbos) 438 Lesbos - Λέσβος,39.2075,26.2,island
place,Hellespont,8.8,402264WHel,Hellespont (Thrace) 730 Dardanelles - Ελλήσποντός,40.2,26.4,sea/strait
place,Isthmus,8.8,379230LIst,Isthmus (Korinthia) 240 Isthmia - Ισθμός,37.928,22.973,sanctuary/temple
ethnic,Peloponnesians,8.80,375222RPel,Peloponnese (Hellas) 1736 Peloponisos - Πελοπόννησος,37.54,22.15,region/people
ethnic,Athenians,8.80,380237PAth,Athens (Attica) 9448 Athina - Αθήναι,37.9718,23.72793,polity
place,Byzantium,8.80,410290UByz,Byzantion (Thrace) 964 Istanbul - Βυζάντιον,41.0119,28.9836,polity
place,Delos,8.80,374253PDel,Delos (Cyclades) 404 Dilos - Δήλος,37.398,25.267,polity
place,Miletus,8.80,375273PMil,Miletus (Ionia) 729 Milet - Μίλητος,37.5292,27.2775,polity
place,Hellespont,8.80,402264WHel,Hellespont (Thrace) 730 Dardanelles - Ελλήσποντός,40.2,26.4,sea/strait
place,Samos,8.80,377269PSam,Samos (Aegean) 872 Pythagoreio - Σάμος,37.695,26.935,polity
person,Megarian,8.80,380233PMeg,Megara (Megarid) 713 Megara - Μέγαρα,37.997,23.34285,polity
ethnic,Peloponnesians,8.81,375222RPel,Peloponnese (Hellas) 1736 Peloponisos - Πελοπόννησος,37.54,22.15,region/people
ethnic,Athenians,8.81,380237PAth,Athens (Attica) 9448 Athina - Αθήναι,37.9718,23.72793,polity
demonym,Phoenician,8.81,335354RPho,Phoenicia (Lebanon) 1083 Lebanon - Φοινική,33.5,35.4,region/people
place,Samos,8.81,377269PSam,Samos (Aegean) 872 Pythagoreio - Σάμος,37.695,26.935,polity
place,Aspendus,8.81,369312PAsp,Aspendos (Pamphylia) 71 Belkis - Άσπενδος,36.939,31.172,polity
ethnic,Athenians,8.82,380237PAth,Athens (Attica) 9448 Athina - Αθήναι,37.9718,23.72793,polity
place,Piraeus,8.82,379236HPei,Piraeus (Attica) 498 Piraeus - Πειραιεύς,37.9394,23.6448,deme
ethnic,Peloponnesians,8.83,375222RPel,Peloponnese (Hellas) 1736 Peloponisos - Πελοπόννησος,37.54,22.15,region/people
ethnic,Athenians,8.83,380237PAth,Athens (Attica) 9448 Athina - Αθήναι,37.9718,23.72793,polity
place,Miletus,8.83,375273PMil,Miletus (Ionia) 729 Milet - Μίλητος,37.5292,27.2775,polity
ethnic,Milesians,8.84,375273PMil,Miletus (Ionia) 729 Milet - Μίλητος,37.5292,27.2775,polity
ethnic,Syracusans,8.84,371153PSyr,Syracuse (Sicily) 1628 Siracusa - Συράκουσαι,37.0639,15.293,polity
ethnic,Lacedaemonians,8.84,371224PSpa,Sparta/Lacedaemon (Lakonia) 5559 Sparti - Σπάρτα,37.0821,22.4237,polity
demonym,Thurian,8.84,397164PTho,Thourioi (Magna Graecia) 170 Sibari - Θούριοι,39.716,16.49,polity
ethnic,Milesians,8.85,375273PMil,Miletus (Ionia) 729 Milet - Μίλητος,37.5292,27.2775,polity
ethnic,Syracusans,8.85,371153PSyr,Syracuse (Sicily) 1628 Siracusa - Συράκουσαι,37.0639,15.293,polity
demonym,Peloponnesian,8.85,375222RPel,Peloponnese (Hellas) 1736 Peloponisos - Πελοπόννησος,37.54,22.15,region/people
place,Lacedaemon,8.85,371224PSpa,Sparta/Lacedaemon (Lakonia) 5559 Sparti - Σπάρτα,37.0821,22.4237,polity
place,Samos,8.85,377269PSam,Samos (Aegean) 872 Pythagoreio - Σάμος,37.695,26.935,polity
person,Carian,8.85,370287RKar,Caria region (Asia Minor) 709 W Asia Minor - Καρία,37.01,28.7,region/people
ethnic,Athenians,8.86,380237PAth,Athens (Attica) 9448 Athina - Αθήναι,37.9718,23.72793,polity
ethnic,Argives,8.86,376227PArg,Argos (Argolid) 2457 Argos - Άργος,37.63091,22.72079,polity
place,Samos,8.86,377269PSam,Samos (Aegean) 872 Pythagoreio - Σάμος,37.695,26.935,polity
place,Delos,8.86,374253PDel,Delos (Cyclades) 404 Dilos - Δήλος,37.398,25.267,polity
place,Piraeus,8.86,379236HPei,Piraeus (Attica) 498 Piraeus - Πειραιεύς,37.9394,23.6448,deme
place,Ionia,8.86,375275RIon,Ionia region (Asia Minor) 884 Izmir - Ιωνία,38.0,27.3,region/people
place,Hellespont,8.86,402264WHel,Hellespont (Thrace) 730 Dardanelles - Ελλήσποντός,40.2,26.4,sea/strait
place,Euboea,8.86,385239IEub,Euboia (Euboea) 740 Evia - Εύβοια,38.53,23.87,island
place,Lacedaemon,8.86,371224PSpa,Sparta/Lacedaemon (Lakonia) 5559 Sparti - Σπάρτα,37.0821,22.4237,polity
ethnic,Peloponnesians,8.87,375222RPel,Peloponnese (Hellas) 1736 Peloponisos - Πελοπόννησος,37.54,22.15,region/people
ethnic,Athenians,8.87,380237PAth,Athens (Attica) 9448 Athina - Αθήναι,37.9718,23.72793,polity
ethnic,Phoenicians,8.87,335354RPho,Phoenicia (Lebanon) 1083 Lebanon - Φοινική,33.5,35.4,region/people
ethnic,Lacedaemonians,8.87,371224PSpa,Sparta/Lacedaemon (Lakonia) 5559 Sparti - Σπάρτα,37.0821,22.4237,polity
place,Aspendus,8.87,369312PAsp,Aspendos (Pamphylia) 71 Belkis - Άσπενδος,36.939,31.172,polity
place,Aspendus,8.87,369312PAsp,Aspendos (Pamphylia) 71 Belkis - Άσπενδος,36.939,31.172,polity
place,Aspendus,8.87,369312PAsp,Aspendos (Pamphylia) 71 Belkis - Άσπενδος,36.939,31.172,polity
place,Aspendus,8.87,369312PAsp,Aspendos (Pamphylia) 71 Belkis - Άσπενδος,36.939,31.172,polity
place,Aspendus,8.87,369312PAsp,Aspendos (Pamphylia) 71 Belkis - Άσπενδος,36.939,31.172,polity
place,Aspendus,8.87,369312PAsp,Aspendos (Pamphylia) 71 Belkis - Άσπενδος,36.939,31.172,polity
ethnic,Athenians,8.88,380237PAth,Athens (Attica) 9448 Athina - Αθήναι,37.9718,23.72793,polity
ethnic,Peloponnesians,8.88,375222RPel,Peloponnese (Hellas) 1736 Peloponisos - Πελοπόννησος,37.54,22.15,region/people
demonym,Phoenician,8.88,335354RPho,Phoenicia (Lebanon) 1083 Lebanon - Φοινική,33.5,35.4,region/people
place,Aspendus,8.88,369312PAsp,Aspendos (Pamphylia) 71 Belkis - Άσπενδος,36.939,31.172,polity
place,Samos,8.88,377269PSam,Samos (Aegean) 872 Pythagoreio - Σάμος,37.695,26.935,polity
place,Phaselis,8.88,365306PPha,Phaselis (Lycia) 91 Tekirova - Φασηλίς,36.524,30.552,polity
place,Caunus,8.88,368286UKau,Kaunos (Caria) 84 Dalyan - Καύνος,36.8259,28.6215,polity
ethnic,Peloponnesians,8.89,375222RPel,Peloponnese (Hellas) 1736 Peloponisos - Πελοπόννησος,37.54,22.15,region/people
place,Samos,8.89,377269PSam,Samos (Aegean) 872 Pythagoreio - Σάμος,37.695,26.935,polity
place,Athens,8.89,380237PAth,Athens (Attica) 9448 Athina - Αθήναι,37.9718,23.72793,polity
place,Lacedaemon,8.89,371224PSpa,Sparta/Lacedaemon (Lakonia) 5559 Sparti - Σπάρτα,37.0821,22.4237,polity
ethnic,Corinthians,8.9,379229PKor,Corinth/Korinthos (Korinthia) 1749 Archaia Korinthos - Κόρινθος,37.9054,22.8802,polity
ethnic,Athenians,8.9,380237PAth,Athens (Attica) 9448 Athina - Αθήναι,37.9718,23.72793,polity
ethnic,Chians,8.9,384261PChi,Chios polis (Chios) 602 Khios - Χίος,38.3764,26.1342,polity
ethnic,Peloponnesians,8.9,375222RPel,Peloponnese (Hellas) 1736 Peloponisos - Πελοπόννησος,37.54,22.15,region/people
demonym,Isthmian,8.9,379230SIst,Isthmian Poseidon sanct. (Korinthia) 184 Isthmia - Ισθμία,37.9159,22.9932,sanctuary/temple
place,Samos,8.90,377269PSam,Samos (Aegean) 872 Pythagoreio - Σάμος,37.695,26.935,polity
place,Lacedaemon,8.90,371224PSpa,Sparta/Lacedaemon (Lakonia) 5559 Sparti - Σπάρτα,37.0821,22.4237,polity
place,Eetionia,8.90,379236XEet,Eetioneia (Piraeus) 12 Megas Limen - Ηετιώνεια,37.9465,23.6344,gateway
place,Athens,8.90,380237PAth,Athens (Attica) 9448 Athina - Αθήναι,37.9718,23.72793,polity
place,Eetionia,8.90,379236XEet,Eetioneia (Piraeus) 12 Megas Limen - Ηετιώνεια,37.9465,23.6344,gateway
place,Piraeus,8.90,379236HPei,Piraeus (Attica) 498 Piraeus - Πειραιεύς,37.9394,23.6448,deme
place,Eetionia,8.90,379236XEet,Eetioneia (Piraeus) 12 Megas Limen - Ηετιώνεια,37.9465,23.6344,gateway
ethnic,Euboeans,8.91,385239IEub,Euboia (Euboea) 740 Evia - Εύβοια,38.53,23.87,island
place,Lacedaemon,8.91,371224PSpa,Sparta/Lacedaemon (Lakonia) 5559 Sparti - Σπάρτα,37.0821,22.4237,polity
place,Peloponnese,8.91,375222RPel,Peloponnese (Hellas) 1736 Peloponisos - Πελοπόννησος,37.54,22.15,region/people
place,Locri,8.91,382162PLoc,Locris (Italy) 225 Locri - Λοκροί Επιζεφύριοι,38.216,16.229,polity
place,Tarentum,8.91,405172PTar,Taras or Tarentum (Italy) 564 Taranto - Τάρας,40.476,17.228,polity
place,Las,8.91,367225PLas,Las (Lakonia) 30 Passavas - Λάς,36.7255,22.4982,polity
place,Laconia,8.91,370225RLak,Lakonia region (Peloponnese) 790 Lakonia - Λακωνική,37.001,22.5,region/people
place,Eetionia,8.91,379236XEet,Eetioneia (Piraeus) 12 Megas Limen - Ηετιώνεια,37.9465,23.6344,gateway
place,Lacedaemon,8.92,371224PSpa,Sparta/Lacedaemon (Lakonia) 5559 Sparti - Σπάρτα,37.0821,22.4237,polity
place,Las,8.92,367225PLas,Las (Lakonia) 30 Passavas - Λάς,36.7255,22.4982,polity
place,Epidaurus,8.92,376232PEpi,Epidauros (Argolid) 206 Archaia Epidauros - Επίδαυρος,37.6331,23.1617,polity
place,Aegina,8.92,378234PAig,Aigina polis (Aegina) 464 Aigina - Αίγινα,37.75,23.425,polity
place,Euboea,8.92,385239IEub,Euboia (Euboea) 740 Evia - Εύβοια,38.53,23.87,island
place,Piraeus,8.92,379236HPei,Piraeus (Attica) 498 Piraeus - Πειραιεύς,37.9394,23.6448,deme
place,Eetionia,8.92,379236XEet,Eetioneia (Piraeus) 12 Megas Limen - Ηετιώνεια,37.9465,23.6344,gateway
place,Munychia,8.92,379237HMou,Mounichia (Piraeus) 94 Tourkolimani - Μουνιχία,37.938,23.658,harbor
person,Argive,8.92,376227PArg,Argos (Argolid) 2457 Argos - Άργος,37.63091,22.72079,polity
person,Pharsalian,8.92,393224UPha,Pharsalos (Thessaly) 250 Pharsala - Φάρσαλος,39.2883,22.3869,polity
place,Piraeus,8.93,379236HPei,Piraeus (Attica) 498 Piraeus - Πειραιεύς,37.9394,23.6448,deme
place,Munychia,8.93,379237HMou,Mounichia (Piraeus) 94 Tourkolimani - Μουνιχία,37.938,23.658,harbor
place,Anaceium,8.93,380237SAna,Anakeion (Athens) 13 Plaka - Ανακείον,37.9713,23.7293,sanctuary/temple
place,Dionysion,8.93,380237BDio,Dionysos Theatre (Athens) 83 Athens - θέατρο του Διονύσου,37.9703,23.7278,theatre
ethnic,Athenians,8.94,380237PAth,Athens (Attica) 9448 Athina - Αθήναι,37.9718,23.72793,polity
place,theatre,8.94,380237BDio,Dionysos Theatre (Athens) 83 Athens - θέατρο του Διονύσου,37.9703,23.7278,theatre
place,Megara,8.94,380233PMeg,Megara (Megarid) 713 Megara - Μέγαρα,37.997,23.34285,polity
place,Salamis,8.94,379235PSal,Salamis (Salamis) 266 Ambelaki - Σαλαμίς,37.952,23.5408,polity
place,Epidaurus,8.94,376232PEpi,Epidauros (Argolid) 206 Archaia Epidauros - Επίδαυρος,37.6331,23.1617,polity
place,Piraeus,8.94,379236HPei,Piraeus (Attica) 498 Piraeus - Πειραιεύς,37.9394,23.6448,deme
ethnic,Athenians,8.95,380237PAth,Athens (Attica) 9448 Athina - Αθήναι,37.9718,23.72793,polity
ethnic,Eretrians,8.95,384238PEre,Eretria (Euboea) 227 Eretria - Ερέτρια,38.3982,23.7905,polity
ethnic,Peloponnesians,8.95,375222RPel,Peloponnese (Hellas) 1736 Peloponisos - Πελοπόννησος,37.54,22.15,region/people
place,Sunium,8.95,376240LSou,Sounion cape (Attica) 89 Sounio - Σούνιον,37.6498,24.0247,sanctuary/temple
place,here?,8.95,378240DDei,Deiradiotai (Attica) 7 Daskalio - Δειράδες,37.8242,24.0413,deme
place,Thoricus,8.95,377241DTho,Thorikos (Attica) 33 Thorikos - Θορικός,37.7392,24.0516,deme
place,Prasiae,8.95,379240DPra,Prasiai (Attica) 8 S Prasies - Πρασία,37.8652,24.0376,deme
place,Oropus,8.95,383238POro,Oropos (Attica) 113 Skala Oropou - Ωρωπός,38.3195,23.79,polity
place,Euboea,8.95,385239IEub,Euboia (Euboea) 740 Evia - Εύβοια,38.53,23.87,island
place,Attica,8.95,379239RAtt,Attica region (Hellas) 1518 Attiki - Αττική,37.9,23.9,region/people
place,Chalcis,8.95,385236PCha,Chalkis (Euboea) 435 Chalkida - Χάλκις,38.4597,23.6153,polity
place,Oreus,8.95,389231UOre,Oreos (Euboea) 91 Orei - Ωρεός,38.9513,23.096,polity
ethnic,Lacedaemonians,8.96,371224PSpa,Sparta/Lacedaemon (Lakonia) 5559 Sparti - Σπάρτα,37.0821,22.4237,polity
ethnic,Athenians,8.96,380237PAth,Athens (Attica) 9448 Athina - Αθήναι,37.9718,23.72793,polity
ethnic,Syracusans,8.96,371153PSyr,Syracuse (Sicily) 1628 Siracusa - Συράκουσαι,37.0639,15.293,polity
place,Euboea,8.96,385239IEub,Euboia (Euboea) 740 Evia - Εύβοια,38.53,23.87,island
place,Sicily,8.96,376145RSic,Sicily region (Italy) 3245 Sicilia - Σικελία,37.6,14.5,region/people
place,Samos,8.96,377269PSam,Samos (Aegean) 872 Pythagoreio - Σάμος,37.695,26.935,polity
place,Attica,8.96,379239RAtt,Attica region (Hellas) 1518 Attiki - Αττική,37.9,23.9,region/people
place,Piraeus,8.96,379236HPei,Piraeus (Attica) 498 Piraeus - Πειραιεύς,37.9394,23.6448,deme
place,Ionia,8.96,375275RIon,Ionia region (Asia Minor) 884 Izmir - Ιωνία,38.0,27.3,region/people
place,Hellespont,8.96,402264WHel,Hellespont (Thrace) 730 Dardanelles - Ελλήσποντός,40.2,26.4,sea/strait
ethnic,Athenians,8.97,380237PAth,Athens (Attica) 9448 Athina - Αθήναι,37.9718,23.72793,polity
place,Pnyx,8.97,380237BPny,Pnyx (Athens) 47 Pnyka - Πνύξ,37.9715,23.7193,theatre
place,Samos,8.97,377269PSam,Samos (Aegean) 872 Pythagoreio - Σάμος,37.695,26.935,polity
ethnic,Athenians,8.98,380237PAth,Athens (Attica) 9448 Athina - Αθήναι,37.9718,23.72793,polity
ethnic,Corinthians,8.98,379229PKor,Corinth/Korinthos (Korinthia) 1749 Archaia Korinthos - Κόρινθος,37.9054,22.8802,polity
ethnic,Boeotians,8.98,384233RBoi,Boiotia region (Boeotia) 1673 Viotia - Βοιωτία,38.35,23.25,region/people
ethnic,Lacedaemonians,8.98,371224PSpa,Sparta/Lacedaemon (Lakonia) 5559 Sparti - Σπάρτα,37.0821,22.4237,polity
place,Decelea,8.98,382238DDek,Dekeleia (Attica) 104 Tatoi - Δεκέλεια,38.151,23.794,deme
place,Oenoe,8.98,382234DOin,Oinoe (Attica) 15 Oinoi - Οινόη,38.168,23.449,deme
place,Oenoe,8.98,382234DOin,Oinoe (Attica) 15 Oinoi - Οινόη,38.168,23.449,deme
place,Oenoe,8.98,382234DOin,Oinoe (Attica) 15 Oinoi - Οινόη,38.168,23.449,deme
ethnic,Peloponnesians,8.99,375222RPel,Peloponnese (Hellas) 1736 Peloponisos - Πελοπόννησος,37.54,22.15,region/people
demonym,Phoenician,8.99,335354RPho,Phoenicia (Lebanon) 1083 Lebanon - Φοινική,33.5,35.4,region/people
demonym,Spartan,8.99,371224PSpa,Sparta/Lacedaemon (Lakonia) 5559 Sparti - Σπάρτα,37.0821,22.4237,polity
place,Miletus,8.99,375273PMil,Miletus (Ionia) 729 Milet - Μίλητος,37.5292,27.2775,polity
place,Aspendus,8.99,369312PAsp,Aspendos (Pamphylia) 71 Belkis - Άσπενδος,36.939,31.172,polity
place,Phaselis,8.99,365306PPha,Phaselis (Lycia) 91 Tekirova - Φασηλίς,36.524,30.552,polity
place,Athens,8.99,380237PAth,Athens (Attica) 9448 Athina - Αθήναι,37.9718,23.72793,polity
place,Samos,8.99,377269PSam,Samos (Aegean) 872 Pythagoreio - Σάμος,37.695,26.935,polity
place,Hellespont,8.99,402264WHel,Hellespont (Thrace) 730 Dardanelles - Ελλήσποντός,40.2,26.4,sea/strait
place,Chersonese,8.99,403265LChe,Chersonesus (Thrace) 293 Gallipoli Peninsula - Χερσόνησος,40.3333,26.5,region/people
place,Icarus,8.99,378263IIka,Ikaros (Ikaria) 78 Ikaria - Ίκαρος,37.6,26.2,island
place,Chios,8.99,384261PChi,Chios polis (Chios) 602 Khios - Χίος,38.3764,26.1342,polity
